Workbook
Name PartsMaster: Parts[#All]

Sheet PartsMaster
A1: Jaguar PN (S) | B1: Model | C1: Part | D1: Stock | E1: Jaguar ProdName | F1: VINmin | G1: VINmax | H1: Part type | I1: Functionality | J1: Int / Ext / Engine Bay / Trunk | K1: Loc | L1: LocSide | M1: LocVertical | N1: LocPos | O1: Colour/Trim | P1: Superseded PNs | Q1: Vendor Part Name | R1: Vendor PN | S1: Price EU euro | T1: eBay Listed | U1: Price Euro | V1: Price PoundS | W1: PackSize XS/S/M/L/XL/C | X1: Shipping Inc/Exl | Y1: URL | Z1: Referrence Document | AA1: Special Notes | AB1: Vendor / Donor Car | AC1: Donor Mileage Kilometers | AD1: Vendors | AE1: Stock value
A2: ACC1269KIT | B2: Jaguar XK8 XKR X100 | C2: Timing Chain Service Kit (no Crank Bold) | D2: 0 | H2: Kit | I2: Engine Timing | Q2: TIMING GEAR SERVICE KIT | R2: ACC1269KIT | T2: 0 | AB2: British Parts | AC2: =68000*1.61 -> 109480 | AE2: =S2*D2 -> 0
A3: AGU2436J | B3: Jaguar XK8 XKR X100 | C3: Wheelarch Liner - Plastic push on nut | H3: Bolt / Screw | I3: Mounting | J3: Exterior | K3: Front/Rear | L3: Left/Right | Q3: NUT-PLASTIC | R3: =A3 -> AGU2436J | T3: 0 | U3: £0.47 | AB3: SNG Barratt | AC3: =68000*1.61 -> 109480 | AE3: =S3*D3 -> 0
A4: AGU2530 | B4: Jaguar XK8 XKR X100 | C4: Trunk lining mount rivets | D4: 6 | E4: Trunc Lid Liner Push in fastener | H4: Interior trim | I4: Fastener / Fir-tree / Rivet | K4: Rear | M4: Top | Q4: FASTENER-PUS | R4: =A4 -> AGU2530 | S4: 1 | T4: 0 | U4: =Parts[[#This Row],[Price EU euro]] -> 1 | V4: =Parts[[#This Row],[Price Euro]]/1.16 -> 0.86206897 | X4: 2 | AB4: Dismantled from bottom & engine damaged MY1997 XK8 Convertible VIN 0136xx | AC4: =68000*1.61 -> 109480 | AE4: =S4*D4 -> 6
A5: AJ82217KIT1A | B5: Jaguar XK8 XKR X100 | C5: =Q5 -> THERMOSTAT KIT-ALUMINIUM | D5: 0 | H5: Kit | I5: Engine Cooling | Q5: THERMOSTAT KIT-ALUMINIUM | R5: =A5 -> AJ82217KIT1A | T5: 0 | AB5: British Parts | AC5: =68000*1.61 -> 109480 | AE5: =S5*D5 -> 0
A6: AJ82325 | B6: Jaguar XK8 XKR X100 | C6: Timing Chain Tensioner Primary | D6: 1 | F6: X100, 1996 - X308, 1997 | G6: X100, 2006 - X308, 2002 | H6: Chain tensioner | I6: Engine Timing | Q6: TIMING CHAIN TENSIONER | R6: =A6 -> AJ82325 | T6: 0 | AB6: British Parts | AC6: =68000*1.61 -> 109480 | AE6: =S6*D6 -> 0
A7: AJ82856 | B7: Jaguar XK8 XKR X100 | C7: =Q7 -> CAMSHAFT COVER SEAL-VVT | H7: Gasket / Seal / O-Ring | I7: Engine Oil | Q7: CAMSHAFT COVER SEAL-VVT | R7: =A7 -> AJ82856 | T7: 0 | AB7: British Parts | AC7: =68000*1.61 -> 109480 | AE7: =S7*D7 -> 0
A8: AJ82856 | B8: Jaguar XK8 XKR X100 XJ8 XJR X308 | C8: Seal Camshaft Cover VVT | F8: X100, 1996 - X308, 1997 | G8: X100, 2006 - X308, 2002 | H8: Seal / Insulation | R8: AJ82856 | T8: 0 | AC8: =68000*1.61 -> 109480 | AE8: =S8*D8 -> 0
A9: AJ83698 | B9: Jaguar XK8 XKR X100 | C9: =Q9 -> OIL SEAL-CRANKSHAFT | H9: Gasket / Seal / O-Ring | I9: Engine Oil | Q9: OIL SEAL-CRANKSHAFT | R9: =A9 -> AJ83698 | T9: 0 | AB9: British Parts | AC9: =68000*1.61 -> 109480 | AE9: =S9*D9 -> 0
A10: AJ83699 | B10: Jaguar XK8 XKR X100 XJ8 XJR X308 | C10: Timing Cover Seal Inner | F10: X100, 1996 - X308, 1997 | G10: X100, 2006 - X308, 2002 | H10: Gasket / Seal / O-Ring | I10: Engine timing | Q10: Timing Cover Seal Inner | R10: AJ83699 | T10: 0 | AC10: =68000*1.61 -> 109480 | AE10: =S10*D10 -> 0
A11: AJ83744 | B11: Jaguar XK8 XKR X100 | C11: Crankshaft Oil Seal | H11: Gasket / Seal / O-Ring | I11: Engine Oil | Q11: OIL SEAL-CRANKSHAFT | R11: =A11 -> AJ83744 | T11: 0 | AB11: British Parts | AC11: =68000*1.61 -> 109480 | AE11: =S11*D11 -> 0
A12: AJ86484 | B12: Jaguar XK8 XKR X100 | C12: =Q12 -> THERMOSTAT | D12: 0 | H12: Switch | I12: Engine Cooling | Q12: THERMOSTAT | R12: =A12 -> AJ86484 | T12: 0 | AB12: British Parts | AC12: =68000*1.61 -> 109480 | AE12: =S12*D12 -> 0
A13: AJ87242 | B13: Jaguar XK8 XKR X100 | C13: =Q13 -> CAMSHAFT COVER CENTRE SEAL | H13: Gasket / Seal / O-Ring | I13: Engine Oil | Q13: CAMSHAFT COVER CENTRE SEAL | R13: =A13 -> AJ87242 | T13: 0 | AB13: British Parts | AC13: =68000*1.61 -> 109480 | AE13: =S13*D13 -> 0
A14: AJ88285 | B14: Jaguar XK8 XKR X100 XJ8 XJR X308 | C14: Gasket Camshaft Cover B-Bank | F14: Engine #9810290000 | H14: Gasket / Seal / O-Ring | J14: Engine Bay | L14: Left | Q14: Cam Cover Gasket LH B Bank | R14: AJ88285 | S14: 21 | T14: 0 | AC14: =68000*1.61 -> 109480 | AE14: =S14*D14 -> 0
A15: AJ88400 | B15: Jaguar XK8 XKR X100 XJ8 XJR X308 | C15: Gasket Camshaft Cover A-Bank | F15: Engine #9810290000 | H15: Gasket / Seal / O-Ring | J15: Engine Bay | L15: Right | Q15: Cam Cover Gasket RH A Bank | R15: AJ88400 | S15: 21 | T15: 0 | AC15: =68000*1.61 -> 109480 | AE15: =S15*D15 -> 0
A16: AJ88912G | B16: Jaguar XK8 XKR X100 | C16: WATER PUMP OE | D16: 0 | H16: Pump | I16: Engine Cooling | Q16: WATER PUMP-JAGUAR | R16: AJ88912G | T16: 0 | AB16: British Parts | AC16: =68000*1.61 -> 109480 | AE16: =S16*D16 -> 0
A17: AJ88922 | B17: Jaguar XK8 XKR X100 | C17: =Q17 -> WATER PUMP GASKET | H17: Gasket / Seal / O-Ring | I17: Engine Cooling | Q17: WATER PUMP GASKET | R17: =A17 -> AJ88922 | T17: 0 | AB17: British Parts | AC17: =68000*1.61 -> 109480 | AE17: =S17*D17 -> 0
A18: AJ89909 | B18: Jaguar XK8 XKR X100 XJ8 XJR X308 | C18: Crankshaft Damper Bolt | D18: 0 | E18: Jaguar Crankshaft Front Damper Bolt | F18: XK8 4.0 V8 1996 X308 XJ8 3.2 & 4.0 V8 1998 S Type 4.0 V8 XJ X350 2003 | G18: XK8 4.0 V8 2006 X308 XJ8 3.2 & 4.0 V8 2002 S Type 4.0 V8 N52047 XJ X350 Vin G49700 | H18: Bolt / Screw | I18: Engine | J18: Engine bay | K18: Front | Q18: Crankshaft Bolt | R18: AJ89909 | T18: 0 | U18: £7.36 | AB18: British Parts | AC18: =68000*1.61 -> 109480 | AE18: =S18*D18 -> 0
A19: AJ89986 | B19: Jaguar XK8 XKR X100 | C19: =Q19 -> CYLINDER HEAD BOLT | H19: Bolt / Screw | I19: Engine | Q19: CYLINDER HEAD BOLT | R19: =A19 -> AJ89986 | T19: 0 | AB19: British Parts | AC19: =68000*1.61 -> 109480 | AE19: =S19*D19 -> 0
A20: Balljoint-Boot | B20: Jaguar XK8 XKR X100 XJ8 XJR X308 | C20: Ball joint boot | D20: 4 | E20: N/A | F20: X100 MY1996 - X308 MY1998 | G20: X100 MY2006 - X308 All | H20: Boot | I20: Suspension | J20: Exterior | K20: Front | L20: Left/Right | M20: Top(?) | S20: 2 | U20: =Parts[[#This Row],[Stock]]*Parts[[#This Row],[Price EU euro]] -> 8 | W20: S | Z20: https://www.motonet.fi/fi/kategoria/887/1002746/Alustan-yleisvaraosat | AA20: Not known if these are for upper or lower ball joints. | AE20: =S20*D20 -> 8
A21: BCC9610 JZS100041 | B21: Jaguar XK8 XKR X100 | C21: Seat - Mount Torx | H21: Bolt / Screw | I21: Mounting | K21: Front | L21: Left/Right | M21: Low | Q21: SCREW-TORX | R21: JZS100041 | T21: 0 | U21: £0.46 | AB21: SNG Barrat | AC21: =68000*1.61 -> 109480 | AE21: =S21*D21 -> 0
A22: C21069 | B22: Jaguar XK8 XKR X100 | C22: Seat - Mount Washer | H22: Washer | I22: Mounting | K22: Front | L22: Left/Right | M22: Low | Q22: WASHER | R22: =A22 -> C21069 | T22: 0 | U22: £1.01 | AB22: SNG Barrat | AC22: =68000*1.61 -> 109480 | AE22: =S22*D22 -> 0
A23: C2A1497 | B23: Jaguar XK8 XKR X100 XJ8 XJR X308 | C23: Timing Chain Tensioner Blade | F23: X100, 1996 - X308, 1998 | G23: X100-X308 Engine #0108122359 | H23: Chain guide / Blade | I23: Engine Timing | Q23: Timing Chain Tensioner Blade | R23: =A23 -> C2A1497 | T23: 0 | AB23: British Parts | AC23: =68000*1.61 -> 109480 | AE23: =S23*D23 -> 0
A24: C2A1511 | B24: Jaguar XK8 XKR X100 XJ8 XJR X308 | C24: Timing Chain Tensioner Secondary RH A Bank | F24: X100, 1996 - X308, 1997 | G24: X100, 2006 - X308, 2002 | H24: Chain tensioner | I24: Engine Timing | Q24: TIMING CHAIN TENSIONER | R24: =A24 -> C2A1511 | T24: 0 | AB24: British Parts | AC24: =68000*1.61 -> 109480 | AE24: =S24*D24 -> 0
A25: C2A1512 | B25: Jaguar XK8 XKR X100 XJ8 XJR X308 | C25: Timing Chain Tensioner Secondary LH B Bank | F25: X100, 1996 - X308, 1997 | G25: X100, 2006 - X308, 2002 | H25: Chain tensioner | I25: Engine Timing | Q25: TIMING CHAIN TENSIONER | R25: =A25 -> C2A1512 | T25: 0 | AB25: British Parts | AC25: =68000*1.61 -> 109480 | AE25: =S25*D25 -> 0
A26: C2C1127 | B26: Jaguar S-Type X200 | C26: Starter Motor | D26: 1 | E26: S-TYPE/BATTERY/STARTER MOTOR/ALTERNATOR/STARTER MOTOR | G26: M45254 | H26: Motor | I26: Start | J26: Engine bay | K26: Front | L26: NA | M26: NA | N26: NA | O26: NA | Q26: Starter Motor | R26: XW4U-11000-AC | S26: 65 | T26: 1 | U26: 65 | X26: included | AB26: Extra working spare | AC26: =68000*1.61 -> 109480 | AD26: SJ | AE26: =S26*D26 -> 65
A27: C2C22758 | B27: Jaguar XK8 XKR X100 | C27: Engine Drive Belt Idler Pulley (kia?) | D27: 0 | F27: XK8 4.0 V8 1996 X308 XJ8 & XJR V8 1997 S Type V8 2002 M45255 | G27: XK8 2006 X308 XJ8 & XJR V8 2002 S Type V8 2009 | I27: Engine | Q27: Idler Pulley | R27: =A27 -> C2C22758 | T27: 0 | U27: £29.99 | AC27: =68000*1.61 -> 109480 | AE27: =S27*D27 -> 0
A28: C2C6884 | B28: Jaguar XJ8 XJR X308 | C28: Cabin Fresh Air Pollen Filter | H28: Filter | S28: 20 | T28: 0 | AC28: =68000*1.61 -> 109480 | AE28: =S28*D28 -> 0
A29: C2S9354020 / KRS113230 | B29: Jaguar XK8 XKR X100 | C29: Wheelarch Liner - Plastic Screw rivet | H29: Bolt / Screw | I29: Mounting | J29: Exterior | K29: Front | L29: Left/Right | Q29: RIVET | R29: C2S9354020 | T29: 0 | U29: £0.26 | AB29: SNG Barratt | AC29: =68000*1.61 -> 109480 | AE29: =S29*D29 -> 0
A30: CAC4610 | B30: Jaguar XK8 XKR X100 XJ6 X300 XJ8 X308 | C30: Bearing Hub Pivot | D30: 2 | E30: STEERING AND SUSPENSION/HUB AND CARRIER-REAR - Taper roller bearing | H30: Bearing | I30: Bearing | K30: Rear | L30: Left/right | M30: Bottom | N30: N/A | Q30: Hub Pivot Bearing | R30: =A30 -> CAC4610 | S30: 15 | T30: 0 | U30: =S30 -> 15 | X30: excluded | AB30: new extra spare | AC30: =68000*1.61 -> 109480 | AD30: JP | AE30: =S30*D30 -> 30
A31: CAC6332 | B31: Jaguar XK8 XKR X100 | C31: Wheel Bearing - Inner | D31: 0 | E31: STEERING AND SUSPENSION/HUB AND CARRIER-REAR - Hub bearing inner | F31: 0 | G31: 031302 | H31: Bearing | I31: Bearing | K31: Rear | L31: Left/Right | R31: =A31 -> CAC6332 | T31: 0 | AC31: =68000*1.61 -> 109480 | AE31: =S31*D31 -> 0
A32: CAC6333 | B32: Jaguar XK8 XKR X100 | C32: Wheel Bearing - Outer | E32: STEERING AND SUSPENSION/HUB AND CARRIER-REAR - Hub bearing outer rear | H32: Bearing | I32: Bearing | K32: Rear | L32: Left/Right | R32: =A32 -> CAC6333 | T32: 0 | AC32: =68000*1.61 -> 109480 | AE32: =S32*D32 -> 0
A33: CAC89682 | B33: Jaguar XK8 XKR X100 | C33: =Q33 -> FUEL FILTER O-RING | H33: Gasket / Seal / O-Ring | I33: Fuel System | Q33: FUEL FILTER O-RING | R33: =A33 -> CAC89682 | T33: 0 | AB33: British Parts | AC33: =68000*1.61 -> 109480 | AE33: =S33*D33 -> 0
A34: CBC1706 | B34: Jaguar XK8 XKR X100 | C34: Wheel Bearing Seal - Inner | E34: STEERING AND SUSPENSION/HUB AND CARRIER-REAR - Inner Seal | H34: Seal / Insulation | I34: Bearing | K34: Rear | L34: Left/Right | R34: =A34 -> CBC1706 | T34: 0 | AC34: =68000*1.61 -> 109480 | AE34: =S34*D34 -> 0
A35: CBC2268 | B35: Jaguar XK8 XKR X100 | C35: Halfshaft | D35: 1 | E35: TRANSMISSION AND DRIVELINE/HALFSHAFTS - Halfshaft | H35: Suspention/rear | I35: Shaft | K35: Rear | L35: Left/Right | M35: Bottom | O35: Black | Q35: Halfshaft | R35: =A35 -> CBC2268 | S35: 95 | T35: 0 | X35: included | AB35: Dismantled from bottom & engine damaged MY1997 XK8 Convertible VIN 0136xx | AC35: =68000*1.61 -> 109480 | AD35: KK | AE35: =S35*D35 -> 95
A36: CBC2964 | B36: Jaguar XK8 XKR X100 | C36: Rear upper link | D36: 1 | E36: STEERING AND SUSPENTION/SUBFRAME AND MOUNTINGS-REAR - Link | H36: Suspention/rear | I36: Mounting | K36: Rear | L36: Right | M36: Bottom | O36: Black | R36: =A36 -> CBC2964 | S36: 55 | T36: 0 | X36: included | AB36: Dismantled from bottom & engine damaged MY1997 XK8 Convertible VIN 0136xx | AC36: =68000*1.61 -> 109480 | AD36: KK | AE36: =S36*D36 -> 55
A37: CBC2965 | B37: Jaguar XK8 XKR X100 | C37: Rear upper link | D37: 1 | E37: STEERING AND SUSPENTION/SUBFRAME AND MOUNTINGS-REAR - Link | H37: Suspention/rear | I37: Mounting | K37: Rear | L37: Left | M37: Bottom | O37: Black | R37: =A37 -> CBC2965 | S37: 55 | T37: 0 | X37: included | AB37: Dismantled from bottom & engine damaged MY1997 XK8 Convertible VIN 0136xx | AC37: =68000*1.61 -> 109480 | AD37: KK | AE37: =S37*D37 -> 55
A38: CBC8207 | B38: Jaguar XK8 XKR X100 | C38: Wheel Bearing - Spacer | E38: STEERING AND SUSPENSION/HUB AND CARRIER-REAR - Bearing Spacer | H38: Spacer | I38: Bearing | K38: Rear | L38: Left/Right | R38: =A38 -> CBC8207 | T38: 0 | AC38: =68000*1.61 -> 109480 | AE38: =S38*D38 -> 0
A39: CCC2890 | B39: Jaguar XK8 XKR X100 | C39: Pendulum | D39: 1 | E39: STEERING AND SUSPENTION/SUSPENSION WISHBONES AND ARMS-REAR - Pendulum | G39: 0241540 | H39: Suspention/rear | I39: Mounting | K39: Rear | L39: Center | M39: Bottom | O39: Black | Q39: Pendulum | R39: =A39 -> CCC2890 | S39: 145 | T39: 0 | X39: included | AB39: Dismantled from bottom & engine damaged MY1997 XK8 Convertible VIN 0136xx | AC39: =68000*1.61 -> 109480 | AD39: KK | AE39: =S39*D39 -> 145
A40: CCC4466 | B40: Jaguar XK8 XKR X100 | C40: Wheel Bearing Seal - Outer | E40: STEERING AND SUSPENSION/HUB AND CARRIER-REAR - Outer Seal | H40: Seal / Insulation | I40: Bearing | K40: Rear | L40: Left/Right | R40: =A40 -> CCC4466 | T40: 0 | AC40: =68000*1.61 -> 109480 | AE40: =S40*D40 -> 0
A41: CCC5589 | B41: Jaguar XK8 XKR X100 | C41: Gear selector release solenoid covel screw (Plastic Torx) | E41: J-Gate protective plug Gear shift Interlock Manual override screw-in plug (Drivers Guide) | H41: Cap / Cover / Trim | I41: Gear box / Gear shifter / Gear Selector | Q41: Protective plug | R41: PLUG-PROTECT | T41: 0 | U41: £3.51 | AB41: SNG Barratt | AC41: =68000*1.61 -> 109480 | AE41: =S41*D41 -> 0
A42: CCC7028 | B42: Jaguar XK8 XKR X100 XJ8 XJR X308 | C42: Domed wheel nut - Standard Shaft | D42: 6 | E42: STEERING AND SUSPENSION/WHEELS - Domed wheel nut - Standard Shaft | F42: X100 MY1996 - X308 MY1998 | G42: X100 MY2006 - X308 All | H42: Nut | I42: Wheels / Rims | J42: Exterior | K42: FrontRear | L42: LeftRight | S42: 5 | U42: =Parts[[#This Row],[Stock]]*Parts[[#This Row],[Price EU euro]] -> 30 | W42: S | Y42: https://parts.jaguarlandroverclassic.com/ccc7028-domed-wheel-nut.html | AA42: R-Models may have rims needing Long Shaft! | AE42: =S42*D42 -> 30
A43: EAZ1269 | B43: Jaguar XK8 XKR X100 XJ8 XJR X308 | C43: Timing Chain Primary | F43: X100, 1996 - X308, 1998 | G43: X100-X308 Engine #0108122359 | H43: Chain | I43: Engine Timing | Q43: TIMING CHAIN | R43: =A43 -> EAZ1269 | T43: 0 | AB43: British Parts | AC43: =68000*1.61 -> 109480 | AE43: =S43*D43 -> 0
A44: EAZ1286 | B44: Jaguar XK8 XKR X100 XJ8 XJR X308 | C44: Timing Chain Secondary | F44: X100, 1996 - X308, 1998 | G44: X100-X308 Engine #0108122359 | H44: Chain | I44: Engine Timing | Q44: Secondary Timing Chain | R44: =A44 -> EAZ1286 | T44: 0 | AB44: British Parts | AC44: =68000*1.61 -> 109480 | AE44: =S44*D44 -> 0
A45: EAZ1354G | B45: Jaguar XK8 XKR X100 XJ8 XJR X308 | C45: Filter Engine Oil | H45: Filter | I45: Engine Oil | Q45: OIL FILTER | R45: EAZ1354G | S45: 25 | T45: 0 | AB45: British Parts | AC45: =68000*1.61 -> 109480 | AE45: =S45*D45 -> 0
A46: EAZ1954 | B46: Jaguar XK8 XKR X100 XJ8 XJR X308 | C46: Tappet | D46: 16 | E46: ENGINE/CAMSHAFTS AND VALVE GEAR - Tappet | F46: X100 MY1996 - X308 812317 | G46: X100 031302 - X308 853935 | H46: Valve | I46: Engine | J46: Engine bay | K46: Front | L46: Left/Right | M46: Top | P46: NCA2543AB, C2S44734 | S46: 25 | U46: =Parts[[#This Row],[Stock]]*Parts[[#This Row],[Price EU euro]] -> 400 | W46: S | Y46: https://parts.jaguarlandroverclassic.com/c2s44734-tappet.html | AB46: Dismantled from MY1997 XK8 Convertible USA VIN 0136xx | AC46: =68000*1.61 -> 109480 | AE46: =S46*D46 -> 400
A47: EAZ2050 | B47: Jaguar XK8 XKR X100 | C47: =Q47 -> GASKET-MANIFOLD DOWNPIPE | H47: Gasket / Seal / O-Ring | I47: Engine Inlet | Q47: GASKET-MANIFOLD DOWNPIPE | R47: =A47 -> EAZ2050 | T47: 0 | AB47: British Parts | AC47: =68000*1.61 -> 109480 | AE47: =S47*D47 -> 0
A48: EU HJA3833AD C2N2776 (RHD) C2N2777(LHD) HJA3832AG (RHD) HJA3833AG (LHD) | B48: Jaguar XK8 XKR X100 | C48: Plenum cover aka Windscreen air intake grille aka Cowl plate | H48: Cap / Cover / Trim | I48: Cap / Cover | J48: Exterior | T48: 0 | U48: £60 / 100SEK | Y48: http://www.ebay.co.uk/itm/Jaguar-XK8-XKR-WIPER-SCUTTLE-1996-2003-/171309576013?pt=UK_CarsParts_Vehicles_CarParts_SM&hash=item27e2d8af4d http://en.bildelsbasen.se/?link=item&searchmode=1&vc1=153&pc1=111&vc[0]=153105101&vcx=2980&pc[0]=111106103&post_id=24071511 | AB48: eBay | AC48: =68000*1.61 -> 109480 | AE48: =S48*D48 -> 0
A49: EU HJA3835AA / HJA3835AA | B49: Jaguar XK8 XKR X100 | C49: Plenum cover finisher Cap | H49: Cap / Cover / Trim | I49: Cap / Cover | J49: Exterior | T49: 0 | AC49: =68000*1.61 -> 109480 | AE49: =S49*D49 -> 0
A50: EU JDA60805C / JDA60804C | B50: Jaguar XK8 XKR X100 | C50: Plenum cover screw | H50: Bolt / Screw | Q50: Screw | R50: JDA60804C | T50: 0 | U50: £0.68 | AB50: SNG Barrat | AC50: =68000*1.61 -> 109480 | AE50: =S50*D50 -> 0
A51: EU/US HJA3120AA | B51: Jaguar XK8 XKR X100 | C51: Rearview Mirror - Manual dimm | G51: 18107 | I51: Mirrors | L51: Center | T51: 0 | AC51: =68000*1.61 -> 109480 | AE51: =S51*D51 -> 0
A52: EU/US HJA3121AA | B52: Jaguar XK8 XKR X100 | C52: Rearview Mirror - yellow plug 3 wires electrochromatic | G52: 18107 | I52: Mirrors | L52: Center | T52: 0 | AC52: =68000*1.61 -> 109480 | AE52: =S52*D52 -> 0
A53: EU/US HJA3121BA | B53: Jaguar XK8 XKR X100 | C53: Rearview Mirror - yellow plug 4 wires electrochromatic | F53: 18108 | I53: Mirrors | L53: Center | T53: 0 | AC53: =68000*1.61 -> 109480 | AE53: =S53*D53 -> 0
A54: EU/US HNC3133AB | B54: Jaguar XK8 XKR X100 | C54: Rearview Mirror - yellow plug 6 wires electrochromatic twilight sentinel autoheadlamp | F54: 18108 | I54: Mirrors | L54: Center | T54: 0 | AC54: =68000*1.61 -> 109480 | AE54: =S54*D54 -> 0
A55: HXF3131AB | B55: Jaguar XK8 XKR X100 | C55: Rearview Mirror stem cover | D55: 1 | H55: Interior trim | I55: Mirrors | L55: Center | T55: 0 | U55: 10 | AB55: jaguxkr@gmail.com | AC55: =68000*1.61 -> 109480 | AE55: =S55*D55 -> 0
A56: FJA1070AE | B56: Jaguar XK8 XKR X100 | C56: Wing panel | D56: 0 | E56: BODY METAL PANELS AND SEALING/BOLTED BODY PANELS - Wing panel -RH front | F56: MY1996 | G56: 042775 | H56: Body panel | I56: Body | J56: Exterior | K56: Front | L56: Right | O56: Grey/Primer | Q56: Wing panel | R56: FJA1070AE | S56: 195 | T56: 1 | U56: 250 | X56: included | AA56: Needs proper re-primer before paint | AB56: Extra spare | AC56: =68000*1.61 -> 109480 | AD56: TR | AE56: =S56*D56 -> 0
A57: FJA1071AE | B57: Jaguar XK8 XKR X100 | C57: Wing panel | D57: 0 | E57: BODY METAL PANELS AND SEALING/BOLTED BODY PANELS - Wing panel -LH front | F57: MY1996 | G57: 042775 | H57: Body panel | I57: Body | J57: Exterior | K57: Front | L57: Left | O57: Blue/Cratched | Q57: Wing panel | R57: FJA1071AE | S57: 295 | T57: 1 | U57: 250 | X57: included | AA57: Cratched, Needs proper re-primer before paint | AB57: Dismantled from bottom & engine damaged MY1997 XK8 Convertible VIN 0136xx | AC57: =68000*1.61 -> 109480 | AD57: KK | AE57: =S57*D57 -> 0
A58: FJA1320BE | B58: Jaguar XK8 XKR X100 | C58: Tonneau panel | D58: 0 | E58: BODY METAL PANELS AND SEALING/FIXED BODY PANELS - Tonneau panel | F58: MY1996 | G58: MY2006 | H58: Body panel | I58: Body | J58: Exterior | K58: Rear | L58: Right | O58: Blue | Q58: Tonneau panel | R58: FJA1320BE | S58: 750 | T58: 0 | U58: 750 | V58: 500 | AA58: Color Blue - One Small Dent | AB58: Dismantled from bottom & engine damaged MY1997 XK8 Convertible VIN 0136xx | AC58: =68000*1.61 -> 109480 | AD58: KK | AE58: =S58*D58 -> 0
A59: FJA3026AD | B59: Jaguar XK8 XKR X100 | C59: Trunk lid hinge | D59: 1 | E59: BODY METAL PANELS AND SEALING/BOLTED BODY PANELS | G59: 023170 | H59: Mount | I59: Hinge | J59: Trunk | K59: Rear | L59: Right | M59: NA | O59: Blue | Q59: Trunk lid hinge | R59: FJA3026AD | S59: 165 | T59: 0 | X59: included | AA59: Convertible | AB59: Dismantled from bottom & engine damaged MY1997 XK8 Convertible VIN 0136xx | AC59: =68000*1.61 -> 109480 | AD59: KK | AE59: =S59*D59 -> 165
A60: FJA3027AD | B60: Jaguar XK8 XKR X100 | C60: Trunk lid hinge | D60: 1 | E60: BODY METAL PANELS AND SEALING/BOLTED BODY PANELS | G60: 023170 | H60: Mount | I60: Hinge | J60: Trunk | K60: Rear | L60: Left | M60: NA | O60: Blue | Q60: Trunk lid hinge | R60: FJA3027AD | S60: 165 | T60: 0 | X60: included | AA60: Convertible | AB60: Dismantled from bottom & engine damaged MY1997 XK8 Convertible VIN 0136xx | AC60: =68000*1.61 -> 109480 | AD60: KK | AE60: =S60*D60 -> 165
A61: FJA3028AE | B61: Jaguar XK8 XKR X100 | C61: Door | D61: 0 | E61: BODY METAL PANELS AND SEALING/BOLTED BODY PANELS | G61: 042775 | H61: Body panel | I61: Body | J61: Exterior | K61: Front | L61: Right | M61: NA | O61: Blue | Q61: Door - Right | R61: FJA3028AE | S61: 285 | T61: 0 | X61: included | AA61: Convertible | AC61: =68000*1.61 -> 109480 | AD61: KK | AE61: =S61*D61 -> 0
A62: FJA3029AE | B62: Jaguar XK8 XKR X100 | C62: Door | D62: 1 | E62: BODY METAL PANELS AND SEALING/BOLTED BODY PANELS | F62: MY1996 | G62: 042775 | H62: Body panel | I62: Body | J62: Exterior | K62: Front | L62: Left | M62: NA | O62: Blue | Q62: Door - Left | R62: FJA3029AE | S62: 285 | T62: 0 | X62: included | AA62: Convertible | AB62: Dismantled from bottom & engine damaged MY1997 XK8 Convertible VIN 0136xx | AC62: =68000*1.61 -> 109480 | AD62: KK | AE62: =S62*D62 -> 285
A63: FJB3019BA | B63: Jaguar XK8 XKR X100 | C63: Trunk lid | D63: 1 | E63: BODY METAL PANELS AND SEALING/BOLTED BODY PANELS | G63: 042775 | H63: Body panel | I63: Body | J63: Exterior | K63: Rear | L63: Center | M63: NA | O63: Blue | Q63: Trunk lid | R63: FJB3019BA | S63: 465 | T63: 0 | X63: excluded | AA63: Convertible | AB63: Dismantled from bottom & engine damaged MY1997 XK8 Convertible VIN 0136xx | AC63: =68000*1.61 -> 109480 | AD63: KK | AE63: =S63*D63 -> 465
A64: GJA 2447AAAGD | B64: Jaguar XK8 XKR X100 | C64: Seat belt webbing retainer | J64: Interior | K64: Front | L64: Left/Right | M64: Middle | O64: Oatmeal | Q64: RETAINER-SEA | R64: =A64 -> GJA 2447AAAGD | T64: 0 | U64: £10.46 | AB64: SNG Barrat | AC64: =68000*1.61 -> 109480 | AE64: =S64*D64 -> 0
A65: GJA 2447AAAGD | B65: Jaguar XK8 XKR X100 | C65: Seat belt webbing retainer | J65: Interior | K65: Front | L65: Left/Right | M65: Middle | O65: Oatmeal | Q65: RETAINER-SEA | R65: =A65 -> GJA 2447AAAGD | T65: 0 | U65: £10.46 | AB65: BritishParts | AC65: =68000*1.61 -> 109480 | AE65: =S65*D65 -> 0
A66: GJA1000BG | B66: Jaguar XK8 XKR X100 | C66: Window Glass Door | D66: 1 | E66: BODY CLOSURES AND SEALING/DOOR GLASSES AND FRAMES - Door glass and carrier - Convertible - RH | F66: MY1996 | G66: 042775 | H66: Glass | I66: Windows | K66: Front | L66: Right | M66: N/A | N66: N/A | O66: Glass | Q66: Window Glass Door | R66: =A66 -> GJA1000BG | S66: 165 | T66: 0 | U66: 10 | X66: included | AB66: Dismantled from bottom & engine damaged MY1997 XK8 Convertible VIN 0136xx | AC66: =68000*1.61 -> 109480 | AD66: KK | AE66: =S66*D66 -> 165
A67: GJA1014AF | B67: Jaguar XK8 XKR X100 | C67: Glass guide frame | D67: 1 | E67: BODY CLOSURES AND SEALING/DOOR GLASSES AND FRAMES - guide rail | H67: guide rail | I67: Glass | J67: Interior | K67: Front | L67: Right | N67: Front | O67: Black | Q67: Glass guide frame | R67: GJA1014AF | S67: 55 | T67: 0 | X67: included | AB67: Dismantled from bottom & engine damaged MY1997 XK8 Convertible VIN 0136xx | AC67: =68000*1.61 -> 109480 | AD67: KK | AE67: =S67*D67 -> 55
A68: GJA1015AE | B68: Jaguar XK8 XKR X100 | C68: Glass guide frame | D68: 1 | E68: BODY CLOSURES AND SEALING/DOOR GLASSES AND FRAMES - guide rail | H68: guide rail | I68: Glass | J68: Interior | K68: Front | L68: Left | N68: Front | O68: Black | Q68: Glass guide frame | R68: GJA1015AE | S68: 55 | T68: 0 | X68: included | AB68: Dismantled from bottom & engine damaged MY1997 XK8 Convertible VIN 0136xx | AC68: =68000*1.61 -> 109480 | AD68: KK | AE68: =S68*D68 -> 55
A69: GJA1016AF | B69: Jaguar XK8 XKR X100 | C69: Glass guide frame | D69: 1 | E69: BODY CLOSURES AND SEALING/DOOR GLASSES AND FRAMES - guide rail | F69: 011494 | G69: 042775 | H69: guide rail | I69: Glass | J69: Interior | K69: Front | L69: Right | N69: Rear | O69: Black | Q69: Glass guide frame | R69: GJA1016AF | S69: 55 | T69: 0 | X69: included | AB69: Dismantled from bottom & engine damaged MY1997 XK8 Convertible VIN 0136xx | AC69: =68000*1.61 -> 109480 | AD69: KK | AE69: =S69*D69 -> 55
A70: GJA1017AF | B70: Jaguar XK8 XKR X100 | C70: Glass guide frame | D70: 1 | E70: BODY CLOSURES AND SEALING/DOOR GLASSES AND FRAMES - guide rail | H70: guide rail | I70: Glass | J70: Interior | K70: Front | L70: Left | N70: Rear | O70: Black | Q70: Glass guide frame | R70: GJA1017AF | S70: 55 | T70: 0 | X70: included | AB70: Dismantled from bottom & engine damaged MY1997 XK8 Convertible VIN 0136xx | AC70: =68000*1.61 -> 109480 | AD70: KK | AE70: =S70*D70 -> 55
A71: GJA1080FE | B71: Jaguar XK8 XKR X100 | C71: Door latch | D71: 1 | E71: BODY CLOSURES AND SEALING/DOOR HANDLES AND LOCKS - Door latch - RH | H71: Latch | I71: Locking | J71: Interior | K71: Front | L71: Right | O71: Black | Q71: Door latch | R71: GJA1080FE | S71: 95 | T71: 0 | X71: included | AB71: Dismantled from bottom & engine damaged MY1997 XK8 Convertible VIN 0136xx | AC71: =68000*1.61 -> 109480 | AD71: KK | AE71: =S71*D71 -> 95
A72: GJA1100BC SDC | B72: Jaguar XK8 XKR X100 | C72: Door handle | D72: 1 | E72: BODY CLOSURES AND SEALING/DOOR HANDLES AND LOCKS - Remote control handle | H72: Interior handle | I72: Handle | J72: Interior | K72: Front | L72: Right | O72: Warm charcoal | Q72: Door handle | R72: GJA1100BC SDC | S72: 110 | T72: 0 | X72: included | AB72: Dismantled from bottom & engine damaged MY1997 XK8 Convertible VIN 0136xx | AC72: =68000*1.61 -> 109480 | AD72: KK | AE72: =S72*D72 -> 110
A73: GJA1710AF | B73: Jaguar XK8 XKR X100 | C73: Door waist seal | D73: 0 | E73: BODY CLOSURES AND SEALING/DOOR SEALS -Waist seal | F73: MY1996 | G73: 033152 | H73: Seal / Insulation | I73: Seal | J73: Exterior | K73: Center | L73: Right | N73: Outer | O73: Black | Q73: Door waist seal | R73: GJA1710AF | S73: 95 | T73: 1 | X73: included | AB73: Dismantled from bottom & engine damaged MY1997 XK8 Convertible VIN 0136xx | AC73: =68000*1.61 -> 109480 | AD73: KK | AE73: =S73*D73 -> 0
A74: GJA1710AF | B74: Jaguar XK8 XKR X100 | C74: Door waist seal | D74: 0 | E74: BODY CLOSURES AND SEALING/DOOR SEALS -Waist seal | F74: MY1996 | G74: 033152 | H74: Seal / Insulation | I74: Seal | J74: Exterior | K74: Center | L74: Right | N74: Outer | O74: Black | Q74: Door waist seal | R74: GJA1710AF | S74: 95 | T74: 1 | U74: =S74 -> 95 | X74: included | AA74: Like a new! | AB74: From Front crashed MY1997 VIN 0049xx | AC74: =68000*1.61 -> 109480 | AD74: RD | AE74: =S74*D74 -> 0
A75: GJA1716AB | B75: Jaguar XK8 XKR X100 | C75: Door waist seal | D75: 1 | E75: BODY CLOSURES AND SEALING/DOOR SEALS -Waist seal | H75: Seal / Insulation | I75: Seal | J75: Interior | K75: Center | L75: Right | N75: Inner | O75: Black | Q75: Door waist seal | R75: GJA1716AB | S75: 65 | T75: 0 | X75: included | AB75: Dismantled from bottom & engine damaged MY1997 XK8 Convertible VIN 0136xx | AC75: =68000*1.61 -> 109480 | AD75: KK | AE75: =S75*D75 -> 65
A76: GJA2034AA | B76: Jaguar XK8 XKR X100 | C76: Glass slide clamp | D76: 1 | E76: BODY CLOSURES AND SEALING/DOOR GLASSES AND FRAMES - Slide clamp - Front | H76: Bracket | I76: Glass | J76: Interior | K76: Front | L76: Right | N76: Rear | O76: Steel | Q76: Glass slide clamp | R76: GJA2034AA | S76: 55 | T76: 0 | X76: included | AB76: Dismantled from bottom & engine damaged MY1997 XK8 Convertible VIN 0136xx | AC76: =68000*1.61 -> 109480 | AD76: KK | AE76: =S76*D76 -> 55
A77: GJA2242AJ | B77: Jaguar XK8 XKR X100 | C77: Window Regulator and Motor - Convertible | D77: 1 | E77: BODY CLOSURES AND SEALING/CONVERTIBLE REAR QUARTER MECHANISM AND SEAL - Window regulator and motor - RH rear quarter | F77: MY1996 | G77: 042775 | H77: Mechanics | I77: Windows | K77: Rear | L77: Right | Q77: Window Regulator and Motor | R77: GJE2242AA GJE2242AB GJE2242AC GJE2242AD GJE2242AE | S77: 450 | T77: 0 | U77: =S77 -> 450 | X77: included | AA77: One lock spring and plastic shim missing. See pictures. | AB77: Dismantled from bottom & engine damaged MY1997 XK8 Convertible VIN 0136xx | AC77: =68000*1.61 -> 109480 | AE77: =S77*D77 -> 450
A78: GJA3516AA | B78: Jaguar XK8 XKR X100 | C78: Pop-up trunk plunger | D78: 1 | E78: BODY CLOSURES AND SEALING/TRUNK LATHING MECHANISMS AND SEALS | H78: Plunger | I78: Plunger | J78: Trunk | K78: Rear | L78: Center | M78: NA | O78: Steel | Q78: Pop-up trunk plunger | R78: GJA3516AA | S78: 15 | T78: 0 | X78: included | AB78: Dismantled from bottom & engine damaged MY1997 XK8 Convertible VIN 0136xx | AC78: =68000*1.61 -> 109480 | AD78: KK | AE78: =S78*D78 -> 15
A79: GJA3612DK | B79: Jaguar XK8 XKR X100 | C79: Carpet Trunk RH side with compact disc player | D79: 1 | E79: INTERIOR TRIM AND LININGS/FLOOR COVERINGS/CARPETS - Trunk side carpet - Flint grey - Convertible - RH Side - with compact disc player | F79: MY1996 | G79: 034479 | H79: Trim | I79: Trim | J79: Interior | K79: Rear | L79: Right | M79: N/A | N79: N/A | O79: Flint | Q79: Trunk side carpet - Flint grey - Convertible - RH Side - with compact disc player | R79: =A79 -> GJA3612DK | S79: 65 | T79: 0 | U79: =S79 -> 65 | X79: included | AB79: Dismantled from bottom & engine damaged MY1997 XK8 Convertible VIN 0136xx | AC79: =68000*1.61 -> 109480 | AE79: =S79*D79 -> 65
A80: GJA3620AG | B80: Jaguar XK8 XKR X100 | C80: Trunk Battery Cover | E80: Trunk Battery Cover | F80: MY1997 | G80: MY1998 | H80: Cap / Cover / Trim | I80: Cap / Cover | J80: Interior | K80: Rear | L80: Right | M80: Bottom | T80: 0 | AC80: =68000*1.61 -> 109480 | AE80: =S80*D80 -> 0
A81: GJA3892AA | B81: Jaguar XK8 XKR X100 | C81: Fusebox Cover Trunc | H81: Cap / Cover / Trim | I81: Cap / Cover | J81: Trunc | K81: Rear | L81: Right | R81: =A81 -> GJA3892AA | T81: 0 | AC81: =68000*1.61 -> 109480 | AE81: =S81*D81 -> 0
A82: GJA4730AA/AGD GJA4730AAAGD | B82: Jaguar XK8 XKR X100 | C82: Seat - Mechanism cover | E82: SEATING/FRONT SEATS, TRIM AND FITTINGS - Mechanism cover | F82: 0 | G82: 18107 | H82: Cap / Cover / Trim | I82: Cap / Cover | J82: Interior | K82: Front | L82: Right | M82: Low | N82: Outer | O82: Oatmeal | Q82: COVER-MECHAN | R82: GJB4730AAAGD | T82: 0 | U82: £44.55 | AB82: SNG Barrat | AC82: =68000*1.61 -> 109480 | AE82: =S82*D82 -> 0
A83: GJA4731AA/AGD GJA4731AAAGD | B83: Jaguar XK8 XKR X100 | C83: Seat - Mechanism cover | E83: SEATING/FRONT SEATS, TRIM AND FITTINGS - Mechanism cover SEAT HINGE COVER | F83: 0 | G83: 18107 | H83: Cap / Cover / Trim | I83: Cap / Cover | J83: Interior | K83: Front | L83: Left | M83: Low | N83: Outer | O83: Oatmeal | T83: 0 | AC83: =68000*1.61 -> 109480 | AE83: =S83*D83 -> 0
A84: GJA4742AA/SDC GJA4742AASDC | B84: Jaguar XK8 XKR X100 | C84: Seat Cover Plate - Screw Cover | H84: Cap / Cover / Trim | I84: Cap / Cover | J84: Interior | O84: Coffee | R84: =A84 -> GJA4742AA/SDC GJA4742AASDC | T84: 0 | AB84: XKs.com | AC84: =68000*1.61 -> 109480 | AE84: =S84*D84 -> 0
A85: GJA6720AD | B85: Jaguar XK8 XKR X100 | C85: Facia vent | D85: 1 | E85: INTERIOR TRIMS AND LININGS/FACIA - Facia vent | F85: MY1996 | G85: 014668 | H85: Vent | I85: Air conditioning | J85: Interior | K85: Front | L85: Left | N85: Facia | O85: Black | Q85: Facia vent | R85: =A85 -> GJA6720AD | T85: 0 | AB85: Dismantled from bottom & engine damaged MY1997 XK8 Convertible VIN 0136xx | AC85: =68000*1.61 -> 109480 | AD85: KK | AE85: =S85*D85 -> 0
A86: GJA6721AD | B86: Jaguar XK8 XKR X100 | C86: Facia vent | D86: 1 | E86: INTERIOR TRIMS AND LININGS/FACIA - Facia vent | F86: MY1996 | G86: 014668 | H86: Vent | I86: Air conditioning | J86: Interior | K86: Front | L86: Right | N86: Facia | O86: Black | Q86: Facia vent | R86: GJA6721AD | T86: 0 | AB86: Dismantled from bottom & engine damaged MY1997 XK8 Convertible VIN 0136xx | AC86: =68000*1.61 -> 109480 | AD86: KK | AE86: =S86*D86 -> 0
A87: GJA8951AE | B87: Jaguar XK8 XKR X100 | C87: Wiper mechanism | D87: 1 | E87: WIPER AND WASHERS SYSTEMS/WIPER MOTOR, ARMS AND BLADES - Wiper mechanism | H87: Windscreen wiper mechanism | I87: Wipers / motors | K87: Front | L87: Center | Q87: Wiper mechanism | R87: GJA8951AE | T87: 0 | AB87: Dismantled from bottom & engine damaged MY1997 XK8 Convertible VIN 0136xx | AC87: =68000*1.61 -> 109480 | AD87: KK | AE87: =S87*D87 -> 0
A88: GJA8960BB | B88: Jaguar XK8 XKR X100 | C88: =Q88 -> WIPER BLADE | I88: Windshield | Q88: WIPER BLADE | R88: =A88 -> GJA8960BB | T88: 0 | AA88: V23136-A1-X20 | AB88: British Parts | AC88: =68000*1.61 -> 109480 | AE88: =S88*D88 -> 0
A89: GJA8960BB | B89: Jaguar XK8 XKR X100 | C89: =Q89 -> WIPER BLADE | I89: Windshield | Q89: WIPER BLADE | R89: =A89 -> GJA8960BB | T89: 0 | AA89: Can host LJA2870AC | AB89: British Parts | AC89: =68000*1.61 -> 109480 | AE89: =S89*D89 -> 0
A90: GJA8962BB | B90: Jaguar XJ8 XJR X308 | C90: =Q90 -> WIPER BLADE-RHD | I90: Windshield | Q90: WIPER BLADE-RHD | R90: =A90 -> GJA8962BB | T90: 0 | AB90: British Parts | AC90: =68000*1.61 -> 109480 | AE90: =S90*D90 -> 0
A91: GJA8962BB | B91: Jaguar XJ8 XJR X308 | C91: =Q91 -> WIPER BLADE-RHD | I91: Windshield | Q91: WIPER BLADE-RHD | R91: =A91 -> GJA8962BB | T91: 0 | AB91: British Parts | AC91: =68000*1.61 -> 109480 | AE91: =S91*D91 -> 0
A92: GJA8962CB | B92: Jaguar XK8 XKR X100 | C92: =Q92 -> WIPER BLADE-LHD | I92: Windshield | Q92: WIPER BLADE-LHD | R92: =A92 -> GJA8962CB | T92: 0 | AA92: Fits to GJA3892AA | AB92: British Parts | AC92: =68000*1.61 -> 109480 | AE92: =S92*D92 -> 0
A93: GJA8966AB | B93: Jaguar XK8 XKR X100 | C93: Wiper arm cap | D93: 0 | E93: WIPER AND WASHER SYSTEMS/WIPER MOTOR, ARMS AND BLADES - Wiper arm cap | F93: 0 | G93: 042775 | H93: Exterior trim | I93: Cover | J93: Exterior | K93: Front | L93: Left/Right | O93: Black | Q93: CAP-WIPER AR | R93: GJA8966AB | T93: 0 | AA93: http://www.sngbarratt.com/PartSearchResults.aspx?partno=GJA8966AB | AB93: SNG Barratt | AC93: =68000*1.61 -> 109480 | AE93: =S93*D93 -> 0
A94: GJA9660CC | B94: Jaguar XK8 XKR X100 | C94: Footrest | D94: 1 | E94: INTERIOR TRIMS AND LININGS/BODY INTERIOR FIXTURES AND FITTINGS - Footrest - Low rest | H94: Footrest | I94: Footrest | J94: Interior | K94: Front | L94: Left | M94: Bottom | O94: Black | Q94: Footrest | R94: GJA9660CC | T94: 0 | AA94: USA / LHD | AB94: Dismantled from bottom & engine damaged MY1997 XK8 Convertible VIN 0136xx | AC94: =68000*1.61 -> 109480 | AD94: KK | AE94: =S94*D94 -> 0
A95: GJA9668AB | B95: Jaguar XK8 XKR X100 | C95: Footrest support plate | D95: 1 | E95: INTERIOR TRIMS AND LININGS/BODY INTERIOR FIXTURES AND FITTINGS - Footrest support | H95: Footrest | I95: Footrest | J95: Interior | K95: Front | L95: Left | M95: Bottom | O95: Black | Q95: Footrest support plate | R95: GJA9668AB | T95: 0 | AA95: USA / LHD | AB95: Dismantled from bottom & engine damaged MY1997 XK8 Convertible VIN 0136xx | AC95: =68000*1.61 -> 109480 | AD95: KK | AE95: =S95*D95 -> 0
A96: GJB4730AA/AGD GJB4730AAAGD | B96: Jaguar XK8 XKR X100 | C96: Seat - Mechanism cover | E96: SEATING/FRONT SEATS, TRIM AND FITTINGS - Sports trim - Mechanism cover | F96: 18108 | G96: - | H96: Cap / Cover / Trim | I96: Cap / Cover | J96: Interior | K96: Front | L96: Right | M96: Low | N96: Outer | O96: Oatmeal | T96: 0 | AC96: =68000*1.61 -> 109480 | AE96: =S96*D96 -> 0
A97: GJB4730AA/SDZ GJB4730AASDZ | B97: Jaguar XK8 XKR X100 | C97: Seat - Mechanism cover | E97: SEATING/FRONT SEATS, TRIM AND FITTINGS - Mechanism cover SEAT HINGE COVER | F97: 18108 | G97: - | H97: Cap / Cover / Trim | I97: Cap / Cover | J97: Interior | K97: Front | L97: Right | M97: Low | N97: Outer | O97: Cashmere | T97: 0 | AC97: =68000*1.61 -> 109480 | AE97: =S97*D97 -> 0
A98: GJB4731AA/AGD GJB4731AAAGD | B98: Jaguar XK8 XKR X100 | C98: Seat - Mechanism cover | E98: SEATING/FRONT SEATS, TRIM AND FITTINGS - Sports trim - Mechanism cover | F98: 18108 | G98: - | H98: Cap / Cover / Trim | I98: Cap / Cover | J98: Interior | K98: Front | L98: Left | M98: Low | N98: Outer | O98: Oatmeal | T98: 0 | AC98: =68000*1.61 -> 109480 | AE98: =S98*D98 -> 0
A99: GJB4731AA/SDZ GJB4731AASDZ | B99: Jaguar XK8 XKR X100 | C99: Seat - Mechanism cover | E99: SEATING/FRONT SEATS, TRIM AND FITTINGS - Mechanism cover SEAT HINGE COVER | F99: 18108 | G99: - | H99: Cap / Cover / Trim | I99: Cap / Cover | J99: Interior | K99: Front | L99: Left | M99: Low | N99: Outer | O99: Cashmere | T99: 0 | AC99: =68000*1.61 -> 109480 | AE99: =S99*D99 -> 0
A100: GJB7820AB | B100: Jaguar XK8 XKR X100 | C100: Gearbox tunnel cover | D100: 1 | E100: METAL PANELS AND SEALING/FIXED BODY PANELS - Gearbox tonnel cover | H100: Bodyshell/cover | I100: Cover | K100: Center | L100: Center | M100: Bottom | O100: Black | Q100: Gearbox tunnel cover | R100: =A100 -> GJB7820AB | S100: 65 | T100: 0 | X100: included | AA100: automatic | AB100: Dismantled from bottom & engine damaged MY1997 XK8 Convertible VIN 0136xx | AC100: =68000*1.61 -> 109480 | AD100: KK | AE100: =S100*D100 -> 65
...

Sheet eBay-TurboLister-2016071
A1: Action(CC=Cp1252) | B1: SiteID | C1: Format | D1: Title | E1: Condition | F1: ConditionDescription | G1: SubTitle | H1: Custom Label | I1: Category | J1: Category2 | K1: StoreCategory | L1: StoreCategory2 | M1: Quantity | N1: LotSize | O1: Currency | P1: StartPrice | Q1: BuyItNowPrice | R1: ReservePrice | S1: Duration | T1: PrivateAuction | U1: Country | V1: ProductIDType | W1: ProductIDValue | X1: Product:ProductReferenceID | Y1: ItemID | Z1: Description | AA1: HitCounter | AB1: PicURL | AC1: BoldTitle | AD1: Featured | AE1: GalleryType | AF1: FeaturedFirstDuration | AG1: Highlight | AH1: Border | AI1: HomePageFeatured | AJ1: Subtitle in search resutls | AK1: GiftIcon | AL1: GiftServices-1 | AM1: GiftServices-2 | AN1: GiftServices-3 | AO1: SalesTaxPercent | AP1: SalesTaxState | AQ1: ShippingInTax | AR1: UseTaxTable | AS1: PostalCode | AT1: ProxyItem | AU1: VATPercent | AV1: Location | AW1: UPC | AX1: ShippingPolicyId | AY1: PaymentPolicyId | AZ1: ReturnPolicyId | BA1: ShippingPolicyName | BB1: PaymentPolicyName | BC1: ReturnPolicyName | BD1: PaymentSeeDescription | BE1: GlobalShippingService | BF1: PickupAndDropOffService | BG1: eBayPlus | BH1: ShipFromZipCode | BI1: ShippingIrregular | BJ1: ShippingPackage | BK1: WeightMajor | BL1: WeightMinor | BM1: WeightUnit | BN1: MeasurementUnit | BO1: PackageLength | BP1: PackageWidth | BQ1: PackageDepth | BR1: CharityID | BS1: CharityName | BT1: DonationPercent | BU1: BasicUpgradePackBundle | BV1: ValuePackBundle | BW1: ProPackPlusBundle | BX1: BestOfferEnabled | BY1: AutoAccept | BZ1: BestOfferAutoAcceptPrice | CA1: AutoDecline | CB1: MinimumBestOfferPrice | CC1: BestOfferRejectMessage | CD1: LocalListingDistance | CE1: BuyerRequirements:ShipToRegCountry | CF1: BuyerRequirements:ZeroFeedbackScore | CG1: BuyerRequirements:MinFeedbackScore | CH1: BuyerRequirements:MaxUnpaidItemsCount | CI1: BuyerRequirements:MaxUnpaidItemsPeriod | CJ1: BuyerRequirements:MaxItemCount | CK1: BuyerRequirements:MaxItemMinFeedback | CL1: BuyerRequirements:LinkedPayPalAccount | CM1: BuyerRequirements:VerifiedUser | CN1: BuyerRequirements:VerifiedUserScore | CO1: BuyerRequirements:MaxViolationCount | CP1: BuyerRequirements:MaxViolationPeriod | CQ1: SellerDetails:PrimaryPhone | CR1: SellerDetails:SecondaryPhone | CS1: ExtSellerDetails:Hours1Days | CT1: ExtSellerDetails:Hours1AnyTime | CU1: ExtSellerDetails:Hours1From | CV1: ExtSellerDetails:Hours1To | CW1: ExtSellerDetails:Hours2Days | CX1: ExtSellerDetails:Hours2AnyTime | CY1: ExtSellerDetails:Hours2From | CZ1: ExtSellerDetails:Hours2To | DA1: ExtSellerDetails:TimeZoneID | DB1: ListingDesigner:LayoutID | DC1: ListingDesigner:ThemeID | DD1: ShippingDiscountProfileID | DE1: InternationalShippingDiscountProfileID | DF1: PromoteCBT | DG1: CustomLabel | DH1: ReturnsRestockingFee | DI1: ExtendedHolidayReturns | DJ1: MarketplaceType | DK1: ProjectGoodCategory | DL1: ShortDescription | DM1: ProducerDescription | DN1: RegionOfOrigin | DO1: ProducerPhotoURL | DP1: C:Brand | DQ1: C:Manufacturer Part Number | DR1: C:Classic Car Part | DS1: C:Placement on Vehicle | DT1: Relationship | DU1: RelationshipDetails
A2: Add | B2: UK | C2: FixedPriceItem | D2: =PartsMaster!B406&" "&PartsMaster!$C406 -> Jaguar XK8 XKR X100 Seat - Mechanism cover - Warm Charcoal | E2: 3000 | F2: Normal Used Condition. | H2: =PartsMaster!$Q406 -> 0 | I2: 9886 | K2: 0 | L2: 0 | M2: =PartsMaster!$D406 -> 0 | O2: GBP | P2: =PartsMaster!$S406/1.45 -> 0 | S2: 30 | T2: 0 | U2: EE | Z2: ="<P>"&PartsMaster!$I406&" "&PartsMaster!$H406&"</P>"&"<P>Jaguar part name "&PartsMaster!$E406&"</P><P>Product numbers "&PartsMaster!R406&" "&DQ2&"</P><P>Fits starting from VIN/ModelYear "&PartsMaster!$F406&" until VIN/ModelYear "&PartsMaster!$G406&"</P><P>Condition: "&PartsMaster!AB406&"</P><P> (part source "&PartsMaster!AD406&")</P><P>Notes: "&PartsMaster!AA406&"</P>" -> <P>Cap / Cover Cap / Cover / Trim</P><P>Jaguar part name </P><P>Product numbers 0</P><P>Fits starting from VIN/ModelYear until VIN/ModelYear </P><P>Condition: </P><P> (part source )</P><P>Notes: </P> | AA2: BasicStyle | AC2: 0 | AD2: 0 | AE2: None | AF2: 7 | AG2: 0 | AH2: 0 | AI2: 0 | AJ2: 0 | AK2: 0 | AO2: 0.00 | AR2: 0 | AS2: 10112 | AV2: Tallinn | AX2: 62128510024 | AY2: 62035811024 | AZ2: 55187694024 | BA2: Shipping per agreement | BB2: PayPal:Immediate pay | BC2: Return Policy | BD2: 1 | BE2: 0 | BF2: 0 | BG2: 0 | BN2: Metric | BV2: 0 | CL2: 0 | DD2: 0|287377024| | DE2: 0|287377024| | DI2: 0 | DP2: Jaguar | DQ2: =PartsMaster!$A406 -> 0 | DR2: Yes | DS2: =PartsMaster!$K407&" "&PartsMaster!L407&" "&PartsMaster!$M407 -> Front Right Low
A3: Add | B3: UK | C3: FixedPriceItem | D3: =PartsMaster!B407&" "&PartsMaster!$C407 -> Jaguar XK8 XKR X100 Seat - Mechanism cover - Warm Charcoal | E3: 3000 | F3: Normal Used Condition. | H3: =PartsMaster!$Q407 -> 0 | I3: 9886 | K3: 0 | L3: 0 | M3: =PartsMaster!$D407 -> 0 | O3: GBP | P3: =PartsMaster!$S407/1.45 -> 0 | S3: 30 | T3: 0 | U3: EE | Z3: ="<P>"&PartsMaster!$I407&" "&PartsMaster!$H407&"</P>"&"<P>Jaguar part name "&PartsMaster!$E407&"</P><P>Product numbers "&PartsMaster!R407&" "&DQ3&"</P><P>Fits starting from VIN/ModelYear "&PartsMaster!$F407&" until VIN/ModelYear "&PartsMaster!$G407&"</P><P>Condition: "&PartsMaster!AB407&"</P><P> (part source "&PartsMaster!AD407&")</P><P>Notes: "&PartsMaster!AA407&"</P>" -> <P>Cap / Cover Cap / Cover / Trim</P><P>Jaguar part name </P><P>Product numbers 0</P><P>Fits starting from VIN/ModelYear until VIN/ModelYear </P><P>Condition: </P><P> (part source )</P><P>Notes: </P> | AA3: BasicStyle | AC3: 0 | AD3: 0 | AE3: None | AF3: 7 | AG3: 0 | AH3: 0 | AI3: 0 | AJ3: 0 | AK3: 0 | AO3: 0.00 | AR3: 0 | AS3: 10112 | AV3: Tallinn | AX3: 62128510024 | AY3: 62035811024 | AZ3: 55187694024 | BA3: Shipping per agreement | BB3: PayPal:Immediate pay | BC3: Return Policy | BD3: 1 | BE3: 0 | BF3: 0 | BG3: 0 | BN3: Metric | BV3: 0 | CL3: 0 | DD3: 0|287377024| | DE3: 0|287377024| | DI3: 0 | DP3: Jaguar | DQ3: =PartsMaster!$A407 -> 0 | DR3: Yes | DS3: =PartsMaster!$K408&" "&PartsMaster!L408&" "&PartsMaster!$M408 -> Front Right Low
A4: Add | B4: UK | C4: FixedPriceItem | D4: =PartsMaster!B2&" "&PartsMaster!$C2 -> Jaguar XK8 XKR X100 Timing Chain Service Kit (no Crank Bold) | E4: 3000 | F4: Normal Used Condition. | H4: =PartsMaster!$Q2 -> TIMING GEAR SERVICE KIT | I4: 9886 | K4: 0 | L4: 0 | M4: =PartsMaster!$D2 -> 0 | O4: GBP | P4: =PartsMaster!$S2/1.45 -> 0 | S4: 30 | T4: 0 | U4: EE | Z4: ="<P>"&PartsMaster!$I2&" "&PartsMaster!$H2&"</P>"&"<P>Jaguar part name "&PartsMaster!$E2&"</P><P>Product numbers "&PartsMaster!R2&" "&DQ4&"</P><P>Fits starting from VIN/ModelYear "&PartsMaster!$F2&" until VIN/ModelYear "&PartsMaster!$G2&"</P><P>Condition: "&PartsMaster!AB2&"</P><P> (part source "&PartsMaster!AD2&")</P><P>Notes: "&PartsMaster!AA2&"</P>" -> <P>Engine Timing Kit</P><P>Jaguar part name </P><P>Product numbers ACC1269KIT ACC1269KIT</P><P>Fits starting from VIN/ModelYear until VIN/ModelYear </P><P>Condition: British Parts</P><P> (part source )</P><P>Notes: </P> | AA4: BasicStyle | AC4: 0 | AD4: 0 | AE4: None | AF4: 7 | AG4: 0 | AH4: 0 | AI4: 0 | AJ4: 0 | AK4: 0 | AO4: 0.00 | AR4: 0 | AS4: 10112 | AV4: Tallinn | AX4: 62128510024 | AY4: 62035811024 | AZ4: 55187694024 | BA4: Shipping per agreement | BB4: PayPal:Immediate pay | BC4: Return Policy | BD4: 1 | BE4: 0 | BF4: 0 | BG4: 0 | BN4: Metric | BV4: 0 | CL4: 0 | DD4: 0|287377024| | DE4: 0|287377024| | DI4: 0 | DP4: Jaguar | DQ4: =PartsMaster!$A2 -> ACC1269KIT | DR4: Yes | DS4: =PartsMaster!$K3&" "&PartsMaster!L3&" "&PartsMaster!$M3 -> Front/Rear Left/Right
A5: Add | B5: UK | C5: FixedPriceItem | D5: =PartsMaster!B3&" "&PartsMaster!$C3 -> Jaguar XK8 XKR X100 Wheelarch Liner - Plastic push on nut | E5: 3000 | F5: Normal Used Condition. | H5: =PartsMaster!$Q3 -> NUT-PLASTIC | I5: 9886 | K5: 0 | L5: 0 | M5: =PartsMaster!$D3 -> 0 | O5: GBP | P5: =PartsMaster!$S3/1.45 -> 0 | S5: 30 | T5: 0 | U5: EE | Z5: ="<P>"&PartsMaster!$I3&" "&PartsMaster!$H3&"</P>"&"<P>Jaguar part name "&PartsMaster!$E3&"</P><P>Product numbers "&PartsMaster!R3&" "&DQ5&"</P><P>Fits starting from VIN/ModelYear "&PartsMaster!$F3&" until VIN/ModelYear "&PartsMaster!$G3&"</P><P>Condition: "&PartsMaster!AB3&"</P><P> (part source "&PartsMaster!AD3&")</P><P>Notes: "&PartsMaster!AA3&"</P>" -> <P>Mounting Bolt / Screw</P><P>Jaguar part name </P><P>Product numbers AGU2436J AGU2436J</P><P>Fits starting from VIN/ModelYear until VIN/ModelYear </P><P>Condition: SNG Barratt</P><P> (part source )</P><P>Notes: </P> | AA5: BasicStyle | AC5: 0 | AD5: 0 | AE5: None | AF5: 7 | AG5: 0 | AH5: 0 | AI5: 0 | AJ5: 0 | AK5: 0 | AO5: 0.00 | AR5: 0 | AS5: 10112 | AV5: Tallinn | AX5: 62128510024 | AY5: 62035811024 | AZ5: 55187694024 | BA5: Shipping per agreement | BB5: PayPal:Immediate pay | BC5: Return Policy | BD5: 1 | BE5: 0 | BF5: 0 | BG5: 0 | BN5: Metric | BV5: 0 | CL5: 0 | DD5: 0|287377024| | DE5: 0|287377024| | DI5: 0 | DP5: Jaguar | DQ5: =PartsMaster!$A3 -> AGU2436J | DR5: Yes | DS5: =PartsMaster!$K4&" "&PartsMaster!L4&" "&PartsMaster!$M4 -> Rear Top
A6: Add | B6: UK | C6: FixedPriceItem | D6: =PartsMaster!B408&" "&PartsMaster!$C408 -> Jaguar XK8 XKR X100 Seat - Mechanism cover - Warm Charcoal | E6: 3000 | F6: Normal Used Condition. | H6: =PartsMaster!$Q408 -> 0 | I6: 9886 | K6: 0 | L6: 0 | M6: =PartsMaster!$D408 -> 0 | O6: GBP | P6: =PartsMaster!$S408/1.45 -> 0 | S6: 30 | T6: 0 | U6: EE | Z6: ="<P>"&PartsMaster!$I408&" "&PartsMaster!$H408&"</P>"&"<P>Jaguar part name "&PartsMaster!$E408&"</P><P>Product numbers "&PartsMaster!R408&" "&DQ6&"</P><P>Fits starting from VIN/ModelYear "&PartsMaster!$F408&" until VIN/ModelYear "&PartsMaster!$G408&"</P><P>Condition: "&PartsMaster!AB408&"</P><P> (part source "&PartsMaster!AD408&")</P><P>Notes: "&PartsMaster!AA408&"</P>" -> <P>Cap / Cover Cap / Cover / Trim</P><P>Jaguar part name </P><P>Product numbers 0</P><P>Fits starting from VIN/ModelYear until VIN/ModelYear </P><P>Condition: </P><P> (part source )</P><P>Notes: </P> | AA6: BasicStyle | AC6: 0 | AD6: 0 | AE6: None | AF6: 7 | AG6: 0 | AH6: 0 | AI6: 0 | AJ6: 0 | AK6: 0 | AO6: 0.00 | AR6: 0 | AS6: 10112 | AV6: Tallinn | AX6: 62128510024 | AY6: 62035811024 | AZ6: 55187694024 | BA6: Shipping per agreement | BB6: PayPal:Immediate pay | BC6: Return Policy | BD6: 1 | BE6: 0 | BF6: 0 | BG6: 0 | BN6: Metric | BV6: 0 | CL6: 0 | DD6: 0|287377024| | DE6: 0|287377024| | DI6: 0 | DP6: Jaguar | DQ6: =PartsMaster!$A408 -> 0 | DR6: Yes | DS6: =PartsMaster!$K409&" "&PartsMaster!L409&" "&PartsMaster!$M409 -> Front Right Low
A7: Add | B7: UK | C7: FixedPriceItem | D7: =PartsMaster!B4&" "&PartsMaster!$C4 -> Jaguar XK8 XKR X100 Trunk lining mount rivets | E7: 3000 | F7: Normal Used Condition. | H7: =PartsMaster!$Q4 -> FASTENER-PUS | I7: 9886 | K7: 0 | L7: 0 | M7: =PartsMaster!$D4 -> 6 | O7: GBP | P7: =PartsMaster!$S4/1.45 -> 0.68965517 | S7: 30 | T7: 0 | U7: EE | Z7: ="<P>"&PartsMaster!$I4&" "&PartsMaster!$H4&"</P>"&"<P>Jaguar part name "&PartsMaster!$E4&"</P><P>Product numbers "&PartsMaster!R4&" "&DQ7&"</P><P>Fits starting from VIN/ModelYear "&PartsMaster!$F4&" until VIN/ModelYear "&PartsMaster!$G4&"</P><P>Condition: "&PartsMaster!AB4&"</P><P> (part source "&PartsMaster!AD4&")</P><P>Notes: "&PartsMaster!AA4&"</P>" -> <P>Fastener / Fir-tree / Rivet Interior trim</P><P>Jaguar part name Trunc Lid Liner Push in fastener </P><P>Product numbers AGU2530 AGU2530</P><P>Fits starting from VIN/ModelYear until VIN/ModelYear </P><P>Condition: Dismantled from bottom & engine damaged MY1997 XK8 Convertible VIN 0136xx</P><P> (part source )</P><P>Notes: </P> | AA7: BasicStyle | AC7: 0 | AD7: 0 | AE7: None | AF7: 7 | AG7: 0 | AH7: 0 | AI7: 0 | AJ7: 0 | AK7: 0 | AO7: 0.00 | AR7: 0 | AS7: 10112 | AV7: Tallinn | AX7: 62128510024 | AY7: 62035811024 | AZ7: 55187694024 | BA7: Shipping per agreement | BB7: PayPal:Immediate pay | BC7: Return Policy | BD7: 1 | BE7: 0 | BF7: 0 | BG7: 0 | BN7: Metric | BV7: 0 | CL7: 0 | DD7: 0|287377024| | DE7: 0|287377024| | DI7: 0 | DP7: Jaguar | DQ7: =PartsMaster!$A4 -> AGU2530 | DR7: Yes | DS7: =PartsMaster!$K5&" "&PartsMaster!L5&" "&PartsMaster!$M5
A8: Add | B8: UK | C8: FixedPriceItem | D8: =PartsMaster!B5&" "&PartsMaster!$C5 -> Jaguar XK8 XKR X100 THERMOSTAT KIT-ALUMINIUM | E8: 3000 | F8: Normal Used Condition. | H8: =PartsMaster!$Q5 -> THERMOSTAT KIT-ALUMINIUM | I8: 9886 | K8: 0 | L8: 0 | M8: =PartsMaster!$D5 -> 0 | O8: GBP | P8: =PartsMaster!$S5/1.45 -> 0 | S8: 30 | T8: 0 | U8: EE | Z8: ="<P>"&PartsMaster!$I5&" "&PartsMaster!$H5&"</P>"&"<P>Jaguar part name "&PartsMaster!$E5&"</P><P>Product numbers "&PartsMaster!R5&" "&DQ8&"</P><P>Fits starting from VIN/ModelYear "&PartsMaster!$F5&" until VIN/ModelYear "&PartsMaster!$G5&"</P><P>Condition: "&PartsMaster!AB5&"</P><P> (part source "&PartsMaster!AD5&")</P><P>Notes: "&PartsMaster!AA5&"</P>" -> <P>Engine Cooling Kit</P><P>Jaguar part name </P><P>Product numbers AJ82217KIT1A AJ82217KIT1A</P><P>Fits starting from VIN/ModelYear until VIN/ModelYear </P><P>Condition: British Parts</P><P> (part source )</P><P>Notes: </P> | AA8: BasicStyle | AC8: 0 | AD8: 0 | AE8: None | AF8: 7 | AG8: 0 | AH8: 0 | AI8: 0 | AJ8: 0 | AK8: 0 | AO8: 0.00 | AR8: 0 | AS8: 10112 | AV8: Tallinn | AX8: 62128510024 | AY8: 62035811024 | AZ8: 55187694024 | BA8: Shipping per agreement | BB8: PayPal:Immediate pay | BC8: Return Policy | BD8: 1 | BE8: 0 | BF8: 0 | BG8: 0 | BN8: Metric | BV8: 0 | CL8: 0 | DD8: 0|287377024| | DE8: 0|287377024| | DI8: 0 | DP8: Jaguar | DQ8: =PartsMaster!$A5 -> AJ82217KIT1A | DR8: Yes | DS8: =PartsMaster!$K6&" "&PartsMaster!L6&" "&PartsMaster!$M6
A9: Add | B9: UK | C9: FixedPriceItem | D9: =PartsMaster!B6&" "&PartsMaster!$C6 -> Jaguar XK8 XKR X100 Timing Chain Tensioner Primary | E9: 3000 | F9: Normal Used Condition. | H9: =PartsMaster!$Q6 -> TIMING CHAIN TENSIONER | I9: 9886 | K9: 0 | L9: 0 | M9: =PartsMaster!$D6 -> 1 | O9: GBP | P9: =PartsMaster!$S6/1.45 -> 0 | S9: 30 | T9: 0 | U9: EE | Z9: ="<P>"&PartsMaster!$I6&" "&PartsMaster!$H6&"</P>"&"<P>Jaguar part name "&PartsMaster!$E6&"</P><P>Product numbers "&PartsMaster!R6&" "&DQ9&"</P><P>Fits starting from VIN/ModelYear "&PartsMaster!$F6&" until VIN/ModelYear "&PartsMaster!$G6&"</P><P>Condition: "&PartsMaster!AB6&"</P><P> (part source "&PartsMaster!AD6&")</P><P>Notes: "&PartsMaster!AA6&"</P>" -> <P>Engine Timing Chain tensioner</P><P>Jaguar part name </P><P>Product numbers AJ82325 AJ82325</P><P>Fits starting from VIN/ModelYear X100, 1996 - X308, 1997 until VIN/ModelYear X100, 2006 - X308, 2002</P><P>Condition: British Parts</P><P> (part source )</P><P>Notes: </P> | AA9: BasicStyle | AC9: 0 | AD9: 0 | AE9: None | AF9: 7 | AG9: 0 | AH9: 0 | AI9: 0 | AJ9: 0 | AK9: 0 | AO9: 0.00 | AR9: 0 | AS9: 10112 | AV9: Tallinn | AX9: 62128510024 | AY9: 62035811024 | AZ9: 55187694024 | BA9: Shipping per agreement | BB9: PayPal:Immediate pay | BC9: Return Policy | BD9: 1 | BE9: 0 | BF9: 0 | BG9: 0 | BN9: Metric | BV9: 0 | CL9: 0 | DD9: 0|287377024| | DE9: 0|287377024| | DI9: 0 | DP9: Jaguar | DQ9: =PartsMaster!$A6 -> AJ82325 | DR9: Yes | DS9: =PartsMaster!$K7&" "&PartsMaster!L7&" "&PartsMaster!$M7
A10: Add | B10: UK | C10: FixedPriceItem | D10: =PartsMaster!B7&" "&PartsMaster!$C7 -> Jaguar XK8 XKR X100 CAMSHAFT COVER SEAL-VVT | E10: 3000 | F10: Normal Used Condition. | H10: =PartsMaster!$Q7 -> CAMSHAFT COVER SEAL-VVT | I10: 9886 | K10: 0 | L10: 0 | M10: =PartsMaster!$D7 -> 0 | O10: GBP | P10: =PartsMaster!$S7/1.45 -> 0 | S10: 30 | T10: 0 | U10: EE | Z10: ="<P>"&PartsMaster!$I7&" "&PartsMaster!$H7&"</P>"&"<P>Jaguar part name "&PartsMaster!$E7&"</P><P>Product numbers "&PartsMaster!R7&" "&DQ10&"</P><P>Fits starting from VIN/ModelYear "&PartsMaster!$F7&" until VIN/ModelYear "&PartsMaster!$G7&"</P><P>Condition: "&PartsMaster!AB7&"</P><P> (part source "&PartsMaster!AD7&")</P><P>Notes: "&PartsMaster!AA7&"</P>" -> <P>Engine Oil Gasket / Seal / O-Ring</P><P>Jaguar part name </P><P>Product numbers AJ82856 AJ82856</P><P>Fits starting from VIN/ModelYear until VIN/ModelYear </P><P>Condition: British Parts</P><P> (part source )</P><P>Notes: </P> | AA10: BasicStyle | AC10: 0 | AD10: 0 | AE10: None | AF10: 7 | AG10: 0 | AH10: 0 | AI10: 0 | AJ10: 0 | AK10: 0 | AO10: 0.00 | AR10: 0 | AS10: 10112 | AV10: Tallinn | AX10: 62128510024 | AY10: 62035811024 | AZ10: 55187694024 | BA10: Shipping per agreement | BB10: PayPal:Immediate pay | BC10: Return Policy | BD10: 1 | BE10: 0 | BF10: 0 | BG10: 0 | BN10: Metric | BV10: 0 | CL10: 0 | DD10: 0|287377024| | DE10: 0|287377024| | DI10: 0 | DP10: Jaguar | DQ10: =PartsMaster!$A7 -> AJ82856 | DR10: Yes | DS10: =PartsMaster!$K8&" "&PartsMaster!L8&" "&PartsMaster!$M8
A11: Add | B11: UK | C11: FixedPriceItem | D11: =PartsMaster!B8&" "&PartsMaster!$C8 -> Jaguar XK8 XKR X100 XJ8 XJR X308 Seal Camshaft Cover VVT | E11: 3000 | F11: Normal Used Condition. | H11: =PartsMaster!$Q8 -> 0 | I11: 9886 | K11: 0 | L11: 0 | M11: =PartsMaster!$D8 -> 0 | O11: GBP | P11: =PartsMaster!$S8/1.45 -> 0 | S11: 30 | T11: 0 | U11: EE | Z11: ="<P>"&PartsMaster!$I8&" "&PartsMaster!$H8&"</P>"&"<P>Jaguar part name "&PartsMaster!$E8&"</P><P>Product numbers "&PartsMaster!R8&" "&DQ11&"</P><P>Fits starting from VIN/ModelYear "&PartsMaster!$F8&" until VIN/ModelYear "&PartsMaster!$G8&"</P><P>Condition: "&PartsMaster!AB8&"</P><P> (part source "&PartsMaster!AD8&")</P><P>Notes: "&PartsMaster!AA8&"</P>" -> <P> Seal / Insulation</P><P>Jaguar part name </P><P>Product numbers AJ82856 AJ82856</P><P>Fits starting from VIN/ModelYear X100, 1996 - X308, 1997 until VIN/ModelYear X100, 2006 - X308, 2002</P><P>Condition: </P><P> (part source )</P><P>Notes: </P> | AA11: BasicStyle | AC11: 0 | AD11: 0 | AE11: None | AF11: 7 | AG11: 0 | AH11: 0 | AI11: 0 | AJ11: 0 | AK11: 0 | AO11: 0.00 | AR11: 0 | AS11: 10112 | AV11: Tallinn | AX11: 62128510024 | AY11: 62035811024 | AZ11: 55187694024 | BA11: Shipping per agreement | BB11: PayPal:Immediate pay | BC11: Return Policy | BD11: 1 | BE11: 0 | BF11: 0 | BG11: 0 | BN11: Metric | BV11: 0 | CL11: 0 | DD11: 0|287377024| | DE11: 0|287377024| | DI11: 0 | DP11: Jaguar | DQ11: =PartsMaster!$A8 -> AJ82856 | DR11: Yes | DS11: =PartsMaster!$K9&" "&PartsMaster!L9&" "&PartsMaster!$M9
A12: Add | B12: UK | C12: FixedPriceItem | D12: =PartsMaster!B9&" "&PartsMaster!$C9 -> Jaguar XK8 XKR X100 OIL SEAL-CRANKSHAFT | E12: 3000 | F12: Normal Used Condition. | H12: =PartsMaster!$Q9 -> OIL SEAL-CRANKSHAFT | I12: 9886 | K12: 0 | L12: 0 | M12: =PartsMaster!$D9 -> 0 | O12: GBP | P12: =PartsMaster!$S9/1.45 -> 0 | S12: 30 | T12: 0 | U12: EE | Z12: ="<P>"&PartsMaster!$I9&" "&PartsMaster!$H9&"</P>"&"<P>Jaguar part name "&PartsMaster!$E9&"</P><P>Product numbers "&PartsMaster!R9&" "&DQ12&"</P><P>Fits starting from VIN/ModelYear "&PartsMaster!$F9&" until VIN/ModelYear "&PartsMaster!$G9&"</P><P>Condition: "&PartsMaster!AB9&"</P><P> (part source "&PartsMaster!AD9&")</P><P>Notes: "&PartsMaster!AA9&"</P>" -> <P>Engine Oil Gasket / Seal / O-Ring</P><P>Jaguar part name </P><P>Product numbers AJ83698 AJ83698</P><P>Fits starting from VIN/ModelYear until VIN/ModelYear </P><P>Condition: British Parts</P><P> (part source )</P><P>Notes: </P> | AA12: BasicStyle | AC12: 0 | AD12: 0 | AE12: None | AF12: 7 | AG12: 0 | AH12: 0 | AI12: 0 | AJ12: 0 | AK12: 0 | AO12: 0.00 | AR12: 0 | AS12: 10112 | AV12: Tallinn | AX12: 62128510024 | AY12: 62035811024 | AZ12: 55187694024 | BA12: Shipping per agreement | BB12: PayPal:Immediate pay | BC12: Return Policy | BD12: 1 | BE12: 0 | BF12: 0 | BG12: 0 | BN12: Metric | BV12: 0 | CL12: 0 | DD12: 0|287377024| | DE12: 0|287377024| | DI12: 0 | DP12: Jaguar | DQ12: =PartsMaster!$A9 -> AJ83698 | DR12: Yes | DS12: =PartsMaster!$K10&" "&PartsMaster!L10&" "&PartsMaster!$M10
A13: Add | B13: UK | C13: FixedPriceItem | D13: =PartsMaster!B10&" "&PartsMaster!$C10 -> Jaguar XK8 XKR X100 XJ8 XJR X308 Timing Cover Seal Inner | E13: 3000 | F13: Normal Used Condition. | H13: =PartsMaster!$Q10 -> Timing Cover Seal Inner | I13: 9886 | K13: 0 | L13: 0 | M13: =PartsMaster!$D10 -> 0 | O13: GBP | P13: =PartsMaster!$S10/1.45 -> 0 | S13: 30 | T13: 0 | U13: EE | Z13: ="<P>"&PartsMaster!$I10&" "&PartsMaster!$H10&"</P>"&"<P>Jaguar part name "&PartsMaster!$E10&"</P><P>Product numbers "&PartsMaster!R10&" "&DQ13&"</P><P>Fits starting from VIN/ModelYear "&PartsMaster!$F10&" until VIN/ModelYear "&PartsMaster!$G10&"</P><P>Condition: "&PartsMaster!AB10&"</P><P> (part source "&PartsMaster!AD10&")</P><P>Notes: "&PartsMaster!AA10&"</P>" -> <P>Engine timing Gasket / Seal / O-Ring</P><P>Jaguar part name </P><P>Product numbers AJ83699 AJ83699</P><P>Fits starting from VIN/ModelYear X100, 1996 - X308, 1997 until VIN/ModelYear X100, 2006 - X308, 2002</P><P>Condition: </P><P> (part source )</P><P>Notes: </P> | AA13: BasicStyle | AC13: 0 | AD13: 0 | AE13: None | AF13: 7 | AG13: 0 | AH13: 0 | AI13: 0 | AJ13: 0 | AK13: 0 | AO13: 0.00 | AR13: 0 | AS13: 10112 | AV13: Tallinn | AX13: 62128510024 | AY13: 62035811024 | AZ13: 55187694024 | BA13: Shipping per agreement | BB13: PayPal:Immediate pay | BC13: Return Policy | BD13: 1 | BE13: 0 | BF13: 0 | BG13: 0 | BN13: Metric | BV13: 0 | CL13: 0 | DD13: 0|287377024| | DE13: 0|287377024| | DI13: 0 | DP13: Jaguar | DQ13: =PartsMaster!$A10 -> AJ83699 | DR13: Yes | DS13: =PartsMaster!$K11&" "&PartsMaster!L11&" "&PartsMaster!$M11
A14: Add | B14: UK | C14: FixedPriceItem | D14: =PartsMaster!B11&" "&PartsMaster!$C11 -> Jaguar XK8 XKR X100 Crankshaft Oil Seal | E14: 3000 | F14: Normal Used Condition. | H14: =PartsMaster!$Q11 -> OIL SEAL-CRANKSHAFT | I14: 9886 | K14: 0 | L14: 0 | M14: =PartsMaster!$D11 -> 0 | O14: GBP | P14: =PartsMaster!$S11/1.45 -> 0 | S14: 30 | T14: 0 | U14: EE | Z14: ="<P>"&PartsMaster!$I11&" "&PartsMaster!$H11&"</P>"&"<P>Jaguar part name "&PartsMaster!$E11&"</P><P>Product numbers "&PartsMaster!R11&" "&DQ14&"</P><P>Fits starting from VIN/ModelYear "&PartsMaster!$F11&" until VIN/ModelYear "&PartsMaster!$G11&"</P><P>Condition: "&PartsMaster!AB11&"</P><P> (part source "&PartsMaster!AD11&")</P><P>Notes: "&PartsMaster!AA11&"</P>" -> <P>Engine Oil Gasket / Seal / O-Ring</P><P>Jaguar part name </P><P>Product numbers AJ83744 AJ83744</P><P>Fits starting from VIN/ModelYear until VIN/ModelYear </P><P>Condition: British Parts</P><P> (part source )</P><P>Notes: </P> | AA14: BasicStyle | AC14: 0 | AD14: 0 | AE14: None | AF14: 7 | AG14: 0 | AH14: 0 | AI14: 0 | AJ14: 0 | AK14: 0 | AO14: 0.00 | AR14: 0 | AS14: 10112 | AV14: Tallinn | AX14: 62128510024 | AY14: 62035811024 | AZ14: 55187694024 | BA14: Shipping per agreement | BB14: PayPal:Immediate pay | BC14: Return Policy | BD14: 1 | BE14: 0 | BF14: 0 | BG14: 0 | BN14: Metric | BV14: 0 | CL14: 0 | DD14: 0|287377024| | DE14: 0|287377024| | DI14: 0 | DP14: Jaguar | DQ14: =PartsMaster!$A11 -> AJ83744 | DR14: Yes | DS14: =PartsMaster!$K12&" "&PartsMaster!L12&" "&PartsMaster!$M12
A15: Add | B15: UK | C15: FixedPriceItem | D15: =PartsMaster!B12&" "&PartsMaster!$C12 -> Jaguar XK8 XKR X100 THERMOSTAT | E15: 3000 | F15: Normal Used Condition. | H15: =PartsMaster!$Q12 -> THERMOSTAT | I15: 9886 | K15: 0 | L15: 0 | M15: =PartsMaster!$D12 -> 0 | O15: GBP | P15: =PartsMaster!$S12/1.45 -> 0 | S15: 30 | T15: 0 | U15: EE | Z15: ="<P>"&PartsMaster!$I12&" "&PartsMaster!$H12&"</P>"&"<P>Jaguar part name "&PartsMaster!$E12&"</P><P>Product numbers "&PartsMaster!R12&" "&DQ15&"</P><P>Fits starting from VIN/ModelYear "&PartsMaster!$F12&" until VIN/ModelYear "&PartsMaster!$G12&"</P><P>Condition: "&PartsMaster!AB12&"</P><P> (part source "&PartsMaster!AD12&")</P><P>Notes: "&PartsMaster!AA12&"</P>" -> <P>Engine Cooling Switch </P><P>Jaguar part name </P><P>Product numbers AJ86484 AJ86484</P><P>Fits starting from VIN/ModelYear until VIN/ModelYear </P><P>Condition: British Parts</P><P> (part source )</P><P>Notes: </P> | AA15: BasicStyle | AC15: 0 | AD15: 0 | AE15: None | AF15: 7 | AG15: 0 | AH15: 0 | AI15: 0 | AJ15: 0 | AK15: 0 | AO15: 0.00 | AR15: 0 | AS15: 10112 | AV15: Tallinn | AX15: 62128510024 | AY15: 62035811024 | AZ15: 55187694024 | BA15: Shipping per agreement | BB15: PayPal:Immediate pay | BC15: Return Policy | BD15: 1 | BE15: 0 | BF15: 0 | BG15: 0 | BN15: Metric | BV15: 0 | CL15: 0 | DD15: 0|287377024| | DE15: 0|287377024| | DI15: 0 | DP15: Jaguar | DQ15: =PartsMaster!$A12 -> AJ86484 | DR15: Yes | DS15: =PartsMaster!$K13&" "&PartsMaster!L13&" "&PartsMaster!$M13
A16: Add | B16: UK | C16: FixedPriceItem | D16: =PartsMaster!B13&" "&PartsMaster!$C13 -> Jaguar XK8 XKR X100 CAMSHAFT COVER CENTRE SEAL | E16: 3000 | F16: Normal Used Condition. | H16: =PartsMaster!$Q13 -> CAMSHAFT COVER CENTRE SEAL | I16: 9886 | K16: 0 | L16: 0 | M16: =PartsMaster!$D13 -> 0 | O16: GBP | P16: =PartsMaster!$S13/1.45 -> 0 | S16: 30 | T16: 0 | U16: EE | Z16: ="<P>"&PartsMaster!$I13&" "&PartsMaster!$H13&"</P>"&"<P>Jaguar part name "&PartsMaster!$E13&"</P><P>Product numbers "&PartsMaster!R13&" "&DQ16&"</P><P>Fits starting from VIN/ModelYear "&PartsMaster!$F13&" until VIN/ModelYear "&PartsMaster!$G13&"</P><P>Condition: "&PartsMaster!AB13&"</P><P> (part source "&PartsMaster!AD13&")</P><P>Notes: "&PartsMaster!AA13&"</P>" -> <P>Engine Oil Gasket / Seal / O-Ring</P><P>Jaguar part name </P><P>Product numbers AJ87242 AJ87242</P><P>Fits starting from VIN/ModelYear until VIN/ModelYear </P><P>Condition: British Parts</P><P> (part source )</P><P>Notes: </P> | AA16: BasicStyle | AC16: 0 | AD16: 0 | AE16: None | AF16: 7 | AG16: 0 | AH16: 0 | AI16: 0 | AJ16: 0 | AK16: 0 | AO16: 0.00 | AR16: 0 | AS16: 10112 | AV16: Tallinn | AX16: 62128510024 | AY16: 62035811024 | AZ16: 55187694024 | BA16: Shipping per agreement | BB16: PayPal:Immediate pay | BC16: Return Policy | BD16: 1 | BE16: 0 | BF16: 0 | BG16: 0 | BN16: Metric | BV16: 0 | CL16: 0 | DD16: 0|287377024| | DE16: 0|287377024| | DI16: 0 | DP16: Jaguar | DQ16: =PartsMaster!$A13 -> AJ87242 | DR16: Yes | DS16: =PartsMaster!$K14&" "&PartsMaster!L14&" "&PartsMaster!$M14 -> Left
A17: Add | B17: UK | C17: FixedPriceItem | D17: =PartsMaster!B14&" "&PartsMaster!$C14 -> Jaguar XK8 XKR X100 XJ8 XJR X308 Gasket Camshaft Cover B-Bank | E17: 3000 | F17: Normal Used Condition. | H17: =PartsMaster!$Q14 -> Cam Cover Gasket LH B Bank | I17: 9886 | K17: 0 | L17: 0 | M17: =PartsMaster!$D14 -> 0 | O17: GBP | P17: =PartsMaster!$S14/1.45 -> 14.482759 | S17: 30 | T17: 0 | U17: EE | Z17: ="<P>"&PartsMaster!$I14&" "&PartsMaster!$H14&"</P>"&"<P>Jaguar part name "&PartsMaster!$E14&"</P><P>Product numbers "&PartsMaster!R14&" "&DQ17&"</P><P>Fits starting from VIN/ModelYear "&PartsMaster!$F14&" until VIN/ModelYear "&PartsMaster!$G14&"</P><P>Condition: "&PartsMaster!AB14&"</P><P> (part source "&PartsMaster!AD14&")</P><P>Notes: "&PartsMaster!AA14&"</P>" -> <P> Gasket / Seal / O-Ring</P><P>Jaguar part name </P><P>Product numbers AJ88285 AJ88285</P><P>Fits starting from VIN/ModelYear Engine #9810290000 until VIN/ModelYear </P><P>Condition: </P><P> (part source )</P><P>Notes: </P> | AA17: BasicStyle | AC17: 0 | AD17: 0 | AE17: None | AF17: 7 | AG17: 0 | AH17: 0 | AI17: 0 | AJ17: 0 | AK17: 0 | AO17: 0.00 | AR17: 0 | AS17: 10112 | AV17: Tallinn | AX17: 62128510024 | AY17: 62035811024 | AZ17: 55187694024 | BA17: Shipping per agreement | BB17: PayPal:Immediate pay | BC17: Return Policy | BD17: 1 | BE17: 0 | BF17: 0 | BG17: 0 | BN17: Metric | BV17: 0 | CL17: 0 | DD17: 0|287377024| | DE17: 0|287377024| | DI17: 0 | DP17: Jaguar | DQ17: =PartsMaster!$A14 -> AJ88285 | DR17: Yes | DS17: =PartsMaster!$K15&" "&PartsMaster!L15&" "&PartsMaster!$M15 -> Right
A18: Add | B18: UK | C18: FixedPriceItem | D18: =PartsMaster!B15&" "&PartsMaster!$C15 -> Jaguar XK8 XKR X100 XJ8 XJR X308 Gasket Camshaft Cover A-Bank | E18: 3000 | F18: Normal Used Condition. | H18: =PartsMaster!$Q15 -> Cam Cover Gasket RH A Bank | I18: 9886 | K18: 0 | L18: 0 | M18: =PartsMaster!$D15 -> 0 | O18: GBP | P18: =PartsMaster!$S15/1.45 -> 14.482759 | S18: 30 | T18: 0 | U18: EE | Z18: ="<P>"&PartsMaster!$I15&" "&PartsMaster!$H15&"</P>"&"<P>Jaguar part name "&PartsMaster!$E15&"</P><P>Product numbers "&PartsMaster!R15&" "&DQ18&"</P><P>Fits starting from VIN/ModelYear "&PartsMaster!$F15&" until VIN/ModelYear "&PartsMaster!$G15&"</P><P>Condition: "&PartsMaster!AB15&"</P><P> (part source "&PartsMaster!AD15&")</P><P>Notes: "&PartsMaster!AA15&"</P>" -> <P> Gasket / Seal / O-Ring</P><P>Jaguar part name </P><P>Product numbers AJ88400 AJ88400</P><P>Fits starting from VIN/ModelYear Engine #9810290000 until VIN/ModelYear </P><P>Condition: </P><P> (part source )</P><P>Notes: </P> | AA18: BasicStyle | AC18: 0 | AD18: 0 | AE18: None | AF18: 7 | AG18: 0 | AH18: 0 | AI18: 0 | AJ18: 0 | AK18: 0 | AO18: 0.00 | AR18: 0 | AS18: 10112 | AV18: Tallinn | AX18: 62128510024 | AY18: 62035811024 | AZ18: 55187694024 | BA18: Shipping per agreement | BB18: PayPal:Immediate pay | BC18: Return Policy | BD18: 1 | BE18: 0 | BF18: 0 | BG18: 0 | BN18: Metric | BV18: 0 | CL18: 0 | DD18: 0|287377024| | DE18: 0|287377024| | DI18: 0 | DP18: Jaguar | DQ18: =PartsMaster!$A15 -> AJ88400 | DR18: Yes | DS18: =PartsMaster!$K16&" "&PartsMaster!L16&" "&PartsMaster!$M16
A19: Add | B19: UK | C19: FixedPriceItem | D19: =PartsMaster!B162&" "&PartsMaster!$C162 -> Jaguar XK8 XKR X100 Seatbelt Front - Topmount plastic cover trim | E19: 3000 | F19: Normal Used Condition. | H19: =PartsMaster!$Q162 -> 0 | I19: 9886 | K19: 0 | L19: 0 | M19: =PartsMaster!$D162 -> 0 | O19: GBP | P19: =PartsMaster!$S162/1.45 -> 0 | S19: 30 | T19: 0 | U19: EE | Z19: ="<P>"&PartsMaster!$I162&" "&PartsMaster!$H162&"</P>"&"<P>Jaguar part name "&PartsMaster!$E162&"</P><P>Product numbers "&PartsMaster!R162&" "&DQ19&"</P><P>Fits starting from VIN/ModelYear "&PartsMaster!$F162&" until VIN/ModelYear "&PartsMaster!$G162&"</P><P>Condition: "&PartsMaster!AB162&"</P><P> (part source "&PartsMaster!AD162&")</P><P>Notes: "&PartsMaster!AA162&"</P>" -> <P>Cap / Cover Cap / Cover / Trim</P><P>Jaguar part name Seatbelt Cap</P><P>Product numbers HND7150AALEG </P><P>Fits starting from VIN/ModelYear 19229 until VIN/ModelYear </P><P>Condition: </P><P> (part source )</P><P>Notes: </P> | AA19: BasicStyle | AC19: 0 | AD19: 0 | AE19: None | AF19: 7 | AG19: 0 | AH19: 0 | AI19: 0 | AJ19: 0 | AK19: 0 | AO19: 0.00 | AR19: 0 | AS19: 10112 | AV19: Tallinn | AX19: 62128510024 | AY19: 62035811024 | AZ19: 55187694024 | BA19: Shipping per agreement | BB19: PayPal:Immediate pay | BC19: Return Policy | BD19: 1 | BE19: 0 | BF19: 0 | BG19: 0 | BN19: Metric | BV19: 0 | CL19: 0 | DD19: 0|287377024| | DE19: 0|287377024| | DI19: 0 | DP19: Jaguar | DQ19: =PartsMaster!$A162 -> HND7150AALEG | DR19: Yes | DS19: =PartsMaster!$K163&" "&PartsMaster!L163&" "&PartsMaster!$M163 -> Center Left
A20: Add | B20: UK | C20: FixedPriceItem | D20: =PartsMaster!B47&" "&PartsMaster!$C47 -> Jaguar XK8 XKR X100 GASKET-MANIFOLD DOWNPIPE | E20: 3000 | F20: Normal Used Condition. | H20: =PartsMaster!$Q47 -> GASKET-MANIFOLD DOWNPIPE | I20: 9886 | K20: 0 | L20: 0 | M20: =PartsMaster!$D47 -> 0 | O20: GBP | P20: =PartsMaster!$S47/1.45 -> 0 | S20: 30 | T20: 0 | U20: EE | Z20: ="<P>"&PartsMaster!$I47&" "&PartsMaster!$H47&"</P>"&"<P>Jaguar part name "&PartsMaster!$E47&"</P><P>Product numbers "&PartsMaster!R47&" "&DQ20&"</P><P>Fits starting from VIN/ModelYear "&PartsMaster!$F47&" until VIN/ModelYear "&PartsMaster!$G47&"</P><P>Condition: "&PartsMaster!AB47&"</P><P> (part source "&PartsMaster!AD47&")</P><P>Notes: "&PartsMaster!AA47&"</P>" -> <P>Engine Inlet Gasket / Seal / O-Ring</P><P>Jaguar part name </P><P>Product numbers EAZ2050 EAZ2050</P><P>Fits starting from VIN/ModelYear until VIN/ModelYear </P><P>Condition: British Parts</P><P> (part source )</P><P>Notes: </P> | AA20: BasicStyle | AC20: 0 | AD20: 0 | AE20: None | AF20: 7 | AG20: 0 | AH20: 0 | AI20: 0 | AJ20: 0 | AK20: 0 | AO20: 0.00 | AR20: 0 | AS20: 10112 | AV20: Tallinn | AX20: 62128510024 | AY20: 62035811024 | AZ20: 55187694024 | BA20: Shipping per agreement | BB20: PayPal:Immediate pay | BC20: Return Policy | BD20: 1 | BE20: 0 | BF20: 0 | BG20: 0 | BN20: Metric | BV20: 0 | CL20: 0 | DD20: 0|287377024| | DE20: 0|287377024| | DI20: 0 | DP20: Jaguar | DQ20: =PartsMaster!$A47 -> EAZ2050 | DR20: Yes | DS20: =PartsMaster!$K48&" "&PartsMaster!L48&" "&PartsMaster!$M48
A21: Add | B21: UK | C21: FixedPriceItem | D21: =PartsMaster!B364&" "&PartsMaster!$C364 -> Jaguar XK8 XKR X100 Repaint Steering Wheel Airback cover | E21: 3000 | F21: Normal Used Condition. | H21: =PartsMaster!$Q364 -> 0 | I21: 9886 | K21: 0 | L21: 0 | M21: =PartsMaster!$D364 -> 0 | O21: GBP | P21: =PartsMaster!$S364/1.45 -> 0 | S21: 30 | T21: 0 | U21: EE | Z21: ="<P>"&PartsMaster!$I364&" "&PartsMaster!$H364&"</P>"&"<P>Jaguar part name "&PartsMaster!$E364&"</P><P>Product numbers "&PartsMaster!R364&" "&DQ21&"</P><P>Fits starting from VIN/ModelYear "&PartsMaster!$F364&" until VIN/ModelYear "&PartsMaster!$G364&"</P><P>Condition: "&PartsMaster!AB364&"</P><P> (part source "&PartsMaster!AD364&")</P><P>Notes: "&PartsMaster!AA364&"</P>" -> <P> </P><P>Jaguar part name </P><P>Product numbers 0</P><P>Fits starting from VIN/ModelYear until VIN/ModelYear </P><P>Condition: </P><P> (part source )</P><P>Notes: </P> | AA21: BasicStyle | AC21: 0 | AD21: 0 | AE21: None | AF21: 7 | AG21: 0 | AH21: 0 | AI21: 0 | AJ21: 0 | AK21: 0 | AO21: 0.00 | AR21: 0 | AS21: 10112 | AV21: Tallinn | AX21: 62128510024 | AY21: 62035811024 | AZ21: 55187694024 | BA21: Shipping per agreement | BB21: PayPal:Immediate pay | BC21: Return Policy | BD21: 1 | BE21: 0 | BF21: 0 | BG21: 0 | BN21: Metric | BV21: 0 | CL21: 0 | DD21: 0|287377024| | DE21: 0|287377024| | DI21: 0 | DP21: Jaguar | DQ21: =PartsMaster!$A364 -> 0 | DR21: Yes | DS21: =PartsMaster!$K365&" "&PartsMaster!L365&" "&PartsMaster!$M365
A22: Add | B22: UK | C22: FixedPriceItem | D22: =PartsMaster!B49&" "&PartsMaster!$C49 -> Jaguar XK8 XKR X100 Plenum cover finisher Cap | E22: 3000 | F22: Normal Used Condition. | H22: =PartsMaster!$Q49 -> 0 | I22: 9886 | K22: 0 | L22: 0 | M22: =PartsMaster!$D49 -> 0 | O22: GBP | P22: =PartsMaster!$S49/1.45 -> 0 | S22: 30 | T22: 0 | U22: EE | Z22: ="<P>"&PartsMaster!$I49&" "&PartsMaster!$H49&"</P>"&"<P>Jaguar part name "&PartsMaster!$E49&"</P><P>Product numbers "&PartsMaster!R49&" "&DQ22&"</P><P>Fits starting from VIN/ModelYear "&PartsMaster!$F49&" until VIN/ModelYear "&PartsMaster!$G49&"</P><P>Condition: "&PartsMaster!AB49&"</P><P> (part source "&PartsMaster!AD49&")</P><P>Notes: "&PartsMaster!AA49&"</P>" -> <P>Cap / Cover Cap / Cover / Trim</P><P>Jaguar part name </P><P>Product numbers EU HJA3835AA / HJA3835AA</P><P>Fits starting from VIN/ModelYear until VIN/ModelYear </P><P>Condition: </P><P> (part source )</P><P>Notes: </P> | AA22: BasicStyle | AC22: 0 | AD22: 0 | AE22: None | AF22: 7 | AG22: 0 | AH22: 0 | AI22: 0 | AJ22: 0 | AK22: 0 | AO22: 0.00 | AR22: 0 | AS22: 10112 | AV22: Tallinn | AX22: 62128510024 | AY22: 62035811024 | AZ22: 55187694024 | BA22: Shipping per agreement | BB22: PayPal:Immediate pay | BC22: Return Policy | BD22: 1 | BE22: 0 | BF22: 0 | BG22: 0 | BN22: Metric | BV22: 0 | CL22: 0 | DD22: 0|287377024| | DE22: 0|287377024| | DI22: 0 | DP22: Jaguar | DQ22: =PartsMaster!$A49 -> EU HJA3835AA / HJA3835AA | DR22: Yes | DS22: =PartsMaster!$K50&" "&PartsMaster!L50&" "&PartsMaster!$M50
A23: Add | B23: UK | C23: FixedPriceItem | D23: =PartsMaster!B211&" "&PartsMaster!$C211 -> Jaguar XK8 XKR X100 ABS Sensor | E23: 3000 | F23: Normal Used Condition. | H23: =PartsMaster!$Q211 -> ABS Sensor | I23: 9886 | K23: 0 | L23: 0 | M23: =PartsMaster!$D211 -> 4 | O23: GBP | P23: =PartsMaster!$S211/1.45 -> 51.724138 | S23: 30 | T23: 0 | U23: EE | Z23: ="<P>"&PartsMaster!$I211&" "&PartsMaster!$H211&"</P>"&"<P>Jaguar part name "&PartsMaster!$E211&"</P><P>Product numbers "&PartsMaster!R211&" "&DQ23&"</P><P>Fits starting from VIN/ModelYear "&PartsMaster!$F211&" until VIN/ModelYear "&PartsMaster!$G211&"</P><P>Condition: "&PartsMaster!AB211&"</P><P> (part source "&PartsMaster!AD211&")</P><P>Notes: "&PartsMaster!AA211&"</P>" -> <P>Brakes Sensor</P><P>Jaguar part name Wheel Speed Sensor</P><P>Product numbers LJA2226AA LJA2226AA</P><P>Fits starting from VIN/ModelYear until VIN/ModelYear </P><P>Condition: Extra spare</P><P> (part source JP)</P><P>Notes: </P> | AA23: BasicStyle | AC23: 0 | AD23: 0 | AE23: None | AF23: 7 | AG23: 0 | AH23: 0 | AI23: 0 | AJ23: 0 | AK23: 0 | AO23: 0.00 | AR23: 0 | AS23: 10112 | AV23: Tallinn | AX23: 62128510024 | AY23: 62035811024 | AZ23: 55187694024 | BA23: Shipping per agreement | BB23: PayPal:Immediate pay | BC23: Return Policy | BD23: 1 | BE23: 0 | BF23: 0 | BG23: 0 | BN23: Metric | BV23: 0 | CL23: 0 | DD23: 0|287377024| | DE23: 0|287377024| | DI23: 0 | DP23: Jaguar | DQ23: =PartsMaster!$A211 -> LJA2226AA | DR23: Yes | DS23: =PartsMaster!$K212&" "&PartsMaster!L212&" "&PartsMaster!$M212
A24: Add | B24: UK | C24: FixedPriceItem | D24: =PartsMaster!B191&" "&PartsMaster!$C191 -> Jaguar XK8 XKR X100 Suspension Spring Kit (Road Spring) | E24: 3000 | F24: Normal Used Condition. | H24: =PartsMaster!$Q191 -> KIT-ROAD SPR | I24: 9886 | K24: 0 | L24: 0 | M24: =PartsMaster!$D191 -> 0 | O24: GBP | P24: =PartsMaster!$S191/1.45 -> 0 | S24: 30 | T24: 0 | U24: EE | Z24: ="<P>"&PartsMaster!$I191&" "&PartsMaster!$H191&"</P>"&"<P>Jaguar part name "&PartsMaster!$E191&"</P><P>Product numbers "&PartsMaster!R191&" "&DQ24&"</P><P>Fits starting from VIN/ModelYear "&PartsMaster!$F191&" until VIN/ModelYear "&PartsMaster!$G191&"</P><P>Condition: "&PartsMaster!AB191&"</P><P> (part source "&PartsMaster!AD191&")</P><P>Notes: "&PartsMaster!AA191&"</P>" -> <P>Suspension Spring</P><P>Jaguar part name Front Coil Spring</P><P>Product numbers JLM20712 JLM20712</P><P>Fits starting from VIN/ModelYear 031303 until VIN/ModelYear 042775</P><P>Condition: SNG Barrat UK</P><P> (part source )</P><P>Notes: Convertible</P> | AA24: BasicStyle | AC24: 0 | AD24: 0 | AE24: None | AF24: 7 | AG24: 0 | AH24: 0 | AI24: 0 | AJ24: 0 | AK24: 0 | AO24: 0.00 | AR24: 0 | AS24: 10112 | AV24: Tallinn | AX24: 62128510024 | AY24: 62035811024 | AZ24: 55187694024 | BA24: Shipping per agreement | BB24: PayPal:Immediate pay | BC24: Return Policy | BD24: 1 | BE24: 0 | BF24: 0 | BG24: 0 | BN24: Metric | BV24: 0 | CL24: 0 | DD24: 0|287377024| | DE24: 0|287377024| | DI24: 0 | DP24: Jaguar | DQ24: =PartsMaster!$A191 -> JLM20712 | DR24: Yes | DS24: =PartsMaster!$K192&" "&PartsMaster!L192&" "&PartsMaster!$M192 -> Rear Left/Right
A25: Add | B25: UK | C25: FixedPriceItem | D25: =PartsMaster!B213&" "&PartsMaster!$C213 -> Jaguar XK8 XKR X100 Cigar-lighter element-front | E25: 3000 | F25: Normal Used Condition. | H25: =PartsMaster!$Q213 -> 0 | I25: 9886 | K25: 0 | L25: 0 | M25: =PartsMaster!$D213 -> 0 | O25: GBP | P25: =PartsMaster!$S213/1.45 -> 0 | S25: 30 | T25: 0 | U25: EE | Z25: ="<P>"&PartsMaster!$I213&" "&PartsMaster!$H213&"</P>"&"<P>Jaguar part name "&PartsMaster!$E213&"</P><P>Product numbers "&PartsMaster!R213&" "&DQ25&"</P><P>Fits starting from VIN/ModelYear "&PartsMaster!$F213&" until VIN/ModelYear "&PartsMaster!$G213&"</P><P>Condition: "&PartsMaster!AB213&"</P><P> (part source "&PartsMaster!AD213&")</P><P>Notes: "&PartsMaster!AA213&"</P>" -> <P>Cigar Lighter </P><P>Jaguar part name Cigar-lighter element-front</P><P>Product numbers LJA2730AA</P><P>Fits starting from VIN/ModelYear until VIN/ModelYear </P><P>Condition: </P><P> (part source )</P><P>Notes: </P> | AA25: BasicStyle | AC25: 0 | AD25: 0 | AE25: None | AF25: 7 | AG25: 0 | AH25: 0 | AI25: 0 | AJ25: 0 | AK25: 0 | AO25: 0.00 | AR25: 0 | AS25: 10112 | AV25: Tallinn | AX25: 62128510024 | AY25: 62035811024 | AZ25: 55187694024 | BA25: Shipping per agreement | BB25: PayPal:Immediate pay | BC25: Return Policy | BD25: 1 | BE25: 0 | BF25: 0 | BG25: 0 | BN25: Metric | BV25: 0 | CL25: 0 | DD25: 0|287377024| | DE25: 0|287377024| | DI25: 0 | DP25: Jaguar | DQ25: =PartsMaster!$A213 -> LJA2730AA | DR25: Yes | DS25: =PartsMaster!$K214&" "&PartsMaster!L214&" "&PartsMaster!$M214 -> Front Right
A26: Add | B26: UK | C26: FixedPriceItem | D26: =PartsMaster!B22&" "&PartsMaster!$C22 -> Jaguar XK8 XKR X100 Seat - Mount Washer | E26: 3000 | F26: Normal Used Condition. | H26: =PartsMaster!$Q22 -> WASHER | I26: 9886 | K26: 0 | L26: 0 | M26: =PartsMaster!$D22 -> 0 | O26: GBP | P26: =PartsMaster!$S22/1.45 -> 0 | S26: 30 | T26: 0 | U26: EE | Z26: ="<P>"&PartsMaster!$I22&" "&PartsMaster!$H22&"</P>"&"<P>Jaguar part name "&PartsMaster!$E22&"</P><P>Product numbers "&PartsMaster!R22&" "&DQ26&"</P><P>Fits starting from VIN/ModelYear "&PartsMaster!$F22&" until VIN/ModelYear "&PartsMaster!$G22&"</P><P>Condition: "&PartsMaster!AB22&"</P><P> (part source "&PartsMaster!AD22&")</P><P>Notes: "&PartsMaster!AA22&"</P>" -> <P>Mounting Washer</P><P>Jaguar part name </P><P>Product numbers C21069 C21069</P><P>Fits starting from VIN/ModelYear until VIN/ModelYear </P><P>Condition: SNG Barrat</P><P> (part source )</P><P>Notes: </P> | AA26: BasicStyle | AC26: 0 | AD26: 0 | AE26: None | AF26: 7 | AG26: 0 | AH26: 0 | AI26: 0 | AJ26: 0 | AK26: 0 | AO26: 0.00 | AR26: 0 | AS26: 10112 | AV26: Tallinn | AX26: 62128510024 | AY26: 62035811024 | AZ26: 55187694024 | BA26: Shipping per agreement | BB26: PayPal:Immediate pay | BC26: Return Policy | BD26: 1 | BE26: 0 | BF26: 0 | BG26: 0 | BN26: Metric | BV26: 0 | CL26: 0 | DD26: 0|287377024| | DE26: 0|287377024| | DI26: 0 | DP26: Jaguar | DQ26: =PartsMaster!$A22 -> C21069 | DR26: Yes | DS26: =PartsMaster!$K23&" "&PartsMaster!L23&" "&PartsMaster!$M23
A27: Add | B27: UK | C27: FixedPriceItem | D27: =PartsMaster!B375&" "&PartsMaster!$C375 -> Jaguar XK8 XKR X100 Seat - Mechanism cover - Coffee | E27: 3000 | F27: Normal Used Condition. | H27: =PartsMaster!$Q375 -> 0 | I27: 9886 | K27: 0 | L27: 0 | M27: =PartsMaster!$D375 -> 0 | O27: GBP | P27: =PartsMaster!$S375/1.45 -> 0 | S27: 30 | T27: 0 | U27: EE | Z27: ="<P>"&PartsMaster!$I375&" "&PartsMaster!$H375&"</P>"&"<P>Jaguar part name "&PartsMaster!$E375&"</P><P>Product numbers "&PartsMaster!R375&" "&DQ27&"</P><P>Fits starting from VIN/ModelYear "&PartsMaster!$F375&" until VIN/ModelYear "&PartsMaster!$G375&"</P><P>Condition: "&PartsMaster!AB375&"</P><P> (part source "&PartsMaster!AD375&")</P><P>Notes: "&PartsMaster!AA375&"</P>" -> <P>Cap / Cover Cap / Cover / Trim</P><P>Jaguar part name </P><P>Product numbers 0</P><P>Fits starting from VIN/ModelYear 0 until VIN/ModelYear 18107</P><P>Condition: </P><P> (part source )</P><P>Notes: </P> | AA27: BasicStyle | AC27: 0 | AD27: 0 | AE27: None | AF27: 7 | AG27: 0 | AH27: 0 | AI27: 0 | AJ27: 0 | AK27: 0 | AO27: 0.00 | AR27: 0 | AS27: 10112 | AV27: Tallinn | AX27: 62128510024 | AY27: 62035811024 | AZ27: 55187694024 | BA27: Shipping per agreement | BB27: PayPal:Immediate pay | BC27: Return Policy | BD27: 1 | BE27: 0 | BF27: 0 | BG27: 0 | BN27: Metric | BV27: 0 | CL27: 0 | DD27: 0|287377024| | DE27: 0|287377024| | DI27: 0 | DP27: Jaguar | DQ27: =PartsMaster!$A375 -> 0 | DR27: Yes | DS27: =PartsMaster!$K376&" "&PartsMaster!L376&" "&PartsMaster!$M376 -> Front Right Low
A28: Add | B28: UK | C28: FixedPriceItem | D28: =PartsMaster!B289&" "&PartsMaster!$C289 -> Jaguar XK8 XKR X100 XJ8 XJR X308 Timing Chain Guide Rail | E28: 3000 | F28: Normal Used Condition. | H28: =PartsMaster!$Q289 -> TIMING CHAIN GUIDE | I28: 9886 | K28: 0 | L28: 0 | M28: =PartsMaster!$D289 -> 0 | O28: GBP | P28: =PartsMaster!$S289/1.45 -> 0 | S28: 30 | T28: 0 | U28: EE | Z28: ="<P>"&PartsMaster!$I289&" "&PartsMaster!$H289&"</P>"&"<P>Jaguar part name "&PartsMaster!$E289&"</P><P>Product numbers "&PartsMaster!R289&" "&DQ28&"</P><P>Fits starting from VIN/ModelYear "&PartsMaster!$F289&" until VIN/ModelYear "&PartsMaster!$G289&"</P><P>Condition: "&PartsMaster!AB289&"</P><P> (part source "&PartsMaster!AD289&")</P><P>Notes: "&PartsMaster!AA289&"</P>" -> <P>Engine Timing Chain guide / Blade</P><P>Jaguar part name </P><P>Product numbers NCA1998AB NCA1998AB</P><P>Fits starting from VIN/ModelYear X100, 1996 - X308, 1998 until VIN/ModelYear X100-X308 Engine #0108122359</P><P>Condition: British Parts</P><P> (part source )</P><P>Notes: </P> | AA28: BasicStyle | AC28: 0 | AD28: 0 | AE28: None | AF28: 7 | AG28: 0 | AH28: 0 | AI28: 0 | AJ28: 0 | AK28: 0 | AO28: 0.00 | AR28: 0 | AS28: 10112 | AV28: Tallinn | AX28: 62128510024 | AY28: 62035811024 | AZ28: 55187694024 | BA28: Shipping per agreement | BB28: PayPal:Immediate pay | BC28: Return Policy | BD28: 1 | BE28: 0 | BF28: 0 | BG28: 0 | BN28: Metric | BV28: 0 | CL28: 0 | DD28: 0|287377024| | DE28: 0|287377024| | DI28: 0 | DP28: Jaguar | DQ28: =PartsMaster!$A289 -> NCA1998AB | DR28: Yes | DS28: =PartsMaster!$K290&" "&PartsMaster!L290&" "&PartsMaster!$M290
A29: Add | B29: UK | C29: FixedPriceItem | D29: =PartsMaster!B19&" "&PartsMaster!$C19 -> Jaguar XK8 XKR X100 CYLINDER HEAD BOLT | E29: 3000 | F29: Normal Used Condition. | H29: =PartsMaster!$Q19 -> CYLINDER HEAD BOLT | I29: 9886 | K29: 0 | L29: 0 | M29: =PartsMaster!$D19 -> 0 | O29: GBP | P29: =PartsMaster!$S19/1.45 -> 0 | S29: 30 | T29: 0 | U29: EE | Z29: ="<P>"&PartsMaster!$I19&" "&PartsMaster!$H19&"</P>"&"<P>Jaguar part name "&PartsMaster!$E19&"</P><P>Product numbers "&PartsMaster!R19&" "&DQ29&"</P><P>Fits starting from VIN/ModelYear "&PartsMaster!$F19&" until VIN/ModelYear "&PartsMaster!$G19&"</P><P>Condition: "&PartsMaster!AB19&"</P><P> (part source "&PartsMaster!AD19&")</P><P>Notes: "&PartsMaster!AA19&"</P>" -> <P>Engine Bolt / Screw</P><P>Jaguar part name </P><P>Product numbers AJ89986 AJ89986</P><P>Fits starting from VIN/ModelYear until VIN/ModelYear </P><P>Condition: British Parts</P><P> (part source )</P><P>Notes: </P> | AA29: BasicStyle | AC29: 0 | AD29: 0 | AE29: None | AF29: 7 | AG29: 0 | AH29: 0 | AI29: 0 | AJ29: 0 | AK29: 0 | AO29: 0.00 | AR29: 0 | AS29: 10112 | AV29: Tallinn | AX29: 62128510024 | AY29: 62035811024 | AZ29: 55187694024 | BA29: Shipping per agreement | BB29: PayPal:Immediate pay | BC29: Return Policy | BD29: 1 | BE29: 0 | BF29: 0 | BG29: 0 | BN29: Metric | BV29: 0 | CL29: 0 | DD29: 0|287377024| | DE29: 0|287377024| | DI29: 0 | DP29: Jaguar | DQ29: =PartsMaster!$A19 -> AJ89986 | DR29: Yes | DS29: =PartsMaster!$K20&" "&PartsMaster!L20&" "&PartsMaster!$M20 -> Front Left/Right Top(?)
A30: Add | B30: UK | C30: FixedPriceItem | D30: =PartsMaster!B297&" "&PartsMaster!$C297 -> Jaguar XK8 XKR X100 XJ8 XJR X308 Seal Spark Plug Boss | E30: 3000 | F30: Normal Used Condition. | H30: =PartsMaster!$Q297 -> Spark Plug Boss Seal | I30: 9886 | K30: 0 | L30: 0 | M30: =PartsMaster!$D297 -> 0 | O30: GBP | P30: =PartsMaster!$S297/1.45 -> 7.5862069 | S30: 30 | T30: 0 | U30: EE | Z30: ="<P>"&PartsMaster!$I297&" "&PartsMaster!$H297&"</P>"&"<P>Jaguar part name "&PartsMaster!$E297&"</P><P>Product numbers "&PartsMaster!R297&" "&DQ30&"</P><P>Fits starting from VIN/ModelYear "&PartsMaster!$F297&" until VIN/ModelYear "&PartsMaster!$G297&"</P><P>Condition: "&PartsMaster!AB297&"</P><P> (part source "&PartsMaster!AD297&")</P><P>Notes: "&PartsMaster!AA297&"</P>" -> <P> Gasket / Seal / O-Ring</P><P>Jaguar part name </P><P>Product numbers NCA2578BB NCA2578BB</P><P>Fits starting from VIN/ModelYear until VIN/ModelYear </P><P>Condition: </P><P> (part source )</P><P>Notes: </P> | AA30: BasicStyle | AC30: 0 | AD30: 0 | AE30: None | AF30: 7 | AG30: 0 | AH30: 0 | AI30: 0 | AJ30: 0 | AK30: 0 | AO30: 0.00 | AR30: 0 | AS30: 10112 | AV30: Tallinn | AX30: 62128510024 | AY30: 62035811024 | AZ30: 55187694024 | BA30: Shipping per agreement | BB30: PayPal:Immediate pay | BC30: Return Policy | BD30: 1 | BE30: 0 | BF30: 0 | BG30: 0 | BN30: Metric | BV30: 0 | CL30: 0 | DD30: 0|287377024| | DE30: 0|287377024| | DI30: 0 | DP30: Jaguar | DQ30: =PartsMaster!$A297 -> NCA2578BB | DR30: Yes | DS30: =PartsMaster!$K298&" "&PartsMaster!L298&" "&PartsMaster!$M298 -> Front Left/Right Top
A31: Add | B31: UK | C31: FixedPriceItem | D31: =PartsMaster!B309&" "&PartsMaster!$C309 -> Jaguar XK8 XKR X100 HOSE-FULL LOAD BREATHER | E31: 3000 | F31: Normal Used Condition. | H31: =PartsMaster!$Q309 -> HOSE-FULL LOAD BREATHER | I31: 9886 | K31: 0 | L31: 0 | M31: =PartsMaster!$D309 -> 0 | O31: GBP | P31: =PartsMaster!$S309/1.45 -> 0 | S31: 30 | T31: 0 | U31: EE | Z31: ="<P>"&PartsMaster!$I309&" "&PartsMaster!$H309&"</P>"&"<P>Jaguar part name "&PartsMaster!$E309&"</P><P>Product numbers "&PartsMaster!R309&" "&DQ31&"</P><P>Fits starting from VIN/ModelYear "&PartsMaster!$F309&" until VIN/ModelYear "&PartsMaster!$G309&"</P><P>Condition: "&PartsMaster!AB309&"</P><P> (part source "&PartsMaster!AD309&")</P><P>Notes: "&PartsMaster!AA309&"</P>" -> <P> Hose / Pipe / Duct</P><P>Jaguar part name </P><P>Product numbers NCA3951CB NCA3951CB</P><P>Fits starting from VIN/ModelYear until VIN/ModelYear </P><P>Condition: British Parts</P><P> (part source )</P><P>Notes: </P> | AA31: BasicStyle | AC31: 0 | AD31: 0 | AE31: None | AF31: 7 | AG31: 0 | AH31: 0 | AI31: 0 | AJ31: 0 | AK31: 0 | AO31: 0.00 | AR31: 0 | AS31: 10112 | AV31: Tallinn | AX31: 62128510024 | AY31: 62035811024 | AZ31: 55187694024 | BA31: Shipping per agreement | BB31: PayPal:Immediate pay | BC31: Return Policy | BD31: 1 | BE31: 0 | BF31: 0 | BG31: 0 | BN31: Metric | BV31: 0 | CL31: 0 | DD31: 0|287377024| | DE31: 0|287377024| | DI31: 0 | DP31: Jaguar | DQ31: =PartsMaster!$A309 -> NCA3951CB | DR31: Yes | DS31: =PartsMaster!$K310&" "&PartsMaster!L310&" "&PartsMaster!$M310
A32: Add | B32: UK | C32: FixedPriceItem | D32: =PartsMaster!B313&" "&PartsMaster!$C313 -> Jaguar XJR X308 XKR X100 Engine Supercharger Eaton M112 | E32: 3000 | F32: Normal Used Condition. | H32: =PartsMaster!$Q313 -> Superscarger | I32: 9886 | K32: 0 | L32: 0 | M32: =PartsMaster!$D313 -> 0 | O32: GBP | P32: =PartsMaster!$S313/1.45 -> 1310.3448 | S32: 30 | T32: 0 | U32: EE | Z32: ="<P>"&PartsMaster!$I313&" "&PartsMaster!$H313&"</P>"&"<P>Jaguar part name "&PartsMaster!$E313&"</P><P>Product numbers "&PartsMaster!R313&" "&DQ32&"</P><P>Fits starting from VIN/ModelYear "&PartsMaster!$F313&" until VIN/ModelYear "&PartsMaster!$G313&"</P><P>Condition: "&PartsMaster!AB313&"</P><P> (part source "&PartsMaster!AD313&")</P><P>Notes: "&PartsMaster!AA313&"</P>" -> <P>Compressor Supercharger</P><P>Jaguar part name AIR AND FUEL DELIVERY SYSTEMS/SUPERCHARGER </P><P>Product numbers NCC7701AE NCC7701AE AJ83230 AJ84462 AJ85326 </P><P>Fits starting from VIN/ModelYear XJR X308-812317 and XKR X100-MY1996 until VIN/ModelYear XJR X308-F59525 and XKR X100-MY2002</P><P>Condition: Extra renewed spare.</P><P> (part source JP)</P><P>Notes: Renewed in Finland: all the bearings, seals, coupler and oil. Exchange discount for renewalable unit 250euro, contact seller.</P> | AA32: BasicStyle | AC32: 0 | AD32: 0 | AE32: None | AF32: 7 | AG32: 0 | AH32: 0 | AI32: 0 | AJ32: 0 | AK32: 0 | AO32: 0.00 | AR32: 0 | AS32: 10112 | AV32: Tallinn | AX32: 62128510024 | AY32: 62035811024 | AZ32: 55187694024 | BA32: Shipping per agreement | BB32: PayPal:Immediate pay | BC32: Return Policy | BD32: 1 | BE32: 0 | BF32: 0 | BG32: 0 | BN32: Metric | BV32: 0 | CL32: 0 | DD32: 0|287377024| | DE32: 0|287377024| | DI32: 0 | DP32: Jaguar | DQ32: =PartsMaster!$A313 -> NCC7701AE AJ83230 AJ84462 AJ85326 | DR32: Yes | DS32: =PartsMaster!$K314&" "&PartsMaster!L314&" "&PartsMaster!$M314
A33: Add | B33: UK | C33: FixedPriceItem | D33: =PartsMaster!B25&" "&PartsMaster!$C25 -> Jaguar XK8 XKR X100 XJ8 XJR X308 Timing Chain Tensioner Secondary LH B Bank | E33: 3000 | F33: Normal Used Condition. | H33: =PartsMaster!$Q25 -> TIMING CHAIN TENSIONER | I33: 9886 | K33: 0 | L33: 0 | M33: =PartsMaster!$D25 -> 0 | O33: GBP | P33: =PartsMaster!$S25/1.45 -> 0 | S33: 30 | T33: 0 | U33: EE | Z33: ="<P>"&PartsMaster!$I25&" "&PartsMaster!$H25&"</P>"&"<P>Jaguar part name "&PartsMaster!$E25&"</P><P>Product numbers "&PartsMaster!R25&" "&DQ33&"</P><P>Fits starting from VIN/ModelYear "&PartsMaster!$F25&" until VIN/ModelYear "&PartsMaster!$G25&"</P><P>Condition: "&PartsMaster!AB25&"</P><P> (part source "&PartsMaster!AD25&")</P><P>Notes: "&PartsMaster!AA25&"</P>" -> <P>Engine Timing Chain tensioner</P><P>Jaguar part name </P><P>Product numbers C2A1512 C2A1512</P><P>Fits starting from VIN/ModelYear X100, 1996 - X308, 1997 until VIN/ModelYear X100, 2006 - X308, 2002</P><P>Condition: British Parts</P><P> (part source )</P><P>Notes: </P> | AA33: BasicStyle | AC33: 0 | AD33: 0 | AE33: None | AF33: 7 | AG33: 0 | AH33: 0 | AI33: 0 | AJ33: 0 | AK33: 0 | AO33: 0.00 | AR33: 0 | AS33: 10112 | AV33: Tallinn | AX33: 62128510024 | AY33: 62035811024 | AZ33: 55187694024 | BA33: Shipping per agreement | BB33: PayPal:Immediate pay | BC33: Return Policy | BD33: 1 | BE33: 0 | BF33: 0 | BG33: 0 | BN33: Metric | BV33: 0 | CL33: 0 | DD33: 0|287377024| | DE33: 0|287377024| | DI33: 0 | DP33: Jaguar | DQ33: =PartsMaster!$A25 -> C2A1512 | DR33: Yes | DS33: =PartsMaster!$K26&" "&PartsMaster!L26&" "&PartsMaster!$M26 -> Front NA NA
A34: Add | B34: UK | C34: FixedPriceItem | D34: =PartsMaster!B26&" "&PartsMaster!$C26 -> Jaguar S-Type X200 Starter Motor | E34: 3000 | F34: Normal Used Condition. | H34: =PartsMaster!$Q26 -> Starter Motor | I34: 9886 | K34: 0 | L34: 0 | M34: =PartsMaster!$D26 -> 1 | O34: GBP | P34: =PartsMaster!$S26/1.45 -> 44.827586 | S34: 30 | T34: 0 | U34: EE | Z34: ="<P>"&PartsMaster!$I26&" "&PartsMaster!$H26&"</P>"&"<P>Jaguar part name "&PartsMaster!$E26&"</P><P>Product numbers "&PartsMaster!R26&" "&DQ34&"</P><P>Fits starting from VIN/ModelYear "&PartsMaster!$F26&" until VIN/ModelYear "&PartsMaster!$G26&"</P><P>Condition: "&PartsMaster!AB26&"</P><P> (part source "&PartsMaster!AD26&")</P><P>Notes: "&PartsMaster!AA26&"</P>" -> <P>Start Motor</P><P>Jaguar part name S-TYPE/BATTERY/STARTER MOTOR/ALTERNATOR/STARTER MOTOR </P><P>Product numbers XW4U-11000-AC C2C1127</P><P>Fits starting from VIN/ModelYear until VIN/ModelYear M45254</P><P>Condition: Extra working spare</P><P> (part source SJ)</P><P>Notes: </P> | AA34: BasicStyle | AC34: 0 | AD34: 0 | AE34: None | AF34: 7 | AG34: 0 | AH34: 0 | AI34: 0 | AJ34: 0 | AK34: 0 | AO34: 0.00 | AR34: 0 | AS34: 10112 | AV34: Tallinn | AX34: 62128510024 | AY34: 62035811024 | AZ34: 55187694024 | BA34: Shipping per agreement | BB34: PayPal:Immediate pay | BC34: Return Policy | BD34: 1 | BE34: 0 | BF34: 0 | BG34: 0 | BN34: Metric | BV34: 0 | CL34: 0 | DD34: 0|287377024| | DE34: 0|287377024| | DI34: 0 | DP34: Jaguar | DQ34: =PartsMaster!$A26 -> C2C1127 | DR34: Yes | DS34: =PartsMaster!$K27&" "&PartsMaster!L27&" "&PartsMaster!$M27
A35: Add | B35: UK | C35: FixedPriceItem | D35: =PartsMaster!B31&" "&PartsMaster!$C31 -> Jaguar XK8 XKR X100 Wheel Bearing - Inner | E35: 3000 | F35: Normal Used Condition. | H35: =PartsMaster!$Q31 -> 0 | I35: 9886 | K35: 0 | L35: 0 | M35: =PartsMaster!$D31 -> 0 | O35: GBP | P35: =PartsMaster!$S31/1.45 -> 0 | S35: 30 | T35: 0 | U35: EE | Z35: ="<P>"&PartsMaster!$I31&" "&PartsMaster!$H31&"</P>"&"<P>Jaguar part name "&PartsMaster!$E31&"</P><P>Product numbers "&PartsMaster!R31&" "&DQ35&"</P><P>Fits starting from VIN/ModelYear "&PartsMaster!$F31&" until VIN/ModelYear "&PartsMaster!$G31&"</P><P>Condition: "&PartsMaster!AB31&"</P><P> (part source "&PartsMaster!AD31&")</P><P>Notes: "&PartsMaster!AA31&"</P>" -> <P>Bearing Bearing</P><P>Jaguar part name STEERING AND SUSPENSION/HUB AND CARRIER-REAR - Hub bearing inner</P><P>Product numbers CAC6332 CAC6332</P><P>Fits starting from VIN/ModelYear 0 until VIN/ModelYear 031302</P><P>Condition: </P><P> (part source )</P><P>Notes: </P> | AA35: BasicStyle | AC35: 0 | AD35: 0 | AE35: None | AF35: 7 | AG35: 0 | AH35: 0 | AI35: 0 | AJ35: 0 | AK35: 0 | AO35: 0.00 | AR35: 0 | AS35: 10112 | AV35: Tallinn | AX35: 62128510024 | AY35: 62035811024 | AZ35: 55187694024 | BA35: Shipping per agreement | BB35: PayPal:Immediate pay | BC35: Return Policy | BD35: 1 | BE35: 0 | BF35: 0 | BG35: 0 | BN35: Metric | BV35: 0 | CL35: 0 | DD35: 0|287377024| | DE35: 0|287377024| | DI35: 0 | DP35: Jaguar | DQ35: =PartsMaster!$A31 -> CAC6332 | DR35: Yes | DS35: =PartsMaster!$K32&" "&PartsMaster!L32&" "&PartsMaster!$M32 -> Rear Left/Right
A36: Add | B36: UK | C36: FixedPriceItem | D36: =PartsMaster!B32&" "&PartsMaster!$C32 -> Jaguar XK8 XKR X100 Wheel Bearing - Outer | E36: 3000 | F36: Normal Used Condition. | H36: =PartsMaster!$Q32 -> 0 | I36: 9886 | K36: 0 | L36: 0 | M36: =PartsMaster!$D32 -> 0 | O36: GBP | P36: =PartsMaster!$S32/1.45 -> 0 | S36: 30 | T36: 0 | U36: EE | Z36: ="<P>"&PartsMaster!$I32&" "&PartsMaster!$H32&"</P>"&"<P>Jaguar part name "&PartsMaster!$E32&"</P><P>Product numbers "&PartsMaster!R32&" "&DQ36&"</P><P>Fits starting from VIN/ModelYear "&PartsMaster!$F32&" until VIN/ModelYear "&PartsMaster!$G32&"</P><P>Condition: "&PartsMaster!AB32&"</P><P> (part source "&PartsMaster!AD32&")</P><P>Notes: "&PartsMaster!AA32&"</P>" -> <P>Bearing Bearing</P><P>Jaguar part name STEERING AND SUSPENSION/HUB AND CARRIER-REAR - Hub bearing outer rear</P><P>Product numbers CAC6333 CAC6333</P><P>Fits starting from VIN/ModelYear until VIN/ModelYear </P><P>Condition: </P><P> (part source )</P><P>Notes: </P> | AA36: BasicStyle | AC36: 0 | AD36: 0 | AE36: None | AF36: 7 | AG36: 0 | AH36: 0 | AI36: 0 | AJ36: 0 | AK36: 0 | AO36: 0.00 | AR36: 0 | AS36: 10112 | AV36: Tallinn | AX36: 62128510024 | AY36: 62035811024 | AZ36: 55187694024 | BA36: Shipping per agreement | BB36: PayPal:Immediate pay | BC36: Return Policy | BD36: 1 | BE36: 0 | BF36: 0 | BG36: 0 | BN36: Metric | BV36: 0 | CL36: 0 | DD36: 0|287377024| | DE36: 0|287377024| | DI36: 0 | DP36: Jaguar | DQ36: =PartsMaster!$A32 -> CAC6333 | DR36: Yes | DS36: =PartsMaster!$K33&" "&PartsMaster!L33&" "&PartsMaster!$M33
A37: Add | B37: UK | C37: FixedPriceItem | D37: =PartsMaster!B16&" "&PartsMaster!$C16 -> Jaguar XK8 XKR X100 WATER PUMP OE | E37: 3000 | F37: Normal Used Condition. | H37: =PartsMaster!$Q16 -> WATER PUMP-JAGUAR | I37: 9886 | K37: 0 | L37: 0 | M37: =PartsMaster!$D16 -> 0 | O37: GBP | P37: =PartsMaster!$S16/1.45 -> 0 | S37: 30 | T37: 0 | U37: EE | Z37: ="<P>"&PartsMaster!$I16&" "&PartsMaster!$H16&"</P>"&"<P>Jaguar part name "&PartsMaster!$E16&"</P><P>Product numbers "&PartsMaster!R16&" "&DQ37&"</P><P>Fits starting from VIN/ModelYear "&PartsMaster!$F16&" until VIN/ModelYear "&PartsMaster!$G16&"</P><P>Condition: "&PartsMaster!AB16&"</P><P> (part source "&PartsMaster!AD16&")</P><P>Notes: "&PartsMaster!AA16&"</P>" -> <P>Engine Cooling Pump</P><P>Jaguar part name </P><P>Product numbers AJ88912G AJ88912G</P><P>Fits starting from VIN/ModelYear until VIN/ModelYear </P><P>Condition: British Parts</P><P> (part source )</P><P>Notes: </P> | AA37: BasicStyle | AC37: 0 | AD37: 0 | AE37: None | AF37: 7 | AG37: 0 | AH37: 0 | AI37: 0 | AJ37: 0 | AK37: 0 | AO37: 0.00 | AR37: 0 | AS37: 10112 | AV37: Tallinn | AX37: 62128510024 | AY37: 62035811024 | AZ37: 55187694024 | BA37: Shipping per agreement | BB37: PayPal:Immediate pay | BC37: Return Policy | BD37: 1 | BE37: 0 | BF37: 0 | BG37: 0 | BN37: Metric | BV37: 0 | CL37: 0 | DD37: 0|287377024| | DE37: 0|287377024| | DI37: 0 | DP37: Jaguar | DQ37: =PartsMaster!$A16 -> AJ88912G | DR37: Yes | DS37: =PartsMaster!$K17&" "&PartsMaster!L17&" "&PartsMaster!$M17
A38: Add | B38: UK | C38: FixedPriceItem | D38: =PartsMaster!B17&" "&PartsMaster!$C17 -> Jaguar XK8 XKR X100 WATER PUMP GASKET | E38: 3000 | F38: Normal Used Condition. | H38: =PartsMaster!$Q17 -> WATER PUMP GASKET | I38: 9886 | K38: 0 | L38: 0 | M38: =PartsMaster!$D17 -> 0 | O38: GBP | P38: =PartsMaster!$S17/1.45 -> 0 | S38: 30 | T38: 0 | U38: EE | Z38: ="<P>"&PartsMaster!$I17&" "&PartsMaster!$H17&"</P>"&"<P>Jaguar part name "&PartsMaster!$E17&"</P><P>Product numbers "&PartsMaster!R17&" "&DQ38&"</P><P>Fits starting from VIN/ModelYear "&PartsMaster!$F17&" until VIN/ModelYear "&PartsMaster!$G17&"</P><P>Condition: "&PartsMaster!AB17&"</P><P> (part source "&PartsMaster!AD17&")</P><P>Notes: "&PartsMaster!AA17&"</P>" -> <P>Engine Cooling Gasket / Seal / O-Ring</P><P>Jaguar part name </P><P>Product numbers AJ88922 AJ88922</P><P>Fits starting from VIN/ModelYear until VIN/ModelYear </P><P>Condition: British Parts</P><P> (part source )</P><P>Notes: </P> | AA38: BasicStyle | AC38: 0 | AD38: 0 | AE38: None | AF38: 7 | AG38: 0 | AH38: 0 | AI38: 0 | AJ38: 0 | AK38: 0 | AO38: 0.00 | AR38: 0 | AS38: 10112 | AV38: Tallinn | AX38: 62128510024 | AY38: 62035811024 | AZ38: 55187694024 | BA38: Shipping per agreement | BB38: PayPal:Immediate pay | BC38: Return Policy | BD38: 1 | BE38: 0 | BF38: 0 | BG38: 0 | BN38: Metric | BV38: 0 | CL38: 0 | DD38: 0|287377024| | DE38: 0|287377024| | DI38: 0 | DP38: Jaguar | DQ38: =PartsMaster!$A17 -> AJ88922 | DR38: Yes | DS38: =PartsMaster!$K18&" "&PartsMaster!L18&" "&PartsMaster!$M18 -> Front
A39: Add | B39: UK | C39: FixedPriceItem | D39: =PartsMaster!B35&" "&PartsMaster!$C35 -> Jaguar XK8 XKR X100 Halfshaft | E39: 3000 | F39: Normal Used Condition. | H39: =PartsMaster!$Q35 -> Halfshaft | I39: 9886 | K39: 0 | L39: 0 | M39: =PartsMaster!$D35 -> 1 | O39: GBP | P39: =PartsMaster!$S35/1.45 -> 65.517241 | S39: 30 | T39: 0 | U39: EE | Z39: ="<P>"&PartsMaster!$I35&" "&PartsMaster!$H35&"</P>"&"<P>Jaguar part name "&PartsMaster!$E35&"</P><P>Product numbers "&PartsMaster!R35&" "&DQ39&"</P><P>Fits starting from VIN/ModelYear "&PartsMaster!$F35&" until VIN/ModelYear "&PartsMaster!$G35&"</P><P>Condition: "&PartsMaster!AB35&"</P><P> (part source "&PartsMaster!AD35&")</P><P>Notes: "&PartsMaster!AA35&"</P>" -> <P>Shaft Suspention/rear</P><P>Jaguar part name TRANSMISSION AND DRIVELINE/HALFSHAFTS - Halfshaft</P><P>Product numbers CBC2268 CBC2268</P><P>Fits starting from VIN/ModelYear until VIN/ModelYear </P><P>Condition: Dismantled from bottom & engine damaged MY1997 XK8 Convertible VIN 0136xx</P><P> (part source KK)</P><P>Notes: </P> | AA39: BasicStyle | AC39: 0 | AD39: 0 | AE39: None | AF39: 7 | AG39: 0 | AH39: 0 | AI39: 0 | AJ39: 0 | AK39: 0 | AO39: 0.00 | AR39: 0 | AS39: 10112 | AV39: Tallinn | AX39: 62128510024 | AY39: 62035811024 | AZ39: 55187694024 | BA39: Shipping per agreement | BB39: PayPal:Immediate pay | BC39: Return Policy | BD39: 1 | BE39: 0 | BF39: 0 | BG39: 0 | BN39: Metric | BV39: 0 | CL39: 0 | DD39: 0|287377024| | DE39: 0|287377024| | DI39: 0 | DP39: Jaguar | DQ39: =PartsMaster!$A35 -> CBC2268 | DR39: Yes | DS39: =PartsMaster!$K36&" "&PartsMaster!L36&" "&PartsMaster!$M36 -> Rear Right Bottom
A40: Add | B40: UK | C40: FixedPriceItem | D40: =PartsMaster!B114&" "&PartsMaster!$C114 -> Jaguar XK8 XKR X100 Bonnet / Bulkhead - Seal / Insulation | E40: 3000 | F40: Normal Used Condition. | H40: =PartsMaster!$Q114 -> 0 | I40: 9886 | K40: 0 | L40: 0 | M40: =PartsMaster!$D114 -> 1 | O40: GBP | P40: =PartsMaster!$S114/1.45 -> 24.137931 | S40: 30 | T40: 0 | U40: EE | Z40: ="<P>"&PartsMaster!$I114&" "&PartsMaster!$H114&"</P>"&"<P>Jaguar part name "&PartsMaster!$E114&"</P><P>Product numbers "&PartsMaster!R114&" "&DQ40&"</P><P>Fits starting from VIN/ModelYear "&PartsMaster!$F114&" until VIN/ModelYear "&PartsMaster!$G114&"</P><P>Condition: "&PartsMaster!AB114&"</P><P> (part source "&PartsMaster!AD114&")</P><P>Notes: "&PartsMaster!AA114&"</P>" -> <P>Air Insulation Seal / Insulation</P><P>Jaguar part name BODY CLOSURES AND SEALING/BONNET LATCHING MECHANISM AND SEALS Bulkhead Seal RH</P><P>Product numbers HJA5247BC HJA5247BC</P><P>Fits starting from VIN/ModelYear MY97 until VIN/ModelYear 010097</P><P>Condition: Dismantled from bottom & engine damaged MY1997 XK8 Convertible VIN 0136xx</P><P> (part source KK)</P><P>Notes: </P> | AA40: BasicStyle | AC40: 0 | AD40: 0 | AE40: None | AF40: 7 | AG40: 0 | AH40: 0 | AI40: 0 | AJ40: 0 | AK40: 0 | AO40: 0.00 | AR40: 0 | AS40: 10112 | AV40: Tallinn | AX40: 62128510024 | AY40: 62035811024 | AZ40: 55187694024 | BA40: Shipping per agreement | BB40: PayPal:Immediate pay | BC40: Return Policy | BD40: 1 | BE40: 0 | BF40: 0 | BG40: 0 | BN40: Metric | BV40: 0 | CL40: 0 | DD40: 0|287377024| | DE40: 0|287377024| | DI40: 0 | DP40: Jaguar | DQ40: =PartsMaster!$A114 -> HJA5247BC | DR40: Yes | DS40: =PartsMaster!$K115&" "&PartsMaster!L115&" "&PartsMaster!$M115 -> Rear Left
A41: Add | B41: UK | C41: FixedPriceItem | D41: =PartsMaster!B37&" "&PartsMaster!$C37 -> Jaguar XK8 XKR X100 Rear upper link | E41: 3000 | F41: Normal Used Condition. | H41: =PartsMaster!$Q37 -> 0 | I41: 9886 | K41: 0 | L41: 0 | M41: =PartsMaster!$D37 -> 1 | O41: GBP | P41: =PartsMaster!$S37/1.45 -> 37.931034 | S41: 30 | T41: 0 | U41: EE | Z41: ="<P>"&PartsMaster!$I37&" "&PartsMaster!$H37&"</P>"&"<P>Jaguar part name "&PartsMaster!$E37&"</P><P>Product numbers "&PartsMaster!R37&" "&DQ41&"</P><P>Fits starting from VIN/ModelYear "&PartsMaster!$F37&" until VIN/ModelYear "&PartsMaster!$G37&"</P><P>Condition: "&PartsMaster!AB37&"</P><P> (part source "&PartsMaster!AD37&")</P><P>Notes: "&PartsMaster!AA37&"</P>" -> <P>Mounting Suspention/rear</P><P>Jaguar part name STEERING AND SUSPENTION/SUBFRAME AND MOUNTINGS-REAR - Link</P><P>Product numbers CBC2965 CBC2965</P><P>Fits starting from VIN/ModelYear until VIN/ModelYear </P><P>Condition: Dismantled from bottom & engine damaged MY1997 XK8 Convertible VIN 0136xx</P><P> (part source KK)</P><P>Notes: </P> | AA41: BasicStyle | AC41: 0 | AD41: 0 | AE41: None | AF41: 7 | AG41: 0 | AH41: 0 | AI41: 0 | AJ41: 0 | AK41: 0 | AO41: 0.00 | AR41: 0 | AS41: 10112 | AV41: Tallinn | AX41: 62128510024 | AY41: 62035811024 | AZ41: 55187694024 | BA41: Shipping per agreement | BB41: PayPal:Immediate pay | BC41: Return Policy | BD41: 1 | BE41: 0 | BF41: 0 | BG41: 0 | BN41: Metric | BV41: 0 | CL41: 0 | DD41: 0|287377024| | DE41: 0|287377024| | DI41: 0 | DP41: Jaguar | DQ41: =PartsMaster!$A37 -> CBC2965 | DR41: Yes | DS41: =PartsMaster!$K38&" "&PartsMaster!L38&" "&PartsMaster!$M38 -> Rear Left/Right
A42: Add | B42: UK | C42: FixedPriceItem | D42: =PartsMaster!B38&" "&PartsMaster!$C38 -> Jaguar XK8 XKR X100 Wheel Bearing - Spacer | E42: 3000 | F42: Normal Used Condition. | H42: =PartsMaster!$Q38 -> 0 | I42: 9886 | K42: 0 | L42: 0 | M42: =PartsMaster!$D38 -> 0 | O42: GBP | P42: =PartsMaster!$S38/1.45 -> 0 | S42: 30 | T42: 0 | U42: EE | Z42: ="<P>"&PartsMaster!$I38&" "&PartsMaster!$H38&"</P>"&"<P>Jaguar part name "&PartsMaster!$E38&"</P><P>Product numbers "&PartsMaster!R38&" "&DQ42&"</P><P>Fits starting from VIN/ModelYear "&PartsMaster!$F38&" until VIN/ModelYear "&PartsMaster!$G38&"</P><P>Condition: "&PartsMaster!AB38&"</P><P> (part source "&PartsMaster!AD38&")</P><P>Notes: "&PartsMaster!AA38&"</P>" -> <P>Bearing Spacer</P><P>Jaguar part name STEERING AND SUSPENSION/HUB AND CARRIER-REAR - Bearing Spacer</P><P>Product numbers CBC8207 CBC8207</P><P>Fits starting from VIN/ModelYear until VIN/ModelYear </P><P>Condition: </P><P> (part source )</P><P>Notes: </P> | AA42: BasicStyle | AC42: 0 | AD42: 0 | AE42: None | AF42: 7 | AG42: 0 | AH42: 0 | AI42: 0 | AJ42: 0 | AK42: 0 | AO42: 0.00 | AR42: 0 | AS42: 10112 | AV42: Tallinn | AX42: 62128510024 | AY42: 62035811024 | AZ42: 55187694024 | BA42: Shipping per agreement | BB42: PayPal:Immediate pay | BC42: Return Policy | BD42: 1 | BE42: 0 | BF42: 0 | BG42: 0 | BN42: Metric | BV42: 0 | CL42: 0 | DD42: 0|287377024| | DE42: 0|287377024| | DI42: 0 | DP42: Jaguar | DQ42: =PartsMaster!$A38 -> CBC8207 | DR42: Yes | DS42: =PartsMaster!$K39&" "&PartsMaster!L39&" "&PartsMaster!$M39 -> Rear Center Bottom
A43: Add | B43: UK | C43: FixedPriceItem | D43: =PartsMaster!B39&" "&PartsMaster!$C39 -> Jaguar XK8 XKR X100 Pendulum | E43: 3000 | F43: Normal Used Condition. | H43: =PartsMaster!$Q39 -> Pendulum | I43: 9886 | K43: 0 | L43: 0 | M43: =PartsMaster!$D39 -> 1 | O43: GBP | P43: =PartsMaster!$S39/1.45 -> 100 | S43: 30 | T43: 0 | U43: EE | Z43: ="<P>"&PartsMaster!$I39&" "&PartsMaster!$H39&"</P>"&"<P>Jaguar part name "&PartsMaster!$E39&"</P><P>Product numbers "&PartsMaster!R39&" "&DQ43&"</P><P>Fits starting from VIN/ModelYear "&PartsMaster!$F39&" until VIN/ModelYear "&PartsMaster!$G39&"</P><P>Condition: "&PartsMaster!AB39&"</P><P> (part source "&PartsMaster!AD39&")</P><P>Notes: "&PartsMaster!AA39&"</P>" -> <P>Mounting Suspention/rear</P><P>Jaguar part name STEERING AND SUSPENTION/SUSPENSION WISHBONES AND ARMS-REAR - Pendulum</P><P>Product numbers CCC2890 CCC2890</P><P>Fits starting from VIN/ModelYear until VIN/ModelYear 0241540</P><P>Condition: Dismantled from bottom & engine damaged MY1997 XK8 Convertible VIN 0136xx</P><P> (part source KK)</P><P>Notes: </P> | AA43: BasicStyle | AC43: 0 | AD43: 0 | AE43: None | AF43: 7 | AG43: 0 | AH43: 0 | AI43: 0 | AJ43: 0 | AK43: 0 | AO43: 0.00 | AR43: 0 | AS43: 10112 | AV43: Tallinn | AX43: 62128510024 | AY43: 62035811024 | AZ43: 55187694024 | BA43: Shipping per agreement | BB43: PayPal:Immediate pay | BC43: Return Policy | BD43: 1 | BE43: 0 | BF43: 0 | BG43: 0 | BN43: Metric | BV43: 0 | CL43: 0 | DD43: 0|287377024| | DE43: 0|287377024| | DI43: 0 | DP43: Jaguar | DQ43: =PartsMaster!$A39 -> CCC2890 | DR43: Yes | DS43: =PartsMaster!$K40&" "&PartsMaster!L40&" "&PartsMaster!$M40 -> Rear Left/Right
A44: Add | B44: UK | C44: FixedPriceItem | D44: =PartsMaster!B40&" "&PartsMaster!$C40 -> Jaguar XK8 XKR X100 Wheel Bearing Seal - Outer | E44: 3000 | F44: Normal Used Condition. | H44: =PartsMaster!$Q40 -> 0 | I44: 9886 | K44: 0 | L44: 0 | M44: =PartsMaster!$D40 -> 0 | O44: GBP | P44: =PartsMaster!$S40/1.45 -> 0 | S44: 30 | T44: 0 | U44: EE | Z44: ="<P>"&PartsMaster!$I40&" "&PartsMaster!$H40&"</P>"&"<P>Jaguar part name "&PartsMaster!$E40&"</P><P>Product numbers "&PartsMaster!R40&" "&DQ44&"</P><P>Fits starting from VIN/ModelYear "&PartsMaster!$F40&" until VIN/ModelYear "&PartsMaster!$G40&"</P><P>Condition: "&PartsMaster!AB40&"</P><P> (part source "&PartsMaster!AD40&")</P><P>Notes: "&PartsMaster!AA40&"</P>" -> <P>Bearing Seal / Insulation</P><P>Jaguar part name STEERING AND SUSPENSION/HUB AND CARRIER-REAR - Outer Seal</P><P>Product numbers CCC4466 CCC4466</P><P>Fits starting from VIN/ModelYear until VIN/ModelYear </P><P>Condition: </P><P> (part source )</P><P>Notes: </P> | AA44: BasicStyle | AC44: 0 | AD44: 0 | AE44: None | AF44: 7 | AG44: 0 | AH44: 0 | AI44: 0 | AJ44: 0 | AK44: 0 | AO44: 0.00 | AR44: 0 | AS44: 10112 | AV44: Tallinn | AX44: 62128510024 | AY44: 62035811024 | AZ44: 55187694024 | BA44: Shipping per agreement | BB44: PayPal:Immediate pay | BC44: Return Policy | BD44: 1 | BE44: 0 | BF44: 0 | BG44: 0 | BN44: Metric | BV44: 0 | CL44: 0 | DD44: 0|287377024| | DE44: 0|287377024| | DI44: 0 | DP44: Jaguar | DQ44: =PartsMaster!$A40 -> CCC4466 | DR44: Yes | DS44: =PartsMaster!$K41&" "&PartsMaster!L41&" "&PartsMaster!$M41
A45: Add | B45: UK | C45: FixedPriceItem | D45: =PartsMaster!B41&" "&PartsMaster!$C41 -> Jaguar XK8 XKR X100 Gear selector release solenoid covel screw (Plastic Torx) | E45: 3000 | F45: Normal Used Condition. | H45: =PartsMaster!$Q41 -> Protective plug | I45: 9886 | K45: 0 | L45: 0 | M45: =PartsMaster!$D41 -> 0 | O45: GBP | P45: =PartsMaster!$S41/1.45 -> 0 | S45: 30 | T45: 0 | U45: EE | Z45: ="<P>"&PartsMaster!$I41&" "&PartsMaster!$H41&"</P>"&"<P>Jaguar part name "&PartsMaster!$E41&"</P><P>Product numbers "&PartsMaster!R41&" "&DQ45&"</P><P>Fits starting from VIN/ModelYear "&PartsMaster!$F41&" until VIN/ModelYear "&PartsMaster!$G41&"</P><P>Condition: "&PartsMaster!AB41&"</P><P> (part source "&PartsMaster!AD41&")</P><P>Notes: "&PartsMaster!AA41&"</P>" -> <P>Gear box / Gear shifter / Gear Selector Cap / Cover / Trim</P><P>Jaguar part name J-Gate protective plug Gear shift Interlock Manual override screw-in plug (Drivers Guide)</P><P>Product numbers PLUG-PROTECT CCC5589</P><P>Fits starting from VIN/ModelYear until VIN/ModelYear </P><P>Condition: SNG Barratt</P><P> (part source )</P><P>Notes: </P> | AA45: BasicStyle | AC45: 0 | AD45: 0 | AE45: None | AF45: 7 | AG45: 0 | AH45: 0 | AI45: 0 | AJ45: 0 | AK45: 0 | AO45: 0.00 | AR45: 0 | AS45: 10112 | AV45: Tallinn | AX45: 62128510024 | AY45: 62035811024 | AZ45: 55187694024 | BA45: Shipping per agreement | BB45: PayPal:Immediate pay | BC45: Return Policy | BD45: 1 | BE45: 0 | BF45: 0 | BG45: 0 | BN45: Metric | BV45: 0 | CL45: 0 | DD45: 0|287377024| | DE45: 0|287377024| | DI45: 0 | DP45: Jaguar | DQ45: =PartsMaster!$A41 -> CCC5589 | DR45: Yes | DS45: =PartsMaster!$K42&" "&PartsMaster!L42&" "&PartsMaster!$M42 -> FrontRear LeftRight
A46: Add | B46: UK | C46: FixedPriceItem | D46: =PartsMaster!B42&" "&PartsMaster!$C42 -> Jaguar XK8 XKR X100 XJ8 XJR X308 Domed wheel nut - Standard Shaft | E46: 3000 | F46: Normal Used Condition. | H46: =PartsMaster!$Q42 -> 0 | I46: 9886 | K46: 0 | L46: 0 | M46: =PartsMaster!$D42 -> 6 | O46: GBP | P46: =PartsMaster!$S42/1.45 -> 3.4482759 | S46: 30 | T46: 0 | U46: EE | Z46: ="<P>"&PartsMaster!$I42&" "&PartsMaster!$H42&"</P>"&"<P>Jaguar part name "&PartsMaster!$E42&"</P><P>Product numbers "&PartsMaster!R42&" "&DQ46&"</P><P>Fits starting from VIN/ModelYear "&PartsMaster!$F42&" until VIN/ModelYear "&PartsMaster!$G42&"</P><P>Condition: "&PartsMaster!AB42&"</P><P> (part source "&PartsMaster!AD42&")</P><P>Notes: "&PartsMaster!AA42&"</P>" -> <P>Wheels / Rims Nut</P><P>Jaguar part name STEERING AND SUSPENSION/WHEELS - Domed wheel nut - Standard Shaft</P><P>Product numbers CCC7028</P><P>Fits starting from VIN/ModelYear X100 MY1996 - X308 MY1998 until VIN/ModelYear X100 MY2006 - X308 All</P><P>Condition: </P><P> (part source )</P><P>Notes: R-Models may have rims needing Long Shaft!</P> | AA46: BasicStyle | AC46: 0 | AD46: 0 | AE46: None | AF46: 7 | AG46: 0 | AH46: 0 | AI46: 0 | AJ46: 0 | AK46: 0 | AO46: 0.00 | AR46: 0 | AS46: 10112 | AV46: Tallinn | AX46: 62128510024 | AY46: 62035811024 | AZ46: 55187694024 | BA46: Shipping per agreement | BB46: PayPal:Immediate pay | BC46: Return Policy | BD46: 1 | BE46: 0 | BF46: 0 | BG46: 0 | BN46: Metric | BV46: 0 | CL46: 0 | DD46: 0|287377024| | DE46: 0|287377024| | DI46: 0 | DP46: Jaguar | DQ46: =PartsMaster!$A42 -> CCC7028 | DR46: Yes | DS46: =PartsMaster!$K43&" "&PartsMaster!L43&" "&PartsMaster!$M43
A47: Add | B47: UK | C47: FixedPriceItem | D47: =PartsMaster!B43&" "&PartsMaster!$C43 -> Jaguar XK8 XKR X100 XJ8 XJR X308 Timing Chain Primary | E47: 3000 | F47: Normal Used Condition. | H47: =PartsMaster!$Q43 -> TIMING CHAIN | I47: 9886 | K47: 0 | L47: 0 | M47: =PartsMaster!$D43 -> 0 | O47: GBP | P47: =PartsMaster!$S43/1.45 -> 0 | S47: 30 | T47: 0 | U47: EE | Z47: ="<P>"&PartsMaster!$I43&" "&PartsMaster!$H43&"</P>"&"<P>Jaguar part name "&PartsMaster!$E43&"</P><P>Product numbers "&PartsMaster!R43&" "&DQ47&"</P><P>Fits starting from VIN/ModelYear "&PartsMaster!$F43&" until VIN/ModelYear "&PartsMaster!$G43&"</P><P>Condition: "&PartsMaster!AB43&"</P><P> (part source "&PartsMaster!AD43&")</P><P>Notes: "&PartsMaster!AA43&"</P>" -> <P>Engine Timing Chain</P><P>Jaguar part name </P><P>Product numbers EAZ1269 EAZ1269</P><P>Fits starting from VIN/ModelYear X100, 1996 - X308, 1998 until VIN/ModelYear X100-X308 Engine #0108122359</P><P>Condition: British Parts</P><P> (part source )</P><P>Notes: </P> | AA47: BasicStyle | AC47: 0 | AD47: 0 | AE47: None | AF47: 7 | AG47: 0 | AH47: 0 | AI47: 0 | AJ47: 0 | AK47: 0 | AO47: 0.00 | AR47: 0 | AS47: 10112 | AV47: Tallinn | AX47: 62128510024 | AY47: 62035811024 | AZ47: 55187694024 | BA47: Shipping per agreement | BB47: PayPal:Immediate pay | BC47: Return Policy | BD47: 1 | BE47: 0 | BF47: 0 | BG47: 0 | BN47: Metric | BV47: 0 | CL47: 0 | DD47: 0|287377024| | DE47: 0|287377024| | DI47: 0 | DP47: Jaguar | DQ47: =PartsMaster!$A43 -> EAZ1269 | DR47: Yes | DS47: =PartsMaster!$K44&" "&PartsMaster!L44&" "&PartsMaster!$M44
A48: Add | B48: UK | C48: FixedPriceItem | D48: =PartsMaster!B384&" "&PartsMaster!$C384 -> Jaguar XK8 XKR X100 Seat - Mechanism cover - Cream | E48: 3000 | F48: Normal Used Condition. | H48: =PartsMaster!$Q384 -> 0 | I48: 9886 | K48: 0 | L48: 0 | M48: =PartsMaster!$D384 -> 0 | O48: GBP | P48: =PartsMaster!$S384/1.45 -> 0 | S48: 30 | T48: 0 | U48: EE | Z48: ="<P>"&PartsMaster!$I384&" "&PartsMaster!$H384&"</P>"&"<P>Jaguar part name "&PartsMaster!$E384&"</P><P>Product numbers "&PartsMaster!R384&" "&DQ48&"</P><P>Fits starting from VIN/ModelYear "&PartsMaster!$F384&" until VIN/ModelYear "&PartsMaster!$G384&"</P><P>Condition: "&PartsMaster!AB384&"</P><P> (part source "&PartsMaster!AD384&")</P><P>Notes: "&PartsMaster!AA384&"</P>" -> <P>Cap / Cover Cap / Cover / Trim</P><P>Jaguar part name </P><P>Product numbers 0</P><P>Fits starting from VIN/ModelYear 18108 until VIN/ModelYear -</P><P>Condition: </P><P> (part source )</P><P>Notes: </P> | AA48: BasicStyle | AC48: 0 | AD48: 0 | AE48: None | AF48: 7 | AG48: 0 | AH48: 0 | AI48: 0 | AJ48: 0 | AK48: 0 | AO48: 0.00 | AR48: 0 | AS48: 10112 | AV48: Tallinn | AX48: 62128510024 | AY48: 62035811024 | AZ48: 55187694024 | BA48: Shipping per agreement | BB48: PayPal:Immediate pay | BC48: Return Policy | BD48: 1 | BE48: 0 | BF48: 0 | BG48: 0 | BN48: Metric | BV48: 0 | CL48: 0 | DD48: 0|287377024| | DE48: 0|287377024| | DI48: 0 | DP48: Jaguar | DQ48: =PartsMaster!$A384 -> 0 | DR48: Yes | DS48: =PartsMaster!$K385&" "&PartsMaster!L385&" "&PartsMaster!$M385 -> Front Left Low
A49: Add | B49: UK | C49: FixedPriceItem | D49: =PartsMaster!B45&" "&PartsMaster!$C45 -> Jaguar XK8 XKR X100 XJ8 XJR X308 Filter Engine Oil | E49: 3000 | F49: Normal Used Condition. | H49: =PartsMaster!$Q45 -> OIL FILTER | I49: 9886 | K49: 0 | L49: 0 | M49: =PartsMaster!$D45 -> 0 | O49: GBP | P49: =PartsMaster!$S45/1.45 -> 17.241379 | S49: 30 | T49: 0 | U49: EE | Z49: ="<P>"&PartsMaster!$I45&" "&PartsMaster!$H45&"</P>"&"<P>Jaguar part name "&PartsMaster!$E45&"</P><P>Product numbers "&PartsMaster!R45&" "&DQ49&"</P><P>Fits starting from VIN/ModelYear "&PartsMaster!$F45&" until VIN/ModelYear "&PartsMaster!$G45&"</P><P>Condition: "&PartsMaster!AB45&"</P><P> (part source "&PartsMaster!AD45&")</P><P>Notes: "&PartsMaster!AA45&"</P>" -> <P>Engine Oil Filter</P><P>Jaguar part name </P><P>Product numbers EAZ1354G EAZ1354G</P><P>Fits starting from VIN/ModelYear until VIN/ModelYear </P><P>Condition: British Parts</P><P> (part source )</P><P>Notes: </P> | AA49: BasicStyle | AC49: 0 | AD49: 0 | AE49: None | AF49: 7 | AG49: 0 | AH49: 0 | AI49: 0 | AJ49: 0 | AK49: 0 | AO49: 0.00 | AR49: 0 | AS49: 10112 | AV49: Tallinn | AX49: 62128510024 | AY49: 62035811024 | AZ49: 55187694024 | BA49: Shipping per agreement | BB49: PayPal:Immediate pay | BC49: Return Policy | BD49: 1 | BE49: 0 | BF49: 0 | BG49: 0 | BN49: Metric | BV49: 0 | CL49: 0 | DD49: 0|287377024| | DE49: 0|287377024| | DI49: 0 | DP49: Jaguar | DQ49: =PartsMaster!$A45 -> EAZ1354G | DR49: Yes | DS49: =PartsMaster!$K46&" "&PartsMaster!L46&" "&PartsMaster!$M46 -> Front Left/Right Top
A50: Add | B50: UK | C50: FixedPriceItem | D50: =PartsMaster!B102&" "&PartsMaster!$C102 -> Jaguar XK8 XKR X100 Clamp Bolt | E50: 3000 | F50: Normal Used Condition. | H50: =PartsMaster!$Q102 -> Clamp Bolt | I50: 9886 | K50: 0 | L50: 0 | M50: =PartsMaster!$D102 -> 0 | O50: GBP | P50: =PartsMaster!$S102/1.45 -> 0 | S50: 30 | T50: 0 | U50: EE | Z50: ="<P>"&PartsMaster!$I102&" "&PartsMaster!$H102&"</P>"&"<P>Jaguar part name "&PartsMaster!$E102&"</P><P>Product numbers "&PartsMaster!R102&" "&DQ50&"</P><P>Fits starting from VIN/ModelYear "&PartsMaster!$F102&" until VIN/ModelYear "&PartsMaster!$G102&"</P><P>Condition: "&PartsMaster!AB102&"</P><P> (part source "&PartsMaster!AD102&")</P><P>Notes: "&PartsMaster!AA102&"</P>" -> <P>Mounting Bolt / Screw</P><P>Jaguar part name BATTERY/STARTER MOTOR/ALTERNATOR/BATTERY AND FIXINGS </P><P>Product numbers GNB3544AB/USA</P><P>Fits starting from VIN/ModelYear MY1996 until VIN/ModelYear 013377</P><P>Condition: </P><P> (part source )</P><P>Notes: </P> | AA50: BasicStyle | AC50: 0 | AD50: 0 | AE50: None | AF50: 7 | AG50: 0 | AH50: 0 | AI50: 0 | AJ50: 0 | AK50: 0 | AO50: 0.00 | AR50: 0 | AS50: 10112 | AV50: Tallinn | AX50: 62128510024 | AY50: 62035811024 | AZ50: 55187694024 | BA50: Shipping per agreement | BB50: PayPal:Immediate pay | BC50: Return Policy | BD50: 1 | BE50: 0 | BF50: 0 | BG50: 0 | BN50: Metric | BV50: 0 | CL50: 0 | DD50: 0|287377024| | DE50: 0|287377024| | DI50: 0 | DP50: Jaguar | DQ50: =PartsMaster!$A102 -> GNB3544AB/USA | DR50: Yes | DS50: =PartsMaster!$K103&" "&PartsMaster!L103&" "&PartsMaster!$M103 -> Front Right Bottom
A51: Add | B51: UK | C51: FixedPriceItem | D51: =PartsMaster!B103&" "&PartsMaster!$C103 -> Jaguar XK8 XKR X100 Battery Clamp Bolt | E51: 3000 | F51: Normal Used Condition. | H51: =PartsMaster!$Q103 -> Battery Clamp Bolt | I51: 9886 | K51: 0 | L51: 0 | M51: =PartsMaster!$D103 -> 2 | O51: GBP | P51: =PartsMaster!$S103/1.45 -> 0 | S51: 30 | T51: 0 | U51: EE | Z51: ="<P>"&PartsMaster!$I103&" "&PartsMaster!$H103&"</P>"&"<P>Jaguar part name "&PartsMaster!$E103&"</P><P>Product numbers "&PartsMaster!R103&" "&DQ51&"</P><P>Fits starting from VIN/ModelYear "&PartsMaster!$F103&" until VIN/ModelYear "&PartsMaster!$G103&"</P><P>Condition: "&PartsMaster!AB103&"</P><P> (part source "&PartsMaster!AD103&")</P><P>Notes: "&PartsMaster!AA103&"</P>" -> <P>Mounting Bolt / Screw</P><P>Jaguar part name BATTERY/STARTER MOTOR/ALTERNATOR/BATTERY AND FIXINGS </P><P>Product numbers GNB3544AC</P><P>Fits starting from VIN/ModelYear MY1996 until VIN/ModelYear End</P><P>Condition: </P><P> (part source )</P><P>Notes: </P> | AA51: BasicStyle | AC51: 0 | AD51: 0 | AE51: None | AF51: 7 | AG51: 0 | AH51: 0 | AI51: 0 | AJ51: 0 | AK51: 0 | AO51: 0.00 | AR51: 0 | AS51: 10112 | AV51: Tallinn | AX51: 62128510024 | AY51: 62035811024 | AZ51: 55187694024 | BA51: Shipping per agreement | BB51: PayPal:Immediate pay | BC51: Return Policy | BD51: 1 | BE51: 0 | BF51: 0 | BG51: 0 | BN51: Metric | BV51: 0 | CL51: 0 | DD51: 0|287377024| | DE51: 0|287377024| | DI51: 0 | DP51: Jaguar | DQ51: =PartsMaster!$A103 -> GNB3544AC | DR51: Yes | DS51: =PartsMaster!$K104&" "&PartsMaster!L104&" "&PartsMaster!$M104 -> Front Left/Right
A52: Add | B52: UK | C52: FixedPriceItem | D52: =PartsMaster!B113&" "&PartsMaster!$C113 -> Jaguar XK8 XKR X100 Bonnet / Bulkhead - Seal / Insulation | E52: 3000 | F52: Normal Used Condition. | H52: =PartsMaster!$Q113 -> 0 | I52: 9886 | K52: 0 | L52: 0 | M52: =PartsMaster!$D113 -> 1 | O52: GBP | P52: =PartsMaster!$S113/1.45 -> 24.137931 | S52: 30 | T52: 0 | U52: EE | Z52: ="<P>"&PartsMaster!$I113&" "&PartsMaster!$H113&"</P>"&"<P>Jaguar part name "&PartsMaster!$E113&"</P><P>Product numbers "&PartsMaster!R113&" "&DQ52&"</P><P>Fits starting from VIN/ModelYear "&PartsMaster!$F113&" until VIN/ModelYear "&PartsMaster!$G113&"</P><P>Condition: "&PartsMaster!AB113&"</P><P> (part source "&PartsMaster!AD113&")</P><P>Notes: "&PartsMaster!AA113&"</P>" -> <P>Air Insulation Seal / Insulation</P><P>Jaguar part name BODY CLOSURES AND SEALING/BONNET LATCHING MECHANISM AND SEALS Bulkhead Seal LH</P><P>Product numbers HJA5246BC HJA5246BC</P><P>Fits starting from VIN/ModelYear MY97 until VIN/ModelYear 010097</P><P>Condition: Dismantled from bottom & engine damaged MY1997 XK8 Convertible VIN 0136xx</P><P> (part source KK)</P><P>Notes: </P> | AA52: BasicStyle | AC52: 0 | AD52: 0 | AE52: None | AF52: 7 | AG52: 0 | AH52: 0 | AI52: 0 | AJ52: 0 | AK52: 0 | AO52: 0.00 | AR52: 0 | AS52: 10112 | AV52: Tallinn | AX52: 62128510024 | AY52: 62035811024 | AZ52: 55187694024 | BA52: Shipping per agreement | BB52: PayPal:Immediate pay | BC52: Return Policy | BD52: 1 | BE52: 0 | BF52: 0 | BG52: 0 | BN52: Metric | BV52: 0 | CL52: 0 | DD52: 0|287377024| | DE52: 0|287377024| | DI52: 0 | DP52: Jaguar | DQ52: =PartsMaster!$A113 -> HJA5246BC | DR52: Yes | DS52: =PartsMaster!$K114&" "&PartsMaster!L114&" "&PartsMaster!$M114 -> Rear Right Top
A53: Add | B53: UK | C53: FixedPriceItem | D53: =PartsMaster!B112&" "&PartsMaster!$C112 -> Jaguar XK8 XKR X100 Bonnet / Bulkhead - Seal / Insulation | E53: 3000 | F53: Normal Used Condition. | H53: =PartsMaster!$Q112 -> 0 | I53: 9886 | K53: 0 | L53: 0 | M53: =PartsMaster!$D112 -> 0 | O53: GBP | P53: =PartsMaster!$S112/1.45 -> 0 | S53: 30 | T53: 0 | U53: EE | Z53: ="<P>"&PartsMaster!$I112&" "&PartsMaster!$H112&"</P>"&"<P>Jaguar part name "&PartsMaster!$E112&"</P><P>Product numbers "&PartsMaster!R112&" "&DQ53&"</P><P>Fits starting from VIN/ModelYear "&PartsMaster!$F112&" until VIN/ModelYear "&PartsMaster!$G112&"</P><P>Condition: "&PartsMaster!AB112&"</P><P> (part source "&PartsMaster!AD112&")</P><P>Notes: "&PartsMaster!AA112&"</P>" -> <P>Air Insulation Seal / Insulation</P><P>Jaguar part name BODY CLOSURES AND SEALING/BONNET LATCHING MECHANISM AND SEALS Bulkhead Seal</P><P>Product numbers HJA5245AA HJA5245AA </P><P>Fits starting from VIN/ModelYear 010098 until VIN/ModelYear 042775</P><P>Condition: </P><P> (part source )</P><P>Notes: </P> | AA53: BasicStyle | AC53: 0 | AD53: 0 | AE53: None | AF53: 7 | AG53: 0 | AH53: 0 | AI53: 0 | AJ53: 0 | AK53: 0 | AO53: 0.00 | AR53: 0 | AS53: 10112 | AV53: Tallinn | AX53: 62128510024 | AY53: 62035811024 | AZ53: 55187694024 | BA53: Shipping per agreement | BB53: PayPal:Immediate pay | BC53: Return Policy | BD53: 1 | BE53: 0 | BF53: 0 | BG53: 0 | BN53: Metric | BV53: 0 | CL53: 0 | DD53: 0|287377024| | DE53: 0|287377024| | DI53: 0 | DP53: Jaguar | DQ53: =PartsMaster!$A112 -> HJA5245AA | DR53: Yes | DS53: =PartsMaster!$K113&" "&PartsMaster!L113&" "&PartsMaster!$M113 -> Rear Left Top
A54: Add | B54: UK | C54: FixedPriceItem | D54: =PartsMaster!B315&" "&PartsMaster!$C315 -> Jaguar XK8 XKR X100 XJ8 XJR X308 Filter Air | E54: 3000 | F54: Normal Used Condition. | H54: =PartsMaster!$Q315 -> 0 | I54: 9886 | K54: 0 | L54: 0 | M54: =PartsMaster!$D315 -> 0 | O54: GBP | P54: =PartsMaster!$S315/1.45 -> 13.793103 | S54: 30 | T54: 0 | U54: EE | Z54: ="<P>"&PartsMaster!$I315&" "&PartsMaster!$H315&"</P>"&"<P>Jaguar part name "&PartsMaster!$E315&"</P><P>Product numbers "&PartsMaster!R315&" "&DQ54&"</P><P>Fits starting from VIN/ModelYear "&PartsMaster!$F315&" until VIN/ModelYear "&PartsMaster!$G315&"</P><P>Condition: "&PartsMaster!AB315&"</P><P> (part source "&PartsMaster!AD315&")</P><P>Notes: "&PartsMaster!AA315&"</P>" -> <P>Air Filter Filter</P><P>Jaguar part name </P><P>Product numbers NJA3558AA</P><P>Fits starting from VIN/ModelYear until VIN/ModelYear </P><P>Condition: </P><P> (part source )</P><P>Notes: </P> | AA54: BasicStyle | AC54: 0 | AD54: 0 | AE54: None | AF54: 7 | AG54: 0 | AH54: 0 | AI54: 0 | AJ54: 0 | AK54: 0 | AO54: 0.00 | AR54: 0 | AS54: 10112 | AV54: Tallinn | AX54: 62128510024 | AY54: 62035811024 | AZ54: 55187694024 | BA54: Shipping per agreement | BB54: PayPal:Immediate pay | BC54: Return Policy | BD54: 1 | BE54: 0 | BF54: 0 | BG54: 0 | BN54: Metric | BV54: 0 | CL54: 0 | DD54: 0|287377024| | DE54: 0|287377024| | DI54: 0 | DP54: Jaguar | DQ54: =PartsMaster!$A315 -> NJA3558AA | DR54: Yes | DS54: =PartsMaster!$K316&" "&PartsMaster!L316&" "&PartsMaster!$M316 -> Front Top
A55: Add | B55: UK | C55: FixedPriceItem | D55: =PartsMaster!B174&" "&PartsMaster!$C174 -> Jaguar XK8 XKR X100 Wheel Bearing Kit - Rear | E55: 3000 | F55: Normal Used Condition. | H55: =PartsMaster!$Q174 -> BRG SPACER | I55: 9886 | K55: 0 | L55: 0 | M55: =PartsMaster!$D174 -> 2 | O55: GBP | P55: =PartsMaster!$S174/1.45 -> 24.137931 | S55: 30 | T55: 0 | U55: EE | Z55: ="<P>"&PartsMaster!$I174&" "&PartsMaster!$H174&"</P>"&"<P>Jaguar part name "&PartsMaster!$E174&"</P><P>Product numbers "&PartsMaster!R174&" "&DQ55&"</P><P>Fits starting from VIN/ModelYear "&PartsMaster!$F174&" until VIN/ModelYear "&PartsMaster!$G174&"</P><P>Condition: "&PartsMaster!AB174&"</P><P> (part source "&PartsMaster!AD174&")</P><P>Notes: "&PartsMaster!AA174&"</P>" -> <P>Bearing Kit</P><P>Jaguar part name STEERING AND SUSPENSION/HUB AND CARRIER-REAR - Hub bearing kit</P><P>Product numbers JLM1708 JLM1708</P><P>Fits starting from VIN/ModelYear until VIN/ModelYear </P><P>Condition: </P><P> (part source )</P><P>Notes: </P> | AA55: BasicStyle | AC55: 0 | AD55: 0 | AE55: None | AF55: 7 | AG55: 0 | AH55: 0 | AI55: 0 | AJ55: 0 | AK55: 0 | AO55: 0.00 | AR55: 0 | AS55: 10112 | AV55: Tallinn | AX55: 62128510024 | AY55: 62035811024 | AZ55: 55187694024 | BA55: Shipping per agreement | BB55: PayPal:Immediate pay | BC55: Return Policy | BD55: 1 | BE55: 0 | BF55: 0 | BG55: 0 | BN55: Metric | BV55: 0 | CL55: 0 | DD55: 0|287377024| | DE55: 0|287377024| | DI55: 0 | DP55: Jaguar | DQ55: =PartsMaster!$A174 -> JLM1708 | DR55: Yes | DS55: =PartsMaster!$K175&" "&PartsMaster!L175&" "&PartsMaster!$M175 -> Front
A56: Add | B56: UK | C56: FixedPriceItem | D56: =PartsMaster!B173&" "&PartsMaster!$C173 -> Jaguar XK8 XKR X100 XJ8 XJR X308 Drive shaft Universal Join | E56: 3000 | F56: Normal Used Condition. | H56: =PartsMaster!$Q173 -> 0 | I56: 9886 | K56: 0 | L56: 0 | M56: =PartsMaster!$D173 -> 0 | O56: GBP | P56: =PartsMaster!$S173/1.45 -> 27.586207 | S56: 30 | T56: 0 | U56: EE | Z56: ="<P>"&PartsMaster!$I173&" "&PartsMaster!$H173&"</P>"&"<P>Jaguar part name "&PartsMaster!$E173&"</P><P>Product numbers "&PartsMaster!R173&" "&DQ56&"</P><P>Fits starting from VIN/ModelYear "&PartsMaster!$F173&" until VIN/ModelYear "&PartsMaster!$G173&"</P><P>Condition: "&PartsMaster!AB173&"</P><P> (part source "&PartsMaster!AD173&")</P><P>Notes: "&PartsMaster!AA173&"</P>" -> <P>Universal joint Universal joint</P><P>Jaguar part name </P><P>Product numbers JLM1388</P><P>Fits starting from VIN/ModelYear until VIN/ModelYear </P><P>Condition: </P><P> (part source )</P><P>Notes: </P> | AA56: BasicStyle | AC56: 0 | AD56: 0 | AE56: None | AF56: 7 | AG56: 0 | AH56: 0 | AI56: 0 | AJ56: 0 | AK56: 0 | AO56: 0.00 | AR56: 0 | AS56: 10112 | AV56: Tallinn | AX56: 62128510024 | AY56: 62035811024 | AZ56: 55187694024 | BA56: Shipping per agreement | BB56: PayPal:Immediate pay | BC56: Return Policy | BD56: 1 | BE56: 0 | BF56: 0 | BG56: 0 | BN56: Metric | BV56: 0 | CL56: 0 | DD56: 0|287377024| | DE56: 0|287377024| | DI56: 0 | DP56: Jaguar | DQ56: =PartsMaster!$A173 -> JLM1388 | DR56: Yes | DS56: =PartsMaster!$K174&" "&PartsMaster!L174&" "&PartsMaster!$M174 -> Rear Left/Right
A57: Add | B57: UK | C57: FixedPriceItem | D57: =PartsMaster!B94&" "&PartsMaster!$C94 -> Jaguar XK8 XKR X100 Footrest | E57: 3000 | F57: Normal Used Condition. | H57: =PartsMaster!$Q94 -> Footrest | I57: 9886 | K57: 0 | L57: 0 | M57: =PartsMaster!$D94 -> 1 | O57: GBP | P57: =PartsMaster!$S94/1.45 -> 0 | S57: 30 | T57: 0 | U57: EE | Z57: ="<P>"&PartsMaster!$I94&" "&PartsMaster!$H94&"</P>"&"<P>Jaguar part name "&PartsMaster!$E94&"</P><P>Product numbers "&PartsMaster!R94&" "&DQ57&"</P><P>Fits starting from VIN/ModelYear "&PartsMaster!$F94&" until VIN/ModelYear "&PartsMaster!$G94&"</P><P>Condition: "&PartsMaster!AB94&"</P><P> (part source "&PartsMaster!AD94&")</P><P>Notes: "&PartsMaster!AA94&"</P>" -> <P>Footrest Footrest</P><P>Jaguar part name INTERIOR TRIMS AND LININGS/BODY INTERIOR FIXTURES AND FITTINGS - Footrest - Low rest</P><P>Product numbers GJA9660CC GJA9660CC</P><P>Fits starting from VIN/ModelYear until VIN/ModelYear </P><P>Condition: Dismantled from bottom & engine damaged MY1997 XK8 Convertible VIN 0136xx</P><P> (part source KK)</P><P>Notes: USA / LHD</P> | AA57: BasicStyle | AC57: 0 | AD57: 0 | AE57: None | AF57: 7 | AG57: 0 | AH57: 0 | AI57: 0 | AJ57: 0 | AK57: 0 | AO57: 0.00 | AR57: 0 | AS57: 10112 | AV57: Tallinn | AX57: 62128510024 | AY57: 62035811024 | AZ57: 55187694024 | BA57: Shipping per agreement | BB57: PayPal:Immediate pay | BC57: Return Policy | BD57: 1 | BE57: 0 | BF57: 0 | BG57: 0 | BN57: Metric | BV57: 0 | CL57: 0 | DD57: 0|287377024| | DE57: 0|287377024| | DI57: 0 | DP57: Jaguar | DQ57: =PartsMaster!$A94 -> GJA9660CC | DR57: Yes | DS57: =PartsMaster!$K95&" "&PartsMaster!L95&" "&PartsMaster!$M95 -> Front Left Bottom
A58: Add | B58: UK | C58: FixedPriceItem | D58: =PartsMaster!B95&" "&PartsMaster!$C95 -> Jaguar XK8 XKR X100 Footrest support plate | E58: 3000 | F58: Normal Used Condition. | H58: =PartsMaster!$Q95 -> Footrest support plate | I58: 9886 | K58: 0 | L58: 0 | M58: =PartsMaster!$D95 -> 1 | O58: GBP | P58: =PartsMaster!$S95/1.45 -> 0 | S58: 30 | T58: 0 | U58: EE | Z58: ="<P>"&PartsMaster!$I95&" "&PartsMaster!$H95&"</P>"&"<P>Jaguar part name "&PartsMaster!$E95&"</P><P>Product numbers "&PartsMaster!R95&" "&DQ58&"</P><P>Fits starting from VIN/ModelYear "&PartsMaster!$F95&" until VIN/ModelYear "&PartsMaster!$G95&"</P><P>Condition: "&PartsMaster!AB95&"</P><P> (part source "&PartsMaster!AD95&")</P><P>Notes: "&PartsMaster!AA95&"</P>" -> <P>Footrest Footrest</P><P>Jaguar part name INTERIOR TRIMS AND LININGS/BODY INTERIOR FIXTURES AND FITTINGS - Footrest support</P><P>Product numbers GJA9668AB GJA9668AB</P><P>Fits starting from VIN/ModelYear until VIN/ModelYear </P><P>Condition: Dismantled from bottom & engine damaged MY1997 XK8 Convertible VIN 0136xx</P><P> (part source KK)</P><P>Notes: USA / LHD</P> | AA58: BasicStyle | AC58: 0 | AD58: 0 | AE58: None | AF58: 7 | AG58: 0 | AH58: 0 | AI58: 0 | AJ58: 0 | AK58: 0 | AO58: 0.00 | AR58: 0 | AS58: 10112 | AV58: Tallinn | AX58: 62128510024 | AY58: 62035811024 | AZ58: 55187694024 | BA58: Shipping per agreement | BB58: PayPal:Immediate pay | BC58: Return Policy | BD58: 1 | BE58: 0 | BF58: 0 | BG58: 0 | BN58: Metric | BV58: 0 | CL58: 0 | DD58: 0|287377024| | DE58: 0|287377024| | DI58: 0 | DP58: Jaguar | DQ58: =PartsMaster!$A95 -> GJA9668AB | DR58: Yes | DS58: =PartsMaster!$K96&" "&PartsMaster!L96&" "&PartsMaster!$M96 -> Front Right Low
A59: Add | B59: UK | C59: FixedPriceItem | D59: =PartsMaster!B60&" "&PartsMaster!$C60 -> Jaguar XK8 XKR X100 Trunk lid hinge | E59: 3000 | F59: Normal Used Condition. | H59: =PartsMaster!$Q60 -> Trunk lid hinge | I59: 9886 | K59: 0 | L59: 0 | M59: =PartsMaster!$D60 -> 1 | O59: GBP | P59: =PartsMaster!$S60/1.45 -> 113.7931 | S59: 30 | T59: 0 | U59: EE | Z59: ="<P>"&PartsMaster!$I60&" "&PartsMaster!$H60&"</P>"&"<P>Jaguar part name "&PartsMaster!$E60&"</P><P>Product numbers "&PartsMaster!R60&" "&DQ59&"</P><P>Fits starting from VIN/ModelYear "&PartsMaster!$F60&" until VIN/ModelYear "&PartsMaster!$G60&"</P><P>Condition: "&PartsMaster!AB60&"</P><P> (part source "&PartsMaster!AD60&")</P><P>Notes: "&PartsMaster!AA60&"</P>" -> <P>Hinge Mount</P><P>Jaguar part name BODY METAL PANELS AND SEALING/BOLTED BODY PANELS</P><P>Product numbers FJA3027AD FJA3027AD</P><P>Fits starting from VIN/ModelYear until VIN/ModelYear 023170</P><P>Condition: Dismantled from bottom & engine damaged MY1997 XK8 Convertible VIN 0136xx</P><P> (part source KK)</P><P>Notes: Convertible</P> | AA59: BasicStyle | AC59: 0 | AD59: 0 | AE59: None | AF59: 7 | AG59: 0 | AH59: 0 | AI59: 0 | AJ59: 0 | AK59: 0 | AO59: 0.00 | AR59: 0 | AS59: 10112 | AV59: Tallinn | AX59: 62128510024 | AY59: 62035811024 | AZ59: 55187694024 | BA59: Shipping per agreement | BB59: PayPal:Immediate pay | BC59: Return Policy | BD59: 1 | BE59: 0 | BF59: 0 | BG59: 0 | BN59: Metric | BV59: 0 | CL59: 0 | DD59: 0|287377024| | DE59: 0|287377024| | DI59: 0 | DP59: Jaguar | DQ59: =PartsMaster!$A60 -> FJA3027AD | DR59: Yes | DS59: =PartsMaster!$K61&" "&PartsMaster!L61&" "&PartsMaster!$M61 -> Front Right NA
A60: Add | B60: UK | C60: FixedPriceItem | D60: =PartsMaster!B56&" "&PartsMaster!$C56 -> Jaguar XK8 XKR X100 Wing panel | E60: 3000 | F60: Normal Used Condition. | H60: =PartsMaster!$Q56 -> Wing panel | I60: 9886 | K60: 0 | L60: 0 | M60: =PartsMaster!$D56 -> 0 | O60: GBP | P60: =PartsMaster!$S56/1.45 -> 134.48276 | S60: 30 | T60: 0 | U60: EE | Z60: ="<P>"&PartsMaster!$I56&" "&PartsMaster!$H56&"</P>"&"<P>Jaguar part name "&PartsMaster!$E56&"</P><P>Product numbers "&PartsMaster!R56&" "&DQ60&"</P><P>Fits starting from VIN/ModelYear "&PartsMaster!$F56&" until VIN/ModelYear "&PartsMaster!$G56&"</P><P>Condition: "&PartsMaster!AB56&"</P><P> (part source "&PartsMaster!AD56&")</P><P>Notes: "&PartsMaster!AA56&"</P>" -> <P>Body Body panel</P><P>Jaguar part name BODY METAL PANELS AND SEALING/BOLTED BODY PANELS - Wing panel -RH front</P><P>Product numbers FJA1070AE FJA1070AE</P><P>Fits starting from VIN/ModelYear MY1996 until VIN/ModelYear 042775</P><P>Condition: Extra spare</P><P> (part source TR)</P><P>Notes: Needs proper re-primer before paint</P> | AA60: BasicStyle | AC60: 0 | AD60: 0 | AE60: None | AF60: 7 | AG60: 0 | AH60: 0 | AI60: 0 | AJ60: 0 | AK60: 0 | AO60: 0.00 | AR60: 0 | AS60: 10112 | AV60: Tallinn | AX60: 62128510024 | AY60: 62035811024 | AZ60: 55187694024 | BA60: Shipping per agreement | BB60: PayPal:Immediate pay | BC60: Return Policy | BD60: 1 | BE60: 0 | BF60: 0 | BG60: 0 | BN60: Metric | BV60: 0 | CL60: 0 | DD60: 0|287377024| | DE60: 0|287377024| | DI60: 0 | DP60: Jaguar | DQ60: =PartsMaster!$A56 -> FJA1070AE | DR60: Yes | DS60: =PartsMaster!$K57&" "&PartsMaster!L57&" "&PartsMaster!$M57 -> Front Left
A61: Add | B61: UK | C61: FixedPriceItem | D61: =PartsMaster!B376&" "&PartsMaster!$C376 -> Jaguar XK8 XKR X100 Seat - Mechanism cover - Coffee | E61: 3000 | F61: Normal Used Condition. | H61: =PartsMaster!$Q376 -> 0 | I61: 9886 | K61: 0 | L61: 0 | M61: =PartsMaster!$D376 -> 0 | O61: GBP | P61: =PartsMaster!$S376/1.45 -> 0 | S61: 30 | T61: 0 | U61: EE | Z61: ="<P>"&PartsMaster!$I376&" "&PartsMaster!$H376&"</P>"&"<P>Jaguar part name "&PartsMaster!$E376&"</P><P>Product numbers "&PartsMaster!R376&" "&DQ61&"</P><P>Fits starting from VIN/ModelYear "&PartsMaster!$F376&" until VIN/ModelYear "&PartsMaster!$G376&"</P><P>Condition: "&PartsMaster!AB376&"</P><P> (part source "&PartsMaster!AD376&")</P><P>Notes: "&PartsMaster!AA376&"</P>" -> <P>Cap / Cover Cap / Cover / Trim</P><P>Jaguar part name </P><P>Product numbers 0</P><P>Fits starting from VIN/ModelYear 18108 until VIN/ModelYear -</P><P>Condition: </P><P> (part source )</P><P>Notes: </P> | AA61: BasicStyle | AC61: 0 | AD61: 0 | AE61: None | AF61: 7 | AG61: 0 | AH61: 0 | AI61: 0 | AJ61: 0 | AK61: 0 | AO61: 0.00 | AR61: 0 | AS61: 10112 | AV61: Tallinn | AX61: 62128510024 | AY61: 62035811024 | AZ61: 55187694024 | BA61: Shipping per agreement | BB61: PayPal:Immediate pay | BC61: Return Policy | BD61: 1 | BE61: 0 | BF61: 0 | BG61: 0 | BN61: Metric | BV61: 0 | CL61: 0 | DD61: 0|287377024| | DE61: 0|287377024| | DI61: 0 | DP61: Jaguar | DQ61: =PartsMaster!$A376 -> 0 | DR61: Yes | DS61: =PartsMaster!$K377&" "&PartsMaster!L377&" "&PartsMaster!$M377 -> Front Left Low
A62: Add | B62: UK | C62: FixedPriceItem | D62: =PartsMaster!B58&" "&PartsMaster!$C58 -> Jaguar XK8 XKR X100 Tonneau panel | E62: 3000 | F62: Normal Used Condition. | H62: =PartsMaster!$Q58 -> Tonneau panel | I62: 9886 | K62: 0 | L62: 0 | M62: =PartsMaster!$D58 -> 0 | O62: GBP | P62: =PartsMaster!$S58/1.45 -> 517.24138 | S62: 30 | T62: 0 | U62: EE | Z62: ="<P>"&PartsMaster!$I58&" "&PartsMaster!$H58&"</P>"&"<P>Jaguar part name "&PartsMaster!$E58&"</P><P>Product numbers "&PartsMaster!R58&" "&DQ62&"</P><P>Fits starting from VIN/ModelYear "&PartsMaster!$F58&" until VIN/ModelYear "&PartsMaster!$G58&"</P><P>Condition: "&PartsMaster!AB58&"</P><P> (part source "&PartsMaster!AD58&")</P><P>Notes: "&PartsMaster!AA58&"</P>" -> <P>Body Body panel</P><P>Jaguar part name BODY METAL PANELS AND SEALING/FIXED BODY PANELS - Tonneau panel</P><P>Product numbers FJA1320BE FJA1320BE </P><P>Fits starting from VIN/ModelYear MY1996 until VIN/ModelYear MY2006</P><P>Condition: Dismantled from bottom & engine damaged MY1997 XK8 Convertible VIN 0136xx</P><P> (part source KK)</P><P>Notes: Color Blue - One Small Dent</P> | AA62: BasicStyle | AC62: 0 | AD62: 0 | AE62: None | AF62: 7 | AG62: 0 | AH62: 0 | AI62: 0 | AJ62: 0 | AK62: 0 | AO62: 0.00 | AR62: 0 | AS62: 10112 | AV62: Tallinn | AX62: 62128510024 | AY62: 62035811024 | AZ62: 55187694024 | BA62: Shipping per agreement | BB62: PayPal:Immediate pay | BC62: Return Policy | BD62: 1 | BE62: 0 | BF62: 0 | BG62: 0 | BN62: Metric | BV62: 0 | CL62: 0 | DD62: 0|287377024| | DE62: 0|287377024| | DI62: 0 | DP62: Jaguar | DQ62: =PartsMaster!$A58 -> FJA1320BE | DR62: Yes | DS62: =PartsMaster!$K59&" "&PartsMaster!L59&" "&PartsMaster!$M59 -> Rear Right NA
A63: Add | B63: UK | C63: FixedPriceItem | D63: =PartsMaster!B59&" "&PartsMaster!$C59 -> Jaguar XK8 XKR X100 Trunk lid hinge | E63: 3000 | F63: Normal Used Condition. | H63: =PartsMaster!$Q59 -> Trunk lid hinge | I63: 9886 | K63: 0 | L63: 0 | M63: =PartsMaster!$D59 -> 1 | O63: GBP | P63: =PartsMaster!$S59/1.45 -> 113.7931 | S63: 30 | T63: 0 | U63: EE | Z63: ="<P>"&PartsMaster!$I59&" "&PartsMaster!$H59&"</P>"&"<P>Jaguar part name "&PartsMaster!$E59&"</P><P>Product numbers "&PartsMaster!R59&" "&DQ63&"</P><P>Fits starting from VIN/ModelYear "&PartsMaster!$F59&" until VIN/ModelYear "&PartsMaster!$G59&"</P><P>Condition: "&PartsMaster!AB59&"</P><P> (part source "&PartsMaster!AD59&")</P><P>Notes: "&PartsMaster!AA59&"</P>" -> <P>Hinge Mount</P><P>Jaguar part name BODY METAL PANELS AND SEALING/BOLTED BODY PANELS</P><P>Product numbers FJA3026AD FJA3026AD</P><P>Fits starting from VIN/ModelYear until VIN/ModelYear 023170</P><P>Condition: Dismantled from bottom & engine damaged MY1997 XK8 Convertible VIN 0136xx</P><P> (part source KK)</P><P>Notes: Convertible</P> | AA63: BasicStyle | AC63: 0 | AD63: 0 | AE63: None | AF63: 7 | AG63: 0 | AH63: 0 | AI63: 0 | AJ63: 0 | AK63: 0 | AO63: 0.00 | AR63: 0 | AS63: 10112 | AV63: Tallinn | AX63: 62128510024 | AY63: 62035811024 | AZ63: 55187694024 | BA63: Shipping per agreement | BB63: PayPal:Immediate pay | BC63: Return Policy | BD63: 1 | BE63: 0 | BF63: 0 | BG63: 0 | BN63: Metric | BV63: 0 | CL63: 0 | DD63: 0|287377024| | DE63: 0|287377024| | DI63: 0 | DP63: Jaguar | DQ63: =PartsMaster!$A59 -> FJA3026AD | DR63: Yes | DS63: =PartsMaster!$K60&" "&PartsMaster!L60&" "&PartsMaster!$M60 -> Rear Left NA
A64: Add | B64: UK | C64: FixedPriceItem | D64: =PartsMaster!B96&" "&PartsMaster!$C96 -> Jaguar XK8 XKR X100 Seat - Mechanism cover | E64: 3000 | F64: Normal Used Condition. | H64: =PartsMaster!$Q96 -> 0 | I64: 9886 | K64: 0 | L64: 0 | M64: =PartsMaster!$D96 -> 0 | O64: GBP | P64: =PartsMaster!$S96/1.45 -> 0 | S64: 30 | T64: 0 | U64: EE | Z64: ="<P>"&PartsMaster!$I96&" "&PartsMaster!$H96&"</P>"&"<P>Jaguar part name "&PartsMaster!$E96&"</P><P>Product numbers "&PartsMaster!R96&" "&DQ64&"</P><P>Fits starting from VIN/ModelYear "&PartsMaster!$F96&" until VIN/ModelYear "&PartsMaster!$G96&"</P><P>Condition: "&PartsMaster!AB96&"</P><P> (part source "&PartsMaster!AD96&")</P><P>Notes: "&PartsMaster!AA96&"</P>" -> <P>Cap / Cover Cap / Cover / Trim</P><P>Jaguar part name SEATING/FRONT SEATS, TRIM AND FITTINGS - Sports trim - Mechanism cover</P><P>Product numbers GJB4730AA/AGD GJB4730AAAGD </P><P>Fits starting from VIN/ModelYear 18108 until VIN/ModelYear -</P><P>Condition: </P><P> (part source )</P><P>Notes: </P> | AA64: BasicStyle | AC64: 0 | AD64: 0 | AE64: None | AF64: 7 | AG64: 0 | AH64: 0 | AI64: 0 | AJ64: 0 | AK64: 0 | AO64: 0.00 | AR64: 0 | AS64: 10112 | AV64: Tallinn | AX64: 62128510024 | AY64: 62035811024 | AZ64: 55187694024 | BA64: Shipping per agreement | BB64: PayPal:Immediate pay | BC64: Return Policy | BD64: 1 | BE64: 0 | BF64: 0 | BG64: 0 | BN64: Metric | BV64: 0 | CL64: 0 | DD64: 0|287377024| | DE64: 0|287377024| | DI64: 0 | DP64: Jaguar | DQ64: =PartsMaster!$A96 -> GJB4730AA/AGD GJB4730AAAGD | DR64: Yes | DS64: =PartsMaster!$K97&" "&PartsMaster!L97&" "&PartsMaster!$M97 -> Front Right Low
A65: Add | B65: UK | C65: FixedPriceItem | D65: =PartsMaster!B288&" "&PartsMaster!$C288 -> Jaguar XK8 XKR X100 XJ8 XJR X308 Engine Sump Pan Gasket | E65: 3000 | F65: Normal Used Condition. | H65: =PartsMaster!$Q288 -> SUMP PAN GASKET | I65: 9886 | K65: 0 | L65: 0 | M65: =PartsMaster!$D288 -> 0 | O65: GBP | P65: =PartsMaster!$S288/1.45 -> 0 | S65: 30 | T65: 0 | U65: EE | Z65: ="<P>"&PartsMaster!$I288&" "&PartsMaster!$H288&"</P>"&"<P>Jaguar part name "&PartsMaster!$E288&"</P><P>Product numbers "&PartsMaster!R288&" "&DQ65&"</P><P>Fits starting from VIN/ModelYear "&PartsMaster!$F288&" until VIN/ModelYear "&PartsMaster!$G288&"</P><P>Condition: "&PartsMaster!AB288&"</P><P> (part source "&PartsMaster!AD288&")</P><P>Notes: "&PartsMaster!AA288&"</P>" -> <P>Engine Oil Gasket / Seal / O-Ring</P><P>Jaguar part name </P><P>Product numbers NCA1730AD NCA1730AD</P><P>Fits starting from VIN/ModelYear XK8 / XKR 4.0 V8 1996 X308 XJ8 XJR 3.2 / 4.0 V8 1998 until VIN/ModelYear XK8 / XKR 4.0 V8 2006 X308 XJ8 XJR 3.2 / 4.0 V8 2002</P><P>Condition: British Parts</P><P> (part source )</P><P>Notes: </P> | AA65: BasicStyle | AC65: 0 | AD65: 0 | AE65: None | AF65: 7 | AG65: 0 | AH65: 0 | AI65: 0 | AJ65: 0 | AK65: 0 | AO65: 0.00 | AR65: 0 | AS65: 10112 | AV65: Tallinn | AX65: 62128510024 | AY65: 62035811024 | AZ65: 55187694024 | BA65: Shipping per agreement | BB65: PayPal:Immediate pay | BC65: Return Policy | BD65: 1 | BE65: 0 | BF65: 0 | BG65: 0 | BN65: Metric | BV65: 0 | CL65: 0 | DD65: 0|287377024| | DE65: 0|287377024| | DI65: 0 | DP65: Jaguar | DQ65: =PartsMaster!$A288 -> NCA1730AD | DR65: Yes | DS65: =PartsMaster!$K289&" "&PartsMaster!L289&" "&PartsMaster!$M289
A66: Add | B66: UK | C66: FixedPriceItem | D66: =PartsMaster!B62&" "&PartsMaster!$C62 -> Jaguar XK8 XKR X100 Door | E66: 3000 | F66: Normal Used Condition. | H66: =PartsMaster!$Q62 -> Door - Left | I66: 9886 | K66: 0 | L66: 0 | M66: =PartsMaster!$D62 -> 1 | O66: GBP | P66: =PartsMaster!$S62/1.45 -> 196.55172 | S66: 30 | T66: 0 | U66: EE | Z66: ="<P>"&PartsMaster!$I62&" "&PartsMaster!$H62&"</P>"&"<P>Jaguar part name "&PartsMaster!$E62&"</P><P>Product numbers "&PartsMaster!R62&" "&DQ66&"</P><P>Fits starting from VIN/ModelYear "&PartsMaster!$F62&" until VIN/ModelYear "&PartsMaster!$G62&"</P><P>Condition: "&PartsMaster!AB62&"</P><P> (part source "&PartsMaster!AD62&")</P><P>Notes: "&PartsMaster!AA62&"</P>" -> <P>Body Body panel</P><P>Jaguar part name BODY METAL PANELS AND SEALING/BOLTED BODY PANELS</P><P>Product numbers FJA3029AE FJA3029AE</P><P>Fits starting from VIN/ModelYear MY1996 until VIN/ModelYear 042775</P><P>Condition: Dismantled from bottom & engine damaged MY1997 XK8 Convertible VIN 0136xx</P><P> (part source KK)</P><P>Notes: Convertible</P> | AA66: BasicStyle | AC66: 0 | AD66: 0 | AE66: None | AF66: 7 | AG66: 0 | AH66: 0 | AI66: 0 | AJ66: 0 | AK66: 0 | AO66: 0.00 | AR66: 0 | AS66: 10112 | AV66: Tallinn | AX66: 62128510024 | AY66: 62035811024 | AZ66: 55187694024 | BA66: Shipping per agreement | BB66: PayPal:Immediate pay | BC66: Return Policy | BD66: 1 | BE66: 0 | BF66: 0 | BG66: 0 | BN66: Metric | BV66: 0 | CL66: 0 | DD66: 0|287377024| | DE66: 0|287377024| | DI66: 0 | DP66: Jaguar | DQ66: =PartsMaster!$A62 -> FJA3029AE | DR66: Yes | DS66: =PartsMaster!$K63&" "&PartsMaster!L63&" "&PartsMaster!$M63 -> Rear Center NA
A67: Add | B67: UK | C67: FixedPriceItem | D67: =PartsMaster!B30&" "&PartsMaster!$C30 -> Jaguar XK8 XKR X100 XJ6 X300 XJ8 X308 Bearing Hub Pivot | E67: 3000 | F67: Normal Used Condition. | H67: =PartsMaster!$Q30 -> Hub Pivot Bearing | I67: 9886 | K67: 0 | L67: 0 | M67: =PartsMaster!$D30 -> 2 | O67: GBP | P67: =PartsMaster!$S30/1.45 -> 10.344828 | S67: 30 | T67: 0 | U67: EE | Z67: ="<P>"&PartsMaster!$I30&" "&PartsMaster!$H30&"</P>"&"<P>Jaguar part name "&PartsMaster!$E30&"</P><P>Product numbers "&PartsMaster!R30&" "&DQ67&"</P><P>Fits starting from VIN/ModelYear "&PartsMaster!$F30&" until VIN/ModelYear "&PartsMaster!$G30&"</P><P>Condition: "&PartsMaster!AB30&"</P><P> (part source "&PartsMaster!AD30&")</P><P>Notes: "&PartsMaster!AA30&"</P>" -> <P>Bearing Bearing</P><P>Jaguar part name STEERING AND SUSPENSION/HUB AND CARRIER-REAR - Taper roller bearing</P><P>Product numbers CAC4610 CAC4610</P><P>Fits starting from VIN/ModelYear until VIN/ModelYear </P><P>Condition: new extra spare</P><P> (part source JP)</P><P>Notes: </P> | AA67: BasicStyle | AC67: 0 | AD67: 0 | AE67: None | AF67: 7 | AG67: 0 | AH67: 0 | AI67: 0 | AJ67: 0 | AK67: 0 | AO67: 0.00 | AR67: 0 | AS67: 10112 | AV67: Tallinn | AX67: 62128510024 | AY67: 62035811024 | AZ67: 55187694024 | BA67: Shipping per agreement | BB67: PayPal:Immediate pay | BC67: Return Policy | BD67: 1 | BE67: 0 | BF67: 0 | BG67: 0 | BN67: Metric | BV67: 0 | CL67: 0 | DD67: 0|287377024| | DE67: 0|287377024| | DI67: 0 | DP67: Jaguar | DQ67: =PartsMaster!$A30 -> CAC4610 | DR67: Yes | DS67: =PartsMaster!$K31&" "&PartsMaster!L31&" "&PartsMaster!$M31 -> Rear Left/Right
A68: Add | B68: UK | C68: FixedPriceItem | D68: =PartsMaster!B74&" "&PartsMaster!$C74 -> Jaguar XK8 XKR X100 Door waist seal | E68: 3000 | F68: Normal Used Condition. | H68: =PartsMaster!$Q74 -> Door waist seal | I68: 9886 | K68: 0 | L68: 0 | M68: =PartsMaster!$D74 -> 0 | O68: GBP | P68: =PartsMaster!$S74/1.45 -> 65.517241 | S68: 30 | T68: 0 | U68: EE | Z68: ="<P>"&PartsMaster!$I74&" "&PartsMaster!$H74&"</P>"&"<P>Jaguar part name "&PartsMaster!$E74&"</P><P>Product numbers "&PartsMaster!R74&" "&DQ68&"</P><P>Fits starting from VIN/ModelYear "&PartsMaster!$F74&" until VIN/ModelYear "&PartsMaster!$G74&"</P><P>Condition: "&PartsMaster!AB74&"</P><P> (part source "&PartsMaster!AD74&")</P><P>Notes: "&PartsMaster!AA74&"</P>" -> <P>Seal Seal / Insulation</P><P>Jaguar part name BODY CLOSURES AND SEALING/DOOR SEALS -Waist seal</P><P>Product numbers GJA1710AF GJA1710AF</P><P>Fits starting from VIN/ModelYear MY1996 until VIN/ModelYear 033152</P><P>Condition: From Front crashed MY1997 VIN 0049xx</P><P> (part source RD)</P><P>Notes: Like a new!</P> | AA68: BasicStyle | AC68: 0 | AD68: 0 | AE68: None | AF68: 7 | AG68: 0 | AH68: 0 | AI68: 0 | AJ68: 0 | AK68: 0 | AO68: 0.00 | AR68: 0 | AS68: 10112 | AV68: Tallinn | AX68: 62128510024 | AY68: 62035811024 | AZ68: 55187694024 | BA68: Shipping per agreement | BB68: PayPal:Immediate pay | BC68: Return Policy | BD68: 1 | BE68: 0 | BF68: 0 | BG68: 0 | BN68: Metric | BV68: 0 | CL68: 0 | DD68: 0|287377024| | DE68: 0|287377024| | DI68: 0 | DP68: Jaguar | DQ68: =PartsMaster!$A74 -> GJA1710AF | DR68: Yes | DS68: =PartsMaster!$K75&" "&PartsMaster!L75&" "&PartsMaster!$M75 -> Center Right
A69: Add | B69: UK | C69: FixedPriceItem | D69: =PartsMaster!B65&" "&PartsMaster!$C65 -> Jaguar XK8 XKR X100 Seat belt webbing retainer | E69: 3000 | F69: Normal Used Condition. | H69: =PartsMaster!$Q65 -> RETAINER-SEA | I69: 9886 | K69: 0 | L69: 0 | M69: =PartsMaster!$D65 -> 0 | O69: GBP | P69: =PartsMaster!$S65/1.45 -> 0 | S69: 30 | T69: 0 | U69: EE | Z69: ="<P>"&PartsMaster!$I65&" "&PartsMaster!$H65&"</P>"&"<P>Jaguar part name "&PartsMaster!$E65&"</P><P>Product numbers "&PartsMaster!R65&" "&DQ69&"</P><P>Fits starting from VIN/ModelYear "&PartsMaster!$F65&" until VIN/ModelYear "&PartsMaster!$G65&"</P><P>Condition: "&PartsMaster!AB65&"</P><P> (part source "&PartsMaster!AD65&")</P><P>Notes: "&PartsMaster!AA65&"</P>" -> <P> </P><P>Jaguar part name </P><P>Product numbers GJA 2447AAAGD GJA 2447AAAGD</P><P>Fits starting from VIN/ModelYear until VIN/ModelYear </P><P>Condition: BritishParts</P><P> (part source )</P><P>Notes: </P> | AA69: BasicStyle | AC69: 0 | AD69: 0 | AE69: None | AF69: 7 | AG69: 0 | AH69: 0 | AI69: 0 | AJ69: 0 | AK69: 0 | AO69: 0.00 | AR69: 0 | AS69: 10112 | AV69: Tallinn | AX69: 62128510024 | AY69: 62035811024 | AZ69: 55187694024 | BA69: Shipping per agreement | BB69: PayPal:Immediate pay | BC69: Return Policy | BD69: 1 | BE69: 0 | BF69: 0 | BG69: 0 | BN69: Metric | BV69: 0 | CL69: 0 | DD69: 0|287377024| | DE69: 0|287377024| | DI69: 0 | DP69: Jaguar | DQ69: =PartsMaster!$A65 -> GJA 2447AAAGD | DR69: Yes | DS69: =PartsMaster!$K66&" "&PartsMaster!L66&" "&PartsMaster!$M66 -> Front Right N/A
A70: Add | B70: UK | C70: FixedPriceItem | D70: =PartsMaster!B66&" "&PartsMaster!$C66 -> Jaguar XK8 XKR X100 Window Glass Door | E70: 3000 | F70: Normal Used Condition. | H70: =PartsMaster!$Q66 -> Window Glass Door | I70: 9886 | K70: 0 | L70: 0 | M70: =PartsMaster!$D66 -> 1 | O70: GBP | P70: =PartsMaster!$S66/1.45 -> 113.7931 | S70: 30 | T70: 0 | U70: EE | Z70: ="<P>"&PartsMaster!$I66&" "&PartsMaster!$H66&"</P>"&"<P>Jaguar part name "&PartsMaster!$E66&"</P><P>Product numbers "&PartsMaster!R66&" "&DQ70&"</P><P>Fits starting from VIN/ModelYear "&PartsMaster!$F66&" until VIN/ModelYear "&PartsMaster!$G66&"</P><P>Condition: "&PartsMaster!AB66&"</P><P> (part source "&PartsMaster!AD66&")</P><P>Notes: "&PartsMaster!AA66&"</P>" -> <P>Windows Glass</P><P>Jaguar part name BODY CLOSURES AND SEALING/DOOR GLASSES AND FRAMES - Door glass and carrier - Convertible - RH</P><P>Product numbers GJA1000BG GJA1000BG</P><P>Fits starting from VIN/ModelYear MY1996 until VIN/ModelYear 042775</P><P>Condition: Dismantled from bottom & engine damaged MY1997 XK8 Convertible VIN 0136xx</P><P> (part source KK)</P><P>Notes: </P> | AA70: BasicStyle | AC70: 0 | AD70: 0 | AE70: None | AF70: 7 | AG70: 0 | AH70: 0 | AI70: 0 | AJ70: 0 | AK70: 0 | AO70: 0.00 | AR70: 0 | AS70: 10112 | AV70: Tallinn | AX70: 62128510024 | AY70: 62035811024 | AZ70: 55187694024 | BA70: Shipping per agreement | BB70: PayPal:Immediate pay | BC70: Return Policy | BD70: 1 | BE70: 0 | BF70: 0 | BG70: 0 | BN70: Metric | BV70: 0 | CL70: 0 | DD70: 0|287377024| | DE70: 0|287377024| | DI70: 0 | DP70: Jaguar | DQ70: =PartsMaster!$A66 -> GJA1000BG | DR70: Yes | DS70: =PartsMaster!$K67&" "&PartsMaster!L67&" "&PartsMaster!$M67 -> Front Right
A71: Add | B71: UK | C71: FixedPriceItem | D71: =PartsMaster!B67&" "&PartsMaster!$C67 -> Jaguar XK8 XKR X100 Glass guide frame | E71: 3000 | F71: Normal Used Condition. | H71: =PartsMaster!$Q67 -> Glass guide frame | I71: 9886 | K71: 0 | L71: 0 | M71: =PartsMaster!$D67 -> 1 | O71: GBP | P71: =PartsMaster!$S67/1.45 -> 37.931034 | S71: 30 | T71: 0 | U71: EE | Z71: ="<P>"&PartsMaster!$I67&" "&PartsMaster!$H67&"</P>"&"<P>Jaguar part name "&PartsMaster!$E67&"</P><P>Product numbers "&PartsMaster!R67&" "&DQ71&"</P><P>Fits starting from VIN/ModelYear "&PartsMaster!$F67&" until VIN/ModelYear "&PartsMaster!$G67&"</P><P>Condition: "&PartsMaster!AB67&"</P><P> (part source "&PartsMaster!AD67&")</P><P>Notes: "&PartsMaster!AA67&"</P>" -> <P>Glass guide rail</P><P>Jaguar part name BODY CLOSURES AND SEALING/DOOR GLASSES AND FRAMES - guide rail</P><P>Product numbers GJA1014AF GJA1014AF</P><P>Fits starting from VIN/ModelYear until VIN/ModelYear </P><P>Condition: Dismantled from bottom & engine damaged MY1997 XK8 Convertible VIN 0136xx</P><P> (part source KK)</P><P>Notes: </P> | AA71: BasicStyle | AC71: 0 | AD71: 0 | AE71: None | AF71: 7 | AG71: 0 | AH71: 0 | AI71: 0 | AJ71: 0 | AK71: 0 | AO71: 0.00 | AR71: 0 | AS71: 10112 | AV71: Tallinn | AX71: 62128510024 | AY71: 62035811024 | AZ71: 55187694024 | BA71: Shipping per agreement | BB71: PayPal:Immediate pay | BC71: Return Policy | BD71: 1 | BE71: 0 | BF71: 0 | BG71: 0 | BN71: Metric | BV71: 0 | CL71: 0 | DD71: 0|287377024| | DE71: 0|287377024| | DI71: 0 | DP71: Jaguar | DQ71: =PartsMaster!$A67 -> GJA1014AF | DR71: Yes | DS71: =PartsMaster!$K68&" "&PartsMaster!L68&" "&PartsMaster!$M68 -> Front Left
A72: Add | B72: UK | C72: FixedPriceItem | D72: =PartsMaster!B68&" "&PartsMaster!$C68 -> Jaguar XK8 XKR X100 Glass guide frame | E72: 3000 | F72: Normal Used Condition. | H72: =PartsMaster!$Q68 -> Glass guide frame | I72: 9886 | K72: 0 | L72: 0 | M72: =PartsMaster!$D68 -> 1 | O72: GBP | P72: =PartsMaster!$S68/1.45 -> 37.931034 | S72: 30 | T72: 0 | U72: EE | Z72: ="<P>"&PartsMaster!$I68&" "&PartsMaster!$H68&"</P>"&"<P>Jaguar part name "&PartsMaster!$E68&"</P><P>Product numbers "&PartsMaster!R68&" "&DQ72&"</P><P>Fits starting from VIN/ModelYear "&PartsMaster!$F68&" until VIN/ModelYear "&PartsMaster!$G68&"</P><P>Condition: "&PartsMaster!AB68&"</P><P> (part source "&PartsMaster!AD68&")</P><P>Notes: "&PartsMaster!AA68&"</P>" -> <P>Glass guide rail</P><P>Jaguar part name BODY CLOSURES AND SEALING/DOOR GLASSES AND FRAMES - guide rail</P><P>Product numbers GJA1015AE GJA1015AE</P><P>Fits starting from VIN/ModelYear until VIN/ModelYear </P><P>Condition: Dismantled from bottom & engine damaged MY1997 XK8 Convertible VIN 0136xx</P><P> (part source KK)</P><P>Notes: </P> | AA72: BasicStyle | AC72: 0 | AD72: 0 | AE72: None | AF72: 7 | AG72: 0 | AH72: 0 | AI72: 0 | AJ72: 0 | AK72: 0 | AO72: 0.00 | AR72: 0 | AS72: 10112 | AV72: Tallinn | AX72: 62128510024 | AY72: 62035811024 | AZ72: 55187694024 | BA72: Shipping per agreement | BB72: PayPal:Immediate pay | BC72: Return Policy | BD72: 1 | BE72: 0 | BF72: 0 | BG72: 0 | BN72: Metric | BV72: 0 | CL72: 0 | DD72: 0|287377024| | DE72: 0|287377024| | DI72: 0 | DP72: Jaguar | DQ72: =PartsMaster!$A68 -> GJA1015AE | DR72: Yes | DS72: =PartsMaster!$K69&" "&PartsMaster!L69&" "&PartsMaster!$M69 -> Front Right
A73: Add | B73: UK | C73: FixedPriceItem | D73: =PartsMaster!B69&" "&PartsMaster!$C69 -> Jaguar XK8 XKR X100 Glass guide frame | E73: 3000 | F73: Normal Used Condition. | H73: =PartsMaster!$Q69 -> Glass guide frame | I73: 9886 | K73: 0 | L73: 0 | M73: =PartsMaster!$D69 -> 1 | O73: GBP | P73: =PartsMaster!$S69/1.45 -> 37.931034 | S73: 30 | T73: 0 | U73: EE | Z73: ="<P>"&PartsMaster!$I69&" "&PartsMaster!$H69&"</P>"&"<P>Jaguar part name "&PartsMaster!$E69&"</P><P>Product numbers "&PartsMaster!R69&" "&DQ73&"</P><P>Fits starting from VIN/ModelYear "&PartsMaster!$F69&" until VIN/ModelYear "&PartsMaster!$G69&"</P><P>Condition: "&PartsMaster!AB69&"</P><P> (part source "&PartsMaster!AD69&")</P><P>Notes: "&PartsMaster!AA69&"</P>" -> <P>Glass guide rail</P><P>Jaguar part name BODY CLOSURES AND SEALING/DOOR GLASSES AND FRAMES - guide rail</P><P>Product numbers GJA1016AF GJA1016AF</P><P>Fits starting from VIN/ModelYear 011494 until VIN/ModelYear 042775</P><P>Condition: Dismantled from bottom & engine damaged MY1997 XK8 Convertible VIN 0136xx</P><P> (part source KK)</P><P>Notes: </P> | AA73: BasicStyle | AC73: 0 | AD73: 0 | AE73: None | AF73: 7 | AG73: 0 | AH73: 0 | AI73: 0 | AJ73: 0 | AK73: 0 | AO73: 0.00 | AR73: 0 | AS73: 10112 | AV73: Tallinn | AX73: 62128510024 | AY73: 62035811024 | AZ73: 55187694024 | BA73: Shipping per agreement | BB73: PayPal:Immediate pay | BC73: Return Policy | BD73: 1 | BE73: 0 | BF73: 0 | BG73: 0 | BN73: Metric | BV73: 0 | CL73: 0 | DD73: 0|287377024| | DE73: 0|287377024| | DI73: 0 | DP73: Jaguar | DQ73: =PartsMaster!$A69 -> GJA1016AF | DR73: Yes | DS73: =PartsMaster!$K70&" "&PartsMaster!L70&" "&PartsMaster!$M70 -> Front Left
A74: Add | B74: UK | C74: FixedPriceItem | D74: =PartsMaster!B70&" "&PartsMaster!$C70 -> Jaguar XK8 XKR X100 Glass guide frame | E74: 3000 | F74: Normal Used Condition. | H74: =PartsMaster!$Q70 -> Glass guide frame | I74: 9886 | K74: 0 | L74: 0 | M74: =PartsMaster!$D70 -> 1 | O74: GBP | P74: =PartsMaster!$S70/1.45 -> 37.931034 | S74: 30 | T74: 0 | U74: EE | Z74: ="<P>"&PartsMaster!$I70&" "&PartsMaster!$H70&"</P>"&"<P>Jaguar part name "&PartsMaster!$E70&"</P><P>Product numbers "&PartsMaster!R70&" "&DQ74&"</P><P>Fits starting from VIN/ModelYear "&PartsMaster!$F70&" until VIN/ModelYear "&PartsMaster!$G70&"</P><P>Condition: "&PartsMaster!AB70&"</P><P> (part source "&PartsMaster!AD70&")</P><P>Notes: "&PartsMaster!AA70&"</P>" -> <P>Glass guide rail</P><P>Jaguar part name BODY CLOSURES AND SEALING/DOOR GLASSES AND FRAMES - guide rail</P><P>Product numbers GJA1017AF GJA1017AF</P><P>Fits starting from VIN/ModelYear until VIN/ModelYear </P><P>Condition: Dismantled from bottom & engine damaged MY1997 XK8 Convertible VIN 0136xx</P><P> (part source KK)</P><P>Notes: </P> | AA74: BasicStyle | AC74: 0 | AD74: 0 | AE74: None | AF74: 7 | AG74: 0 | AH74: 0 | AI74: 0 | AJ74: 0 | AK74: 0 | AO74: 0.00 | AR74: 0 | AS74: 10112 | AV74: Tallinn | AX74: 62128510024 | AY74: 62035811024 | AZ74: 55187694024 | BA74: Shipping per agreement | BB74: PayPal:Immediate pay | BC74: Return Policy | BD74: 1 | BE74: 0 | BF74: 0 | BG74: 0 | BN74: Metric | BV74: 0 | CL74: 0 | DD74: 0|287377024| | DE74: 0|287377024| | DI74: 0 | DP74: Jaguar | DQ74: =PartsMaster!$A70 -> GJA1017AF | DR74: Yes | DS74: =PartsMaster!$K71&" "&PartsMaster!L71&" "&PartsMaster!$M71 -> Front Right
A75: Add | B75: UK | C75: FixedPriceItem | D75: =PartsMaster!B46&" "&PartsMaster!$C46 -> Jaguar XK8 XKR X100 XJ8 XJR X308 Tappet | E75: 3000 | F75: Normal Used Condition. | H75: =PartsMaster!$Q46 -> 0 | I75: 9886 | K75: 0 | L75: 0 | M75: =PartsMaster!$D46 -> 16 | O75: GBP | P75: =PartsMaster!$S46/1.45 -> 17.241379 | S75: 30 | T75: 0 | U75: EE | Z75: ="<P>"&PartsMaster!$I46&" "&PartsMaster!$H46&"</P>"&"<P>Jaguar part name "&PartsMaster!$E46&"</P><P>Product numbers "&PartsMaster!R46&" "&DQ75&"</P><P>Fits starting from VIN/ModelYear "&PartsMaster!$F46&" until VIN/ModelYear "&PartsMaster!$G46&"</P><P>Condition: "&PartsMaster!AB46&"</P><P> (part source "&PartsMaster!AD46&")</P><P>Notes: "&PartsMaster!AA46&"</P>" -> <P>Engine Valve</P><P>Jaguar part name ENGINE/CAMSHAFTS AND VALVE GEAR - Tappet</P><P>Product numbers EAZ1954</P><P>Fits starting from VIN/ModelYear X100 MY1996 - X308 812317 until VIN/ModelYear X100 031302 - X308 853935</P><P>Condition: Dismantled from MY1997 XK8 Convertible USA VIN 0136xx</P><P> (part source )</P><P>Notes: </P> | AA75: BasicStyle | AC75: 0 | AD75: 0 | AE75: None | AF75: 7 | AG75: 0 | AH75: 0 | AI75: 0 | AJ75: 0 | AK75: 0 | AO75: 0.00 | AR75: 0 | AS75: 10112 | AV75: Tallinn | AX75: 62128510024 | AY75: 62035811024 | AZ75: 55187694024 | BA75: Shipping per agreement | BB75: PayPal:Immediate pay | BC75: Return Policy | BD75: 1 | BE75: 0 | BF75: 0 | BG75: 0 | BN75: Metric | BV75: 0 | CL75: 0 | DD75: 0|287377024| | DE75: 0|287377024| | DI75: 0 | DP75: Jaguar | DQ75: =PartsMaster!$A46 -> EAZ1954 | DR75: Yes | DS75: =PartsMaster!$K47&" "&PartsMaster!L47&" "&PartsMaster!$M47
A76: Add | B76: UK | C76: FixedPriceItem | D76: =PartsMaster!B284&" "&PartsMaster!$C284 -> Jaguar XK8 XKR X100 ABS Pump | E76: 3000 | F76: Normal Used Condition. | H76: =PartsMaster!$Q284 -> 0 | I76: 9886 | K76: 0 | L76: 0 | M76: =PartsMaster!$D284 -> 1 | O76: GBP | P76: =PartsMaster!$S284/1.45 -> 65.517241 | S76: 30 | T76: 0 | U76: EE | Z76: ="<P>"&PartsMaster!$I284&" "&PartsMaster!$H284&"</P>"&"<P>Jaguar part name "&PartsMaster!$E284&"</P><P>Product numbers "&PartsMaster!R284&" "&DQ76&"</P><P>Fits starting from VIN/ModelYear "&PartsMaster!$F284&" until VIN/ModelYear "&PartsMaster!$G284&"</P><P>Condition: "&PartsMaster!AB284&"</P><P> (part source "&PartsMaster!AD284&")</P><P>Notes: "&PartsMaster!AA284&"</P>" -> <P>Brakes Pump</P><P>Jaguar part name BRAKING SYSTEM/ANTI LOCK BRAKING SYSTEM - Hydraulic control unit - traction control - 9 valve - 6 pipes</P><P>Product numbers MNC5920AC MNF5920AC</P><P>Fits starting from VIN/ModelYear until VIN/ModelYear </P><P>Condition: Exchanged spare</P><P> (part source SJ)</P><P>Notes: </P> | AA76: BasicStyle | AC76: 0 | AD76: 0 | AE76: None | AF76: 7 | AG76: 0 | AH76: 0 | AI76: 0 | AJ76: 0 | AK76: 0 | AO76: 0.00 | AR76: 0 | AS76: 10112 | AV76: Tallinn | AX76: 62128510024 | AY76: 62035811024 | AZ76: 55187694024 | BA76: Shipping per agreement | BB76: PayPal:Immediate pay | BC76: Return Policy | BD76: 1 | BE76: 0 | BF76: 0 | BG76: 0 | BN76: Metric | BV76: 0 | CL76: 0 | DD76: 0|287377024| | DE76: 0|287377024| | DI76: 0 | DP76: Jaguar | DQ76: =PartsMaster!$A284 -> MNF5920AC | DR76: Yes | DS76: =PartsMaster!$K285&" "&PartsMaster!L285&" "&PartsMaster!$M285 -> Front NA NA
A77: Add | B77: UK | C77: FixedPriceItem | D77: =PartsMaster!B185&" "&PartsMaster!$C185 -> Jaguar XK8 XKR X100 Switch J-Gate | E77: 3000 | F77: Normal Used Condition. | H77: =PartsMaster!$Q185 -> 0 | I77: 9886 | K77: 0 | L77: 0 | M77: =PartsMaster!$D185 -> 1 | O77: GBP | P77: =PartsMaster!$S185/1.45 -> 17.241379 | S77: 30 | T77: 0 | U77: EE | Z77: ="<P>"&PartsMaster!$I185&" "&PartsMaster!$H185&"</P>"&"<P>Jaguar part name "&PartsMaster!$E185&"</P><P>Product numbers "&PartsMaster!R185&" "&DQ77&"</P><P>Fits starting from VIN/ModelYear "&PartsMaster!$F185&" until VIN/ModelYear "&PartsMaster!$G185&"</P><P>Condition: "&PartsMaster!AB185&"</P><P> (part source "&PartsMaster!AD185&")</P><P>Notes: "&PartsMaster!AA185&"</P>" -> <P>Gear box / Gear shifter / Gear Selector Switch </P><P>Jaguar part name TRANSMISSION AND DRIVELINE/CONTROLS AND LINKAGE-AUTOMATIC GEARBOX</P><P>Product numbers JLM20304</P><P>Fits starting from VIN/ModelYear MY1996 until VIN/ModelYear A30644</P><P>Condition: Dismantled from bottom & engine damaged MY1997 XK8 Convertible VIN 0136xx</P><P> (part source KK)</P><P>Notes: </P> | AA77: BasicStyle | AC77: 0 | AD77: 0 | AE77: None | AF77: 7 | AG77: 0 | AH77: 0 | AI77: 0 | AJ77: 0 | AK77: 0 | AO77: 0.00 | AR77: 0 | AS77: 10112 | AV77: Tallinn | AX77: 62128510024 | AY77: 62035811024 | AZ77: 55187694024 | BA77: Shipping per agreement | BB77: PayPal:Immediate pay | BC77: Return Policy | BD77: 1 | BE77: 0 | BF77: 0 | BG77: 0 | BN77: Metric | BV77: 0 | CL77: 0 | DD77: 0|287377024| | DE77: 0|287377024| | DI77: 0 | DP77: Jaguar | DQ77: =PartsMaster!$A185 -> JLM20304 | DR77: Yes | DS77: =PartsMaster!$K186&" "&PartsMaster!L186&" "&PartsMaster!$M186 -> Front Left/Right
A78: Add | B78: UK | C78: FixedPriceItem | D78: =PartsMaster!B212&" "&PartsMaster!$C212 -> Jaguar XK8 XKR X100 Key Remote Fob | E78: 3000 | F78: Normal Used Condition. | H78: =PartsMaster!$Q212 -> 0 | I78: 9886 | K78: 0 | L78: 0 | M78: =PartsMaster!$D212 -> 0 | O78: GBP | P78: =PartsMaster!$S212/1.45 -> 0 | S78: 30 | T78: 0 | U78: EE | Z78: ="<P>"&PartsMaster!$I212&" "&PartsMaster!$H212&"</P>"&"<P>Jaguar part name "&PartsMaster!$E212&"</P><P>Product numbers "&PartsMaster!R212&" "&DQ78&"</P><P>Fits starting from VIN/ModelYear "&PartsMaster!$F212&" until VIN/ModelYear "&PartsMaster!$G212&"</P><P>Condition: "&PartsMaster!AB212&"</P><P> (part source "&PartsMaster!AD212&")</P><P>Notes: "&PartsMaster!AA212&"</P>" -> <P>Security Key / Remote</P><P>Jaguar part name </P><P>Product numbers LJA2610AA - US 315MHz (Low)</P><P>Fits starting from VIN/ModelYear until VIN/ModelYear </P><P>Condition: </P><P> (part source )</P><P>Notes: </P> | AA78: BasicStyle | AC78: 0 | AD78: 0 | AE78: None | AF78: 7 | AG78: 0 | AH78: 0 | AI78: 0 | AJ78: 0 | AK78: 0 | AO78: 0.00 | AR78: 0 | AS78: 10112 | AV78: Tallinn | AX78: 62128510024 | AY78: 62035811024 | AZ78: 55187694024 | BA78: Shipping per agreement | BB78: PayPal:Immediate pay | BC78: Return Policy | BD78: 1 | BE78: 0 | BF78: 0 | BG78: 0 | BN78: Metric | BV78: 0 | CL78: 0 | DD78: 0|287377024| | DE78: 0|287377024| | DI78: 0 | DP78: Jaguar | DQ78: =PartsMaster!$A212 -> LJA2610AA - US 315MHz (Low) | DR78: Yes | DS78: =PartsMaster!$K213&" "&PartsMaster!L213&" "&PartsMaster!$M213 -> Front
A79: Add | B79: UK | C79: FixedPriceItem | D79: =PartsMaster!B75&" "&PartsMaster!$C75 -> Jaguar XK8 XKR X100 Door waist seal | E79: 3000 | F79: Normal Used Condition. | H79: =PartsMaster!$Q75 -> Door waist seal | I79: 9886 | K79: 0 | L79: 0 | M79: =PartsMaster!$D75 -> 1 | O79: GBP | P79: =PartsMaster!$S75/1.45 -> 44.827586 | S79: 30 | T79: 0 | U79: EE | Z79: ="<P>"&PartsMaster!$I75&" "&PartsMaster!$H75&"</P>"&"<P>Jaguar part name "&PartsMaster!$E75&"</P><P>Product numbers "&PartsMaster!R75&" "&DQ79&"</P><P>Fits starting from VIN/ModelYear "&PartsMaster!$F75&" until VIN/ModelYear "&PartsMaster!$G75&"</P><P>Condition: "&PartsMaster!AB75&"</P><P> (part source "&PartsMaster!AD75&")</P><P>Notes: "&PartsMaster!AA75&"</P>" -> <P>Seal Seal / Insulation</P><P>Jaguar part name BODY CLOSURES AND SEALING/DOOR SEALS -Waist seal</P><P>Product numbers GJA1716AB GJA1716AB</P><P>Fits starting from VIN/ModelYear until VIN/ModelYear </P><P>Condition: Dismantled from bottom & engine damaged MY1997 XK8 Convertible VIN 0136xx</P><P> (part source KK)</P><P>Notes: </P> | AA79: BasicStyle | AC79: 0 | AD79: 0 | AE79: None | AF79: 7 | AG79: 0 | AH79: 0 | AI79: 0 | AJ79: 0 | AK79: 0 | AO79: 0.00 | AR79: 0 | AS79: 10112 | AV79: Tallinn | AX79: 62128510024 | AY79: 62035811024 | AZ79: 55187694024 | BA79: Shipping per agreement | BB79: PayPal:Immediate pay | BC79: Return Policy | BD79: 1 | BE79: 0 | BF79: 0 | BG79: 0 | BN79: Metric | BV79: 0 | CL79: 0 | DD79: 0|287377024| | DE79: 0|287377024| | DI79: 0 | DP79: Jaguar | DQ79: =PartsMaster!$A75 -> GJA1716AB | DR79: Yes | DS79: =PartsMaster!$K76&" "&PartsMaster!L76&" "&PartsMaster!$M76 -> Front Right
A80: Add | B80: UK | C80: FixedPriceItem | D80: =PartsMaster!B36&" "&PartsMaster!$C36 -> Jaguar XK8 XKR X100 Rear upper link | E80: 3000 | F80: Normal Used Condition. | H80: =PartsMaster!$Q36 -> 0 | I80: 9886 | K80: 0 | L80: 0 | M80: =PartsMaster!$D36 -> 1 | O80: GBP | P80: =PartsMaster!$S36/1.45 -> 37.931034 | S80: 30 | T80: 0 | U80: EE | Z80: ="<P>"&PartsMaster!$I36&" "&PartsMaster!$H36&"</P>"&"<P>Jaguar part name "&PartsMaster!$E36&"</P><P>Product numbers "&PartsMaster!R36&" "&DQ80&"</P><P>Fits starting from VIN/ModelYear "&PartsMaster!$F36&" until VIN/ModelYear "&PartsMaster!$G36&"</P><P>Condition: "&PartsMaster!AB36&"</P><P> (part source "&PartsMaster!AD36&")</P><P>Notes: "&PartsMaster!AA36&"</P>" -> <P>Mounting Suspention/rear</P><P>Jaguar part name STEERING AND SUSPENTION/SUBFRAME AND MOUNTINGS-REAR - Link</P><P>Product numbers CBC2964 CBC2964</P><P>Fits starting from VIN/ModelYear until VIN/ModelYear </P><P>Condition: Dismantled from bottom & engine damaged MY1997 XK8 Convertible VIN 0136xx</P><P> (part source KK)</P><P>Notes: </P> | AA80: BasicStyle | AC80: 0 | AD80: 0 | AE80: None | AF80: 7 | AG80: 0 | AH80: 0 | AI80: 0 | AJ80: 0 | AK80: 0 | AO80: 0.00 | AR80: 0 | AS80: 10112 | AV80: Tallinn | AX80: 62128510024 | AY80: 62035811024 | AZ80: 55187694024 | BA80: Shipping per agreement | BB80: PayPal:Immediate pay | BC80: Return Policy | BD80: 1 | BE80: 0 | BF80: 0 | BG80: 0 | BN80: Metric | BV80: 0 | CL80: 0 | DD80: 0|287377024| | DE80: 0|287377024| | DI80: 0 | DP80: Jaguar | DQ80: =PartsMaster!$A36 -> CBC2964 | DR80: Yes | DS80: =PartsMaster!$K37&" "&PartsMaster!L37&" "&PartsMaster!$M37 -> Rear Left Bottom
A81: Add | B81: UK | C81: FixedPriceItem | D81: =PartsMaster!B76&" "&PartsMaster!$C76 -> Jaguar XK8 XKR X100 Glass slide clamp | E81: 3000 | F81: Normal Used Condition. | H81: =PartsMaster!$Q76 -> Glass slide clamp | I81: 9886 | K81: 0 | L81: 0 | M81: =PartsMaster!$D76 -> 1 | O81: GBP | P81: =PartsMaster!$S76/1.45 -> 37.931034 | S81: 30 | T81: 0 | U81: EE | Z81: ="<P>"&PartsMaster!$I76&" "&PartsMaster!$H76&"</P>"&"<P>Jaguar part name "&PartsMaster!$E76&"</P><P>Product numbers "&PartsMaster!R76&" "&DQ81&"</P><P>Fits starting from VIN/ModelYear "&PartsMaster!$F76&" until VIN/ModelYear "&PartsMaster!$G76&"</P><P>Condition: "&PartsMaster!AB76&"</P><P> (part source "&PartsMaster!AD76&")</P><P>Notes: "&PartsMaster!AA76&"</P>" -> <P>Glass Bracket</P><P>Jaguar part name BODY CLOSURES AND SEALING/DOOR GLASSES AND FRAMES - Slide clamp - Front</P><P>Product numbers GJA2034AA GJA2034AA</P><P>Fits starting from VIN/ModelYear until VIN/ModelYear </P><P>Condition: Dismantled from bottom & engine damaged MY1997 XK8 Convertible VIN 0136xx</P><P> (part source KK)</P><P>Notes: </P> | AA81: BasicStyle | AC81: 0 | AD81: 0 | AE81: None | AF81: 7 | AG81: 0 | AH81: 0 | AI81: 0 | AJ81: 0 | AK81: 0 | AO81: 0.00 | AR81: 0 | AS81: 10112 | AV81: Tallinn | AX81: 62128510024 | AY81: 62035811024 | AZ81: 55187694024 | BA81: Shipping per agreement | BB81: PayPal:Immediate pay | BC81: Return Policy | BD81: 1 | BE81: 0 | BF81: 0 | BG81: 0 | BN81: Metric | BV81: 0 | CL81: 0 | DD81: 0|287377024| | DE81: 0|287377024| | DI81: 0 | DP81: Jaguar | DQ81: =PartsMaster!$A76 -> GJA2034AA | DR81: Yes | DS81: =PartsMaster!$K77&" "&PartsMaster!L77&" "&PartsMaster!$M77 -> Rear Right
A82: Add | B82: UK | C82: FixedPriceItem | D82: =PartsMaster!B57&" "&PartsMaster!$C57 -> Jaguar XK8 XKR X100 Wing panel | E82: 3000 | F82: Normal Used Condition. | H82: =PartsMaster!$Q57 -> Wing panel | I82: 9886 | K82: 0 | L82: 0 | M82: =PartsMaster!$D57 -> 0 | O82: GBP | P82: =PartsMaster!$S57/1.45 -> 203.44828 | S82: 30 | T82: 0 | U82: EE | Z82: ="<P>"&PartsMaster!$I57&" "&PartsMaster!$H57&"</P>"&"<P>Jaguar part name "&PartsMaster!$E57&"</P><P>Product numbers "&PartsMaster!R57&" "&DQ82&"</P><P>Fits starting from VIN/ModelYear "&PartsMaster!$F57&" until VIN/ModelYear "&PartsMaster!$G57&"</P><P>Condition: "&PartsMaster!AB57&"</P><P> (part source "&PartsMaster!AD57&")</P><P>Notes: "&PartsMaster!AA57&"</P>" -> <P>Body Body panel</P><P>Jaguar part name BODY METAL PANELS AND SEALING/BOLTED BODY PANELS - Wing panel -LH front</P><P>Product numbers FJA1071AE FJA1071AE</P><P>Fits starting from VIN/ModelYear MY1996 until VIN/ModelYear 042775</P><P>Condition: Dismantled from bottom & engine damaged MY1997 XK8 Convertible VIN 0136xx</P><P> (part source KK)</P><P>Notes: Cratched, Needs proper re-primer before paint</P> | AA82: BasicStyle | AC82: 0 | AD82: 0 | AE82: None | AF82: 7 | AG82: 0 | AH82: 0 | AI82: 0 | AJ82: 0 | AK82: 0 | AO82: 0.00 | AR82: 0 | AS82: 10112 | AV82: Tallinn | AX82: 62128510024 | AY82: 62035811024 | AZ82: 55187694024 | BA82: Shipping per agreement | BB82: PayPal:Immediate pay | BC82: Return Policy | BD82: 1 | BE82: 0 | BF82: 0 | BG82: 0 | BN82: Metric | BV82: 0 | CL82: 0 | DD82: 0|287377024| | DE82: 0|287377024| | DI82: 0 | DP82: Jaguar | DQ82: =PartsMaster!$A57 -> FJA1071AE | DR82: Yes | DS82: =PartsMaster!$K58&" "&PartsMaster!L58&" "&PartsMaster!$M58 -> Rear Right
A83: Add | B83: UK | C83: FixedPriceItem | D83: =PartsMaster!B161&" "&PartsMaster!$C161 -> Jaguar XK8 XKR X100 Seatbelt Front - Topmount plastic cover trim | E83: 3000 | F83: Normal Used Condition. | H83: =PartsMaster!$Q161 -> 0 | I83: 9886 | K83: 0 | L83: 0 | M83: =PartsMaster!$D161 -> 0 | O83: GBP | P83: =PartsMaster!$S161/1.45 -> 0 | S83: 30 | T83: 0 | U83: EE | Z83: ="<P>"&PartsMaster!$I161&" "&PartsMaster!$H161&"</P>"&"<P>Jaguar part name "&PartsMaster!$E161&"</P><P>Product numbers "&PartsMaster!R161&" "&DQ83&"</P><P>Fits starting from VIN/ModelYear "&PartsMaster!$F161&" until VIN/ModelYear "&PartsMaster!$G161&"</P><P>Condition: "&PartsMaster!AB161&"</P><P> (part source "&PartsMaster!AD161&")</P><P>Notes: "&PartsMaster!AA161&"</P>" -> <P>Cap / Cover Cap / Cover / Trim</P><P>Jaguar part name Seatbelt Cap</P><P>Product numbers HND7150AAHDX </P><P>Fits starting from VIN/ModelYear 19229 until VIN/ModelYear </P><P>Condition: </P><P> (part source )</P><P>Notes: Speaker Element has NO Product number or identifier printer on it</P> | AA83: BasicStyle | AC83: 0 | AD83: 0 | AE83: None | AF83: 7 | AG83: 0 | AH83: 0 | AI83: 0 | AJ83: 0 | AK83: 0 | AO83: 0.00 | AR83: 0 | AS83: 10112 | AV83: Tallinn | AX83: 62128510024 | AY83: 62035811024 | AZ83: 55187694024 | BA83: Shipping per agreement | BB83: PayPal:Immediate pay | BC83: Return Policy | BD83: 1 | BE83: 0 | BF83: 0 | BG83: 0 | BN83: Metric | BV83: 0 | CL83: 0 | DD83: 0|287377024| | DE83: 0|287377024| | DI83: 0 | DP83: Jaguar | DQ83: =PartsMaster!$A161 -> HND7150AAHDX | DR83: Yes | DS83: =PartsMaster!$K162&" "&PartsMaster!L162&" "&PartsMaster!$M162 -> Front Left/Right Top
A84: Add | B84: UK | C84: FixedPriceItem | D84: =PartsMaster!B55&" "&PartsMaster!$C55 -> Jaguar XK8 XKR X100 Rearview Mirror stem cover | E84: 3000 | F84: Normal Used Condition. | H84: =PartsMaster!$Q55 -> 0 | I84: 9886 | K84: 0 | L84: 0 | M84: =PartsMaster!$D55 -> 1 | O84: GBP | P84: =PartsMaster!$S55/1.45 -> 0 | S84: 30 | T84: 0 | U84: EE | Z84: ="<P>"&PartsMaster!$I55&" "&PartsMaster!$H55&"</P>"&"<P>Jaguar part name "&PartsMaster!$E55&"</P><P>Product numbers "&PartsMaster!R55&" "&DQ84&"</P><P>Fits starting from VIN/ModelYear "&PartsMaster!$F55&" until VIN/ModelYear "&PartsMaster!$G55&"</P><P>Condition: "&PartsMaster!AB55&"</P><P> (part source "&PartsMaster!AD55&")</P><P>Notes: "&PartsMaster!AA55&"</P>" -> <P>Mirrors Interior trim</P><P>Jaguar part name </P><P>Product numbers HXF3131AB</P><P>Fits starting from VIN/ModelYear until VIN/ModelYear </P><P>Condition: jaguxkr@gmail.com</P><P> (part source )</P><P>Notes: </P> | AA84: BasicStyle | AC84: 0 | AD84: 0 | AE84: None | AF84: 7 | AG84: 0 | AH84: 0 | AI84: 0 | AJ84: 0 | AK84: 0 | AO84: 0.00 | AR84: 0 | AS84: 10112 | AV84: Tallinn | AX84: 62128510024 | AY84: 62035811024 | AZ84: 55187694024 | BA84: Shipping per agreement | BB84: PayPal:Immediate pay | BC84: Return Policy | BD84: 1 | BE84: 0 | BF84: 0 | BG84: 0 | BN84: Metric | BV84: 0 | CL84: 0 | DD84: 0|287377024| | DE84: 0|287377024| | DI84: 0 | DP84: Jaguar | DQ84: =PartsMaster!$A55 -> HXF3131AB | DR84: Yes | DS84: =PartsMaster!$K56&" "&PartsMaster!L56&" "&PartsMaster!$M56 -> Front Right
A85: Add | B85: UK | C85: FixedPriceItem | D85: =PartsMaster!B98&" "&PartsMaster!$C98 -> Jaguar XK8 XKR X100 Seat - Mechanism cover | E85: 3000 | F85: Normal Used Condition. | H85: =PartsMaster!$Q98 -> 0 | I85: 9886 | K85: 0 | L85: 0 | M85: =PartsMaster!$D98 -> 0 | O85: GBP | P85: =PartsMaster!$S98/1.45 -> 0 | S85: 30 | T85: 0 | U85: EE | Z85: ="<P>"&PartsMaster!$I98&" "&PartsMaster!$H98&"</P>"&"<P>Jaguar part name "&PartsMaster!$E98&"</P><P>Product numbers "&PartsMaster!R98&" "&DQ85&"</P><P>Fits starting from VIN/ModelYear "&PartsMaster!$F98&" until VIN/ModelYear "&PartsMaster!$G98&"</P><P>Condition: "&PartsMaster!AB98&"</P><P> (part source "&PartsMaster!AD98&")</P><P>Notes: "&PartsMaster!AA98&"</P>" -> <P>Cap / Cover Cap / Cover / Trim</P><P>Jaguar part name SEATING/FRONT SEATS, TRIM AND FITTINGS - Sports trim - Mechanism cover</P><P>Product numbers GJB4731AA/AGD GJB4731AAAGD </P><P>Fits starting from VIN/ModelYear 18108 until VIN/ModelYear -</P><P>Condition: </P><P> (part source )</P><P>Notes: </P> | AA85: BasicStyle | AC85: 0 | AD85: 0 | AE85: None | AF85: 7 | AG85: 0 | AH85: 0 | AI85: 0 | AJ85: 0 | AK85: 0 | AO85: 0.00 | AR85: 0 | AS85: 10112 | AV85: Tallinn | AX85: 62128510024 | AY85: 62035811024 | AZ85: 55187694024 | BA85: Shipping per agreement | BB85: PayPal:Immediate pay | BC85: Return Policy | BD85: 1 | BE85: 0 | BF85: 0 | BG85: 0 | BN85: Metric | BV85: 0 | CL85: 0 | DD85: 0|287377024| | DE85: 0|287377024| | DI85: 0 | DP85: Jaguar | DQ85: =PartsMaster!$A98 -> GJB4731AA/AGD GJB4731AAAGD | DR85: Yes | DS85: =PartsMaster!$K99&" "&PartsMaster!L99&" "&PartsMaster!$M99 -> Front Left Low
A86: Add | B86: UK | C86: FixedPriceItem | D86: =PartsMaster!B105&" "&PartsMaster!$C105 -> Jaguar XK8 XKR X100 Flange finisher | E86: 3000 | F86: Normal Used Condition. | H86: =PartsMaster!$Q105 -> Flange finisher | I86: 9886 | K86: 0 | L86: 0 | M86: =PartsMaster!$D105 -> 2 | O86: GBP | P86: =PartsMaster!$S105/1.45 -> 0 | S86: 30 | T86: 0 | U86: EE | Z86: ="<P>"&PartsMaster!$I105&" "&PartsMaster!$H105&"</P>"&"<P>Jaguar part name "&PartsMaster!$E105&"</P><P>Product numbers "&PartsMaster!R105&" "&DQ86&"</P><P>Fits starting from VIN/ModelYear "&PartsMaster!$F105&" until VIN/ModelYear "&PartsMaster!$G105&"</P><P>Condition: "&PartsMaster!AB105&"</P><P> (part source "&PartsMaster!AD105&")</P><P>Notes: "&PartsMaster!AA105&"</P>" -> <P>Seals Door seals</P><P>Jaguar part name BODY CLOSURES AND SEALINGS/DOOR SEALS - Flange finisher</P><P>Product numbers HJA1651AD HJA1651AD</P><P>Fits starting from VIN/ModelYear until VIN/ModelYear </P><P>Condition: Dismantled from bottom & engine damaged MY1997 XK8 Convertible VIN 0136xx</P><P> (part source KK)</P><P>Notes: </P> | AA86: BasicStyle | AC86: 0 | AD86: 0 | AE86: None | AF86: 7 | AG86: 0 | AH86: 0 | AI86: 0 | AJ86: 0 | AK86: 0 | AO86: 0.00 | AR86: 0 | AS86: 10112 | AV86: Tallinn | AX86: 62128510024 | AY86: 62035811024 | AZ86: 55187694024 | BA86: Shipping per agreement | BB86: PayPal:Immediate pay | BC86: Return Policy | BD86: 1 | BE86: 0 | BF86: 0 | BG86: 0 | BN86: Metric | BV86: 0 | CL86: 0 | DD86: 0|287377024| | DE86: 0|287377024| | DI86: 0 | DP86: Jaguar | DQ86: =PartsMaster!$A105 -> HJA1651AD | DR86: Yes | DS86: =PartsMaster!$K106&" "&PartsMaster!L106&" "&PartsMaster!$M106 -> Front Left/Right
A87: Add | B87: UK | C87: FixedPriceItem | D87: =PartsMaster!B106&" "&PartsMaster!$C106 -> Jaguar XK8 XKR X100 Bonnet - Struts | E87: 3000 | F87: Normal Used Condition. | H87: =PartsMaster!$Q106 -> STRUT-BONNET | I87: 9886 | K87: 0 | L87: 0 | M87: =PartsMaster!$D106 -> 0 | O87: GBP | P87: =PartsMaster!$S106/1.45 -> 0 | S87: 30 | T87: 0 | U87: EE | Z87: ="<P>"&PartsMaster!$I106&" "&PartsMaster!$H106&"</P>"&"<P>Jaguar part name "&PartsMaster!$E106&"</P><P>Product numbers "&PartsMaster!R106&" "&DQ87&"</P><P>Fits starting from VIN/ModelYear "&PartsMaster!$F106&" until VIN/ModelYear "&PartsMaster!$G106&"</P><P>Condition: "&PartsMaster!AB106&"</P><P> (part source "&PartsMaster!AD106&")</P><P>Notes: "&PartsMaster!AA106&"</P>" -> <P>Mount Struts</P><P>Jaguar part name </P><P>Product numbers HJA2500AB HJA2500AB</P><P>Fits starting from VIN/ModelYear until VIN/ModelYear </P><P>Condition: British Parts</P><P> (part source )</P><P>Notes: Mfg date mm/96 until 04/97?</P> | AA87: BasicStyle | AC87: 0 | AD87: 0 | AE87: None | AF87: 7 | AG87: 0 | AH87: 0 | AI87: 0 | AJ87: 0 | AK87: 0 | AO87: 0.00 | AR87: 0 | AS87: 10112 | AV87: Tallinn | AX87: 62128510024 | AY87: 62035811024 | AZ87: 55187694024 | BA87: Shipping per agreement | BB87: PayPal:Immediate pay | BC87: Return Policy | BD87: 1 | BE87: 0 | BF87: 0 | BG87: 0 | BN87: Metric | BV87: 0 | CL87: 0 | DD87: 0|287377024| | DE87: 0|287377024| | DI87: 0 | DP87: Jaguar | DQ87: =PartsMaster!$A106 -> HJA2500AB | DR87: Yes | DS87: =PartsMaster!$K107&" "&PartsMaster!L107&" "&PartsMaster!$M107 -> Front Right
A88: Add | B88: UK | C88: FixedPriceItem | D88: =PartsMaster!B61&" "&PartsMaster!$C61 -> Jaguar XK8 XKR X100 Door | E88: 3000 | F88: Normal Used Condition. | H88: =PartsMaster!$Q61 -> Door - Right | I88: 9886 | K88: 0 | L88: 0 | M88: =PartsMaster!$D61 -> 0 | O88: GBP | P88: =PartsMaster!$S61/1.45 -> 196.55172 | S88: 30 | T88: 0 | U88: EE | Z88: ="<P>"&PartsMaster!$I61&" "&PartsMaster!$H61&"</P>"&"<P>Jaguar part name "&PartsMaster!$E61&"</P><P>Product numbers "&PartsMaster!R61&" "&DQ88&"</P><P>Fits starting from VIN/ModelYear "&PartsMaster!$F61&" until VIN/ModelYear "&PartsMaster!$G61&"</P><P>Condition: "&PartsMaster!AB61&"</P><P> (part source "&PartsMaster!AD61&")</P><P>Notes: "&PartsMaster!AA61&"</P>" -> <P>Body Body panel</P><P>Jaguar part name BODY METAL PANELS AND SEALING/BOLTED BODY PANELS</P><P>Product numbers FJA3028AE FJA3028AE</P><P>Fits starting from VIN/ModelYear until VIN/ModelYear 042775</P><P>Condition: </P><P> (part source KK)</P><P>Notes: Convertible</P> | AA88: BasicStyle | AC88: 0 | AD88: 0 | AE88: None | AF88: 7 | AG88: 0 | AH88: 0 | AI88: 0 | AJ88: 0 | AK88: 0 | AO88: 0.00 | AR88: 0 | AS88: 10112 | AV88: Tallinn | AX88: 62128510024 | AY88: 62035811024 | AZ88: 55187694024 | BA88: Shipping per agreement | BB88: PayPal:Immediate pay | BC88: Return Policy | BD88: 1 | BE88: 0 | BF88: 0 | BG88: 0 | BN88: Metric | BV88: 0 | CL88: 0 | DD88: 0|287377024| | DE88: 0|287377024| | DI88: 0 | DP88: Jaguar | DQ88: =PartsMaster!$A61 -> FJA3028AE | DR88: Yes | DS88: =PartsMaster!$K62&" "&PartsMaster!L62&" "&PartsMaster!$M62 -> Front Left NA
A89: Add | B89: UK | C89: FixedPriceItem | D89: =PartsMaster!B81&" "&PartsMaster!$C81 -> Jaguar XK8 XKR X100 Fusebox Cover Trunc | E89: 3000 | F89: Normal Used Condition. | H89: =PartsMaster!$Q81 -> 0 | I89: 9886 | K89: 0 | L89: 0 | M89: =PartsMaster!$D81 -> 0 | O89: GBP | P89: =PartsMaster!$S81/1.45 -> 0 | S89: 30 | T89: 0 | U89: EE | Z89: ="<P>"&PartsMaster!$I81&" "&PartsMaster!$H81&"</P>"&"<P>Jaguar part name "&PartsMaster!$E81&"</P><P>Product numbers "&PartsMaster!R81&" "&DQ89&"</P><P>Fits starting from VIN/ModelYear "&PartsMaster!$F81&" until VIN/ModelYear "&PartsMaster!$G81&"</P><P>Condition: "&PartsMaster!AB81&"</P><P> (part source "&PartsMaster!AD81&")</P><P>Notes: "&PartsMaster!AA81&"</P>" -> <P>Cap / Cover Cap / Cover / Trim</P><P>Jaguar part name </P><P>Product numbers GJA3892AA GJA3892AA</P><P>Fits starting from VIN/ModelYear until VIN/ModelYear </P><P>Condition: </P><P> (part source )</P><P>Notes: </P> | AA89: BasicStyle | AC89: 0 | AD89: 0 | AE89: None | AF89: 7 | AG89: 0 | AH89: 0 | AI89: 0 | AJ89: 0 | AK89: 0 | AO89: 0.00 | AR89: 0 | AS89: 10112 | AV89: Tallinn | AX89: 62128510024 | AY89: 62035811024 | AZ89: 55187694024 | BA89: Shipping per agreement | BB89: PayPal:Immediate pay | BC89: Return Policy | BD89: 1 | BE89: 0 | BF89: 0 | BG89: 0 | BN89: Metric | BV89: 0 | CL89: 0 | DD89: 0|287377024| | DE89: 0|287377024| | DI89: 0 | DP89: Jaguar | DQ89: =PartsMaster!$A81 -> GJA3892AA | DR89: Yes | DS89: =PartsMaster!$K82&" "&PartsMaster!L82&" "&PartsMaster!$M82 -> Front Right Low
A90: Add | B90: UK | C90: FixedPriceItem | D90: =PartsMaster!B412&" "&PartsMaster!$C412 -> Jaguar XK8 XKR X100 Spark Plugs | E90: 3000 | F90: Normal Used Condition. | H90: =PartsMaster!$Q412 -> 0 | I90: 9886 | K90: 0 | L90: 0 | M90: =PartsMaster!$D412 -> 0 | O90: GBP | P90: =PartsMaster!$S412/1.45 -> 0 | S90: 30 | T90: 0 | U90: EE | Z90: ="<P>"&PartsMaster!$I412&" "&PartsMaster!$H412&"</P>"&"<P>Jaguar part name "&PartsMaster!$E412&"</P><P>Product numbers "&PartsMaster!R412&" "&DQ90&"</P><P>Fits starting from VIN/ModelYear "&PartsMaster!$F412&" until VIN/ModelYear "&PartsMaster!$G412&"</P><P>Condition: "&PartsMaster!AB412&"</P><P> (part source "&PartsMaster!AD412&")</P><P>Notes: "&PartsMaster!AA412&"</P>" -> <P>Engine ignition </P><P>Jaguar part name </P><P>Product numbers 0</P><P>Fits starting from VIN/ModelYear until VIN/ModelYear </P><P>Condition: </P><P> (part source )</P><P>Notes: </P> | AA90: BasicStyle | AC90: 0 | AD90: 0 | AE90: None | AF90: 7 | AG90: 0 | AH90: 0 | AI90: 0 | AJ90: 0 | AK90: 0 | AO90: 0.00 | AR90: 0 | AS90: 10112 | AV90: Tallinn | AX90: 62128510024 | AY90: 62035811024 | AZ90: 55187694024 | BA90: Shipping per agreement | BB90: PayPal:Immediate pay | BC90: Return Policy | BD90: 1 | BE90: 0 | BF90: 0 | BG90: 0 | BN90: Metric | BV90: 0 | CL90: 0 | DD90: 0|287377024| | DE90: 0|287377024| | DI90: 0 | DP90: Jaguar | DQ90: =PartsMaster!$A412 -> 0 | DR90: Yes | DS90: =PartsMaster!$K413&" "&PartsMaster!L413&" "&PartsMaster!$M413
A91: Add | B91: UK | C91: FixedPriceItem | D91: =PartsMaster!B86&" "&PartsMaster!$C86 -> Jaguar XK8 XKR X100 Facia vent | E91: 3000 | F91: Normal Used Condition. | H91: =PartsMaster!$Q86 -> Facia vent | I91: 9886 | K91: 0 | L91: 0 | M91: =PartsMaster!$D86 -> 1 | O91: GBP | P91: =PartsMaster!$S86/1.45 -> 0 | S91: 30 | T91: 0 | U91: EE | Z91: ="<P>"&PartsMaster!$I86&" "&PartsMaster!$H86&"</P>"&"<P>Jaguar part name "&PartsMaster!$E86&"</P><P>Product numbers "&PartsMaster!R86&" "&DQ91&"</P><P>Fits starting from VIN/ModelYear "&PartsMaster!$F86&" until VIN/ModelYear "&PartsMaster!$G86&"</P><P>Condition: "&PartsMaster!AB86&"</P><P> (part source "&PartsMaster!AD86&")</P><P>Notes: "&PartsMaster!AA86&"</P>" -> <P>Air conditioning Vent</P><P>Jaguar part name INTERIOR TRIMS AND LININGS/FACIA - Facia vent</P><P>Product numbers GJA6721AD GJA6721AD</P><P>Fits starting from VIN/ModelYear MY1996 until VIN/ModelYear 014668</P><P>Condition: Dismantled from bottom & engine damaged MY1997 XK8 Convertible VIN 0136xx</P><P> (part source KK)</P><P>Notes: </P> | AA91: BasicStyle | AC91: 0 | AD91: 0 | AE91: None | AF91: 7 | AG91: 0 | AH91: 0 | AI91: 0 | AJ91: 0 | AK91: 0 | AO91: 0.00 | AR91: 0 | AS91: 10112 | AV91: Tallinn | AX91: 62128510024 | AY91: 62035811024 | AZ91: 55187694024 | BA91: Shipping per agreement | BB91: PayPal:Immediate pay | BC91: Return Policy | BD91: 1 | BE91: 0 | BF91: 0 | BG91: 0 | BN91: Metric | BV91: 0 | CL91: 0 | DD91: 0|287377024| | DE91: 0|287377024| | DI91: 0 | DP91: Jaguar | DQ91: =PartsMaster!$A86 -> GJA6721AD | DR91: Yes | DS91: =PartsMaster!$K87&" "&PartsMaster!L87&" "&PartsMaster!$M87 -> Front Center
A92: Add | B92: UK | C92: FixedPriceItem | D92: =PartsMaster!B374&" "&PartsMaster!$C374 -> Jaguar XK8 XKR X100 Seat - Mechanism cover - Coffee | E92: 3000 | F92: Normal Used Condition. | H92: =PartsMaster!$Q374 -> 0 | I92: 9886 | K92: 0 | L92: 0 | M92: =PartsMaster!$D374 -> 0 | O92: GBP | P92: =PartsMaster!$S374/1.45 -> 0 | S92: 30 | T92: 0 | U92: EE | Z92: ="<P>"&PartsMaster!$I374&" "&PartsMaster!$H374&"</P>"&"<P>Jaguar part name "&PartsMaster!$E374&"</P><P>Product numbers "&PartsMaster!R374&" "&DQ92&"</P><P>Fits starting from VIN/ModelYear "&PartsMaster!$F374&" until VIN/ModelYear "&PartsMaster!$G374&"</P><P>Condition: "&PartsMaster!AB374&"</P><P> (part source "&PartsMaster!AD374&")</P><P>Notes: "&PartsMaster!AA374&"</P>" -> <P>Cap / Cover Cap / Cover / Trim</P><P>Jaguar part name </P><P>Product numbers 0</P><P>Fits starting from VIN/ModelYear 18108 until VIN/ModelYear -</P><P>Condition: </P><P> (part source )</P><P>Notes: </P> | AA92: BasicStyle | AC92: 0 | AD92: 0 | AE92: None | AF92: 7 | AG92: 0 | AH92: 0 | AI92: 0 | AJ92: 0 | AK92: 0 | AO92: 0.00 | AR92: 0 | AS92: 10112 | AV92: Tallinn | AX92: 62128510024 | AY92: 62035811024 | AZ92: 55187694024 | BA92: Shipping per agreement | BB92: PayPal:Immediate pay | BC92: Return Policy | BD92: 1 | BE92: 0 | BF92: 0 | BG92: 0 | BN92: Metric | BV92: 0 | CL92: 0 | DD92: 0|287377024| | DE92: 0|287377024| | DI92: 0 | DP92: Jaguar | DQ92: =PartsMaster!$A374 -> 0 | DR92: Yes | DS92: =PartsMaster!$K375&" "&PartsMaster!L375&" "&PartsMaster!$M375 -> Front Right Low
A93: Add | B93: UK | C93: FixedPriceItem | D93: =PartsMaster!B179&" "&PartsMaster!$C179 -> Jaguar XK8 XKR X100 OIL SEAL / O-RING | E93: 3000 | F93: Normal Used Condition. | H93: =PartsMaster!$Q179 -> OIL SEAL / O-RING | I93: 9886 | K93: 0 | L93: 0 | M93: =PartsMaster!$D179 -> 0 | O93: GBP | P93: =PartsMaster!$S179/1.45 -> 0 | S93: 30 | T93: 0 | U93: EE | Z93: ="<P>"&PartsMaster!$I179&" "&PartsMaster!$H179&"</P>"&"<P>Jaguar part name "&PartsMaster!$E179&"</P><P>Product numbers "&PartsMaster!R179&" "&DQ93&"</P><P>Fits starting from VIN/ModelYear "&PartsMaster!$F179&" until VIN/ModelYear "&PartsMaster!$G179&"</P><P>Condition: "&PartsMaster!AB179&"</P><P> (part source "&PartsMaster!AD179&")</P><P>Notes: "&PartsMaster!AA179&"</P>" -> <P>Engine Oil Gasket / Seal / O-Ring</P><P>Jaguar part name </P><P>Product numbers JLM20210 JLM20210</P><P>Fits starting from VIN/ModelYear until VIN/ModelYear </P><P>Condition: British Parts</P><P> (part source )</P><P>Notes: </P> | AA93: BasicStyle | AC93: 0 | AD93: 0 | AE93: None | AF93: 7 | AG93: 0 | AH93: 0 | AI93: 0 | AJ93: 0 | AK93: 0 | AO93: 0.00 | AR93: 0 | AS93: 10112 | AV93: Tallinn | AX93: 62128510024 | AY93: 62035811024 | AZ93: 55187694024 | BA93: Shipping per agreement | BB93: PayPal:Immediate pay | BC93: Return Policy | BD93: 1 | BE93: 0 | BF93: 0 | BG93: 0 | BN93: Metric | BV93: 0 | CL93: 0 | DD93: 0|287377024| | DE93: 0|287377024| | DI93: 0 | DP93: Jaguar | DQ93: =PartsMaster!$A179 -> JLM20210 | DR93: Yes | DS93: =PartsMaster!$K180&" "&PartsMaster!L180&" "&PartsMaster!$M180
A94: Add | B94: UK | C94: FixedPriceItem | D94: =PartsMaster!B180&" "&PartsMaster!$C180 -> Jaguar XK8 XKR X100 OIL SEAL | E94: 3000 | F94: Normal Used Condition. | H94: =PartsMaster!$Q180 -> OIL SEAL | I94: 9886 | K94: 0 | L94: 0 | M94: =PartsMaster!$D180 -> 0 | O94: GBP | P94: =PartsMaster!$S180/1.45 -> 0 | S94: 30 | T94: 0 | U94: EE | Z94: ="<P>"&PartsMaster!$I180&" "&PartsMaster!$H180&"</P>"&"<P>Jaguar part name "&PartsMaster!$E180&"</P><P>Product numbers "&PartsMaster!R180&" "&DQ94&"</P><P>Fits starting from VIN/ModelYear "&PartsMaster!$F180&" until VIN/ModelYear "&PartsMaster!$G180&"</P><P>Condition: "&PartsMaster!AB180&"</P><P> (part source "&PartsMaster!AD180&")</P><P>Notes: "&PartsMaster!AA180&"</P>" -> <P>Engine Oil Gasket / Seal / O-Ring</P><P>Jaguar part name </P><P>Product numbers JLM20211 JLM20211</P><P>Fits starting from VIN/ModelYear until VIN/ModelYear </P><P>Condition: British Parts</P><P> (part source )</P><P>Notes: </P> | AA94: BasicStyle | AC94: 0 | AD94: 0 | AE94: None | AF94: 7 | AG94: 0 | AH94: 0 | AI94: 0 | AJ94: 0 | AK94: 0 | AO94: 0.00 | AR94: 0 | AS94: 10112 | AV94: Tallinn | AX94: 62128510024 | AY94: 62035811024 | AZ94: 55187694024 | BA94: Shipping per agreement | BB94: PayPal:Immediate pay | BC94: Return Policy | BD94: 1 | BE94: 0 | BF94: 0 | BG94: 0 | BN94: Metric | BV94: 0 | CL94: 0 | DD94: 0|287377024| | DE94: 0|287377024| | DI94: 0 | DP94: Jaguar | DQ94: =PartsMaster!$A180 -> JLM20211 | DR94: Yes | DS94: =PartsMaster!$K181&" "&PartsMaster!L181&" "&PartsMaster!$M181
A95: Add | B95: UK | C95: FixedPriceItem | D95: =PartsMaster!B90&" "&PartsMaster!$C90 -> Jaguar XJ8 XJR X308 WIPER BLADE-RHD | E95: 3000 | F95: Normal Used Condition. | H95: =PartsMaster!$Q90 -> WIPER BLADE-RHD | I95: 9886 | K95: 0 | L95: 0 | M95: =PartsMaster!$D90 -> 0 | O95: GBP | P95: =PartsMaster!$S90/1.45 -> 0 | S95: 30 | T95: 0 | U95: EE | Z95: ="<P>"&PartsMaster!$I90&" "&PartsMaster!$H90&"</P>"&"<P>Jaguar part name "&PartsMaster!$E90&"</P><P>Product numbers "&PartsMaster!R90&" "&DQ95&"</P><P>Fits starting from VIN/ModelYear "&PartsMaster!$F90&" until VIN/ModelYear "&PartsMaster!$G90&"</P><P>Condition: "&PartsMaster!AB90&"</P><P> (part source "&PartsMaster!AD90&")</P><P>Notes: "&PartsMaster!AA90&"</P>" -> <P>Windshield </P><P>Jaguar part name </P><P>Product numbers GJA8962BB GJA8962BB</P><P>Fits starting from VIN/ModelYear until VIN/ModelYear </P><P>Condition: British Parts</P><P> (part source )</P><P>Notes: </P> | AA95: BasicStyle | AC95: 0 | AD95: 0 | AE95: None | AF95: 7 | AG95: 0 | AH95: 0 | AI95: 0 | AJ95: 0 | AK95: 0 | AO95: 0.00 | AR95: 0 | AS95: 10112 | AV95: Tallinn | AX95: 62128510024 | AY95: 62035811024 | AZ95: 55187694024 | BA95: Shipping per agreement | BB95: PayPal:Immediate pay | BC95: Return Policy | BD95: 1 | BE95: 0 | BF95: 0 | BG95: 0 | BN95: Metric | BV95: 0 | CL95: 0 | DD95: 0|287377024| | DE95: 0|287377024| | DI95: 0 | DP95: Jaguar | DQ95: =PartsMaster!$A90 -> GJA8962BB | DR95: Yes | DS95: =PartsMaster!$K91&" "&PartsMaster!L91&" "&PartsMaster!$M91
A96: Add | B96: UK | C96: FixedPriceItem | D96: =PartsMaster!B91&" "&PartsMaster!$C91 -> Jaguar XJ8 XJR X308 WIPER BLADE-RHD | E96: 3000 | F96: Normal Used Condition. | H96: =PartsMaster!$Q91 -> WIPER BLADE-RHD | I96: 9886 | K96: 0 | L96: 0 | M96: =PartsMaster!$D91 -> 0 | O96: GBP | P96: =PartsMaster!$S91/1.45 -> 0 | S96: 30 | T96: 0 | U96: EE | Z96: ="<P>"&PartsMaster!$I91&" "&PartsMaster!$H91&"</P>"&"<P>Jaguar part name "&PartsMaster!$E91&"</P><P>Product numbers "&PartsMaster!R91&" "&DQ96&"</P><P>Fits starting from VIN/ModelYear "&PartsMaster!$F91&" until VIN/ModelYear "&PartsMaster!$G91&"</P><P>Condition: "&PartsMaster!AB91&"</P><P> (part source "&PartsMaster!AD91&")</P><P>Notes: "&PartsMaster!AA91&"</P>" -> <P>Windshield </P><P>Jaguar part name </P><P>Product numbers GJA8962BB GJA8962BB</P><P>Fits starting from VIN/ModelYear until VIN/ModelYear </P><P>Condition: British Parts</P><P> (part source )</P><P>Notes: </P> | AA96: BasicStyle | AC96: 0 | AD96: 0 | AE96: None | AF96: 7 | AG96: 0 | AH96: 0 | AI96: 0 | AJ96: 0 | AK96: 0 | AO96: 0.00 | AR96: 0 | AS96: 10112 | AV96: Tallinn | AX96: 62128510024 | AY96: 62035811024 | AZ96: 55187694024 | BA96: Shipping per agreement | BB96: PayPal:Immediate pay | BC96: Return Policy | BD96: 1 | BE96: 0 | BF96: 0 | BG96: 0 | BN96: Metric | BV96: 0 | CL96: 0 | DD96: 0|287377024| | DE96: 0|287377024| | DI96: 0 | DP96: Jaguar | DQ96: =PartsMaster!$A91 -> GJA8962BB | DR96: Yes | DS96: =PartsMaster!$K92&" "&PartsMaster!L92&" "&PartsMaster!$M92
A97: Add | B97: UK | C97: FixedPriceItem | D97: =PartsMaster!B373&" "&PartsMaster!$C373 -> Jaguar XK8 XKR X100 Seat - Mechanism cover - Coffee | E97: 3000 | F97: Normal Used Condition. | H97: =PartsMaster!$Q373 -> 0 | I97: 9886 | K97: 0 | L97: 0 | M97: =PartsMaster!$D373 -> 0 | O97: GBP | P97: =PartsMaster!$S373/1.45 -> 0 | S97: 30 | T97: 0 | U97: EE | Z97: ="<P>"&PartsMaster!$I373&" "&PartsMaster!$H373&"</P>"&"<P>Jaguar part name "&PartsMaster!$E373&"</P><P>Product numbers "&PartsMaster!R373&" "&DQ97&"</P><P>Fits starting from VIN/ModelYear "&PartsMaster!$F373&" until VIN/ModelYear "&PartsMaster!$G373&"</P><P>Condition: "&PartsMaster!AB373&"</P><P> (part source "&PartsMaster!AD373&")</P><P>Notes: "&PartsMaster!AA373&"</P>" -> <P>Cap / Cover Cap / Cover / Trim</P><P>Jaguar part name </P><P>Product numbers 0</P><P>Fits starting from VIN/ModelYear 0 until VIN/ModelYear 18107</P><P>Condition: </P><P> (part source )</P><P>Notes: </P> | AA97: BasicStyle | AC97: 0 | AD97: 0 | AE97: None | AF97: 7 | AG97: 0 | AH97: 0 | AI97: 0 | AJ97: 0 | AK97: 0 | AO97: 0.00 | AR97: 0 | AS97: 10112 | AV97: Tallinn | AX97: 62128510024 | AY97: 62035811024 | AZ97: 55187694024 | BA97: Shipping per agreement | BB97: PayPal:Immediate pay | BC97: Return Policy | BD97: 1 | BE97: 0 | BF97: 0 | BG97: 0 | BN97: Metric | BV97: 0 | CL97: 0 | DD97: 0|287377024| | DE97: 0|287377024| | DI97: 0 | DP97: Jaguar | DQ97: =PartsMaster!$A373 -> 0 | DR97: Yes | DS97: =PartsMaster!$K374&" "&PartsMaster!L374&" "&PartsMaster!$M374 -> Front Right Low
A98: Add | B98: UK | C98: FixedPriceItem | D98: =PartsMaster!B367&" "&PartsMaster!$C367 -> Jaguar XK8 XKR X100 Seat - Mechanism cover | E98: 3000 | F98: Normal Used Condition. | H98: =PartsMaster!$Q367 -> 0 | I98: 9886 | K98: 0 | L98: 0 | M98: =PartsMaster!$D367 -> 0 | O98: GBP | P98: =PartsMaster!$S367/1.45 -> 0 | S98: 30 | T98: 0 | U98: EE | Z98: ="<P>"&PartsMaster!$I367&" "&PartsMaster!$H367&"</P>"&"<P>Jaguar part name "&PartsMaster!$E367&"</P><P>Product numbers "&PartsMaster!R367&" "&DQ98&"</P><P>Fits starting from VIN/ModelYear "&PartsMaster!$F367&" until VIN/ModelYear "&PartsMaster!$G367&"</P><P>Condition: "&PartsMaster!AB367&"</P><P> (part source "&PartsMaster!AD367&")</P><P>Notes: "&PartsMaster!AA367&"</P>" -> <P>Cap / Cover Cap / Cover / Trim</P><P>Jaguar part name </P><P>Product numbers 0</P><P>Fits starting from VIN/ModelYear 0 until VIN/ModelYear 18107</P><P>Condition: </P><P> (part source )</P><P>Notes: </P> | AA98: BasicStyle | AC98: 0 | AD98: 0 | AE98: None | AF98: 7 | AG98: 0 | AH98: 0 | AI98: 0 | AJ98: 0 | AK98: 0 | AO98: 0.00 | AR98: 0 | AS98: 10112 | AV98: Tallinn | AX98: 62128510024 | AY98: 62035811024 | AZ98: 55187694024 | BA98: Shipping per agreement | BB98: PayPal:Immediate pay | BC98: Return Policy | BD98: 1 | BE98: 0 | BF98: 0 | BG98: 0 | BN98: Metric | BV98: 0 | CL98: 0 | DD98: 0|287377024| | DE98: 0|287377024| | DI98: 0 | DP98: Jaguar | DQ98: =PartsMaster!$A367 -> 0 | DR98: Yes | DS98: =PartsMaster!$K368&" "&PartsMaster!L368&" "&PartsMaster!$M368 -> Front Right Low
A99: Add | B99: UK | C99: FixedPriceItem | D99: =PartsMaster!B77&" "&PartsMaster!$C77 -> Jaguar XK8 XKR X100 Window Regulator and Motor - Convertible | E99: 3000 | F99: Normal Used Condition. | H99: =PartsMaster!$Q77 -> Window Regulator and Motor | I99: 9886 | K99: 0 | L99: 0 | M99: =PartsMaster!$D77 -> 1 | O99: GBP | P99: =PartsMaster!$S77/1.45 -> 310.34483 | S99: 30 | T99: 0 | U99: EE | Z99: ="<P>"&PartsMaster!$I77&" "&PartsMaster!$H77&"</P>"&"<P>Jaguar part name "&PartsMaster!$E77&"</P><P>Product numbers "&PartsMaster!R77&" "&DQ99&"</P><P>Fits starting from VIN/ModelYear "&PartsMaster!$F77&" until VIN/ModelYear "&PartsMaster!$G77&"</P><P>Condition: "&PartsMaster!AB77&"</P><P> (part source "&PartsMaster!AD77&")</P><P>Notes: "&PartsMaster!AA77&"</P>" -> <P>Windows Mechanics</P><P>Jaguar part name BODY CLOSURES AND SEALING/CONVERTIBLE REAR QUARTER MECHANISM AND SEAL - Window regulator and motor - RH rear quarter</P><P>Product numbers GJE2242AA GJE2242AB GJE2242AC GJE2242AD GJE2242AE GJA2242AJ</P><P>Fits starting from VIN/ModelYear MY1996 until VIN/ModelYear 042775</P><P>Condition: Dismantled from bottom & engine damaged MY1997 XK8 Convertible VIN 0136xx</P><P> (part source )</P><P>Notes: One lock spring and plastic shim missing. See pictures.</P> | AA99: BasicStyle | AC99: 0 | AD99: 0 | AE99: None | AF99: 7 | AG99: 0 | AH99: 0 | AI99: 0 | AJ99: 0 | AK99: 0 | AO99: 0.00 | AR99: 0 | AS99: 10112 | AV99: Tallinn | AX99: 62128510024 | AY99: 62035811024 | AZ99: 55187694024 | BA99: Shipping per agreement | BB99: PayPal:Immediate pay | BC99: Return Policy | BD99: 1 | BE99: 0 | BF99: 0 | BG99: 0 | BN99: Metric | BV99: 0 | CL99: 0 | DD99: 0|287377024| | DE99: 0|287377024| | DI99: 0 | DP99: Jaguar | DQ99: =PartsMaster!$A77 -> GJA2242AJ | DR99: Yes | DS99: =PartsMaster!$K78&" "&PartsMaster!L78&" "&PartsMaster!$M78 -> Rear Center NA
A100: Add | B100: UK | C100: FixedPriceItem | D100: =PartsMaster!B78&" "&PartsMaster!$C78 -> Jaguar XK8 XKR X100 Pop-up trunk plunger | E100: 3000 | F100: Normal Used Condition. | H100: =PartsMaster!$Q78 -> Pop-up trunk plunger | I100: 9886 | K100: 0 | L100: 0 | M100: =PartsMaster!$D78 -> 1 | O100: GBP | P100: =PartsMaster!$S78/1.45 -> 10.344828 | S100: 30 | T100: 0 | U100: EE | Z100: ="<P>"&PartsMaster!$I78&" "&PartsMaster!$H78&"</P>"&"<P>Jaguar part name "&PartsMaster!$E78&"</P><P>Product numbers "&PartsMaster!R78&" "&DQ100&"</P><P>Fits starting from VIN/ModelYear "&PartsMaster!$F78&" until VIN/ModelYear "&PartsMaster!$G78&"</P><P>Condition: "&PartsMaster!AB78&"</P><P> (part source "&PartsMaster!AD78&")</P><P>Notes: "&PartsMaster!AA78&"</P>" -> <P>Plunger Plunger</P><P>Jaguar part name BODY CLOSURES AND SEALING/TRUNK LATHING MECHANISMS AND SEALS</P><P>Product numbers GJA3516AA GJA3516AA</P><P>Fits starting from VIN/ModelYear until VIN/ModelYear </P><P>Condition: Dismantled from bottom & engine damaged MY1997 XK8 Convertible VIN 0136xx</P><P> (part source KK)</P><P>Notes: </P> | AA100: BasicStyle | AC100: 0 | AD100: 0 | AE100: None | AF100: 7 | AG100: 0 | AH100: 0 | AI100: 0 | AJ100: 0 | AK100: 0 | AO100: 0.00 | AR100: 0 | AS100: 10112 | AV100: Tallinn | AX100: 62128510024 | AY100: 62035811024 | AZ100: 55187694024 | BA100: Shipping per agreement | BB100: PayPal:Immediate pay | BC100: Return Policy | BD100: 1 | BE100: 0 | BF100: 0 | BG100: 0 | BN100: Metric | BV100: 0 | CL100: 0 | DD100: 0|287377024| | DE100: 0|287377024| | DI100: 0 | DP100: Jaguar | DQ100: =PartsMaster!$A78 -> GJA3516AA | DR100: Yes | DS100: =PartsMaster!$K79&" "&PartsMaster!L79&" "&PartsMaster!$M79 -> Rear Right N/A
...

Sheet parts-eBay-UK-FileExchange
A1: *Action(SiteID=UK|Country=FI|Currency=GBP|Version=745|CC=UTF-8) | B1: CustomLabel | C1: *Category | D1: StoreCategory | E1: *Title | F1: Subtitle | G1: Relationship | H1: RelationshipDetails | I1: *ConditionID | J1: *C:Brand | K1: *C:Manufacturer Part Number | L1: C:Classic Car Part | M1: C:Custom Bundle | N1: C:Bundle Description | O1: C:Modified Item | P1: C:Modification Description | Q1: C:Reference OE/OEM Number | R1: C:Interchange Part Number | S1: C:Other Part Number | T1: C:Placement on Vehicle | U1: C:Unit Quantity | V1: C:Unit Type | W1: C:Country/Region of Manufacture | X1: C:Grade | Y1: C:Mileage | Z1: C:Vehicle Identification Number (VIN) | AA1: C:Warranty Period | AC1: PicURL | AD1: GalleryType | AE1: *Description | AF1: *Format | AG1: *Duration | AH1: *StartPrice | AI1: BuyItNowPrice | AJ1: *Quantity | AK1: *Location | AL1: *DispatchTimeMax | AM1: PromotionalShippingDiscount | AN1: ShippingDiscountProfileID | AO1: DomesticRateTable | AP1: AdditionalDetails | AQ1: ShippingProfileName | AR1: ReturnProfileName | AS1: PaymentProfileName
A2: Add | C2: 174058 | E2: =PartsMaster!C27 -> Engine Drive Belt Idler Pulley (kia?) | I2: 3000 | J2: Jaguar | K2: =PartsMaster!R27 -> C2C22758 | L2: Yes | T2: =PartsMaster!I27&" "&PartsMaster!J27&" "&PartsMaster!K27&" "&PartsMaster!L27 -> Engine | U2: =Parts[[#This Row],[Stock]] -> 0 | W2: United Kingdom | AE2: ="<P>"&PartsMaster!$I27&" "&PartsMaster!$H27&"</P>"&"<P>Jaguar part name "&PartsMaster!$E27&"</P><P>Product numbers "&PartsMaster!R27&" "&DD27&"</P><P>Fits starting from VIN/ModelYear "&PartsMaster!$F27&" until VIN/ModelYear "&PartsMaster!$G27&"</P><P>Condition: "&PartsMaster!AB27&"</P><P>Notes: "&PartsMaster!AA27&"</P>" -> <P>Engine </P><P>Jaguar part name </P><P>Product numbers C2C22758 </P><P>Fits starting from VIN/ModelYear XK8 4.0 V8 1996 X308 XJ8 & XJR V8 1997 S Type V8 2002 M45255 until VIN/ModelYear XK8 2006 X308 XJ8 & XJR V8 2002 S Type V8 2009 </P><P>Condition: </P><P>Notes: </P> | AF2: FixedPrice | AG2: GTC | AH2: 350 | AJ2: 1 | AK2: Espoo, 02200 | AL2: 10 | AQ2: Flat:Other Courier(Free)/Flat:Internationa | AR2: Return Policy | AS2: Basic payment policy
