Workbook

Sheet Trafi parsed
A1: jarnro | B1: VIN | C1: VINClass | D1: VINRange6 | E1: Käyttöönotto | F1: KOVuosi | G1: Mallimerkintä | H1: tyyppihyvaksyntanro | I1: Omamassa | J1: XK/XK8 | K1: XKR | L1: Coupe | M1: Convertible | N1: Unknown | O1: BodyType
A2: ='Ajoneuvorekisteri-Parse Modern '!AO33 -> 1035687 | B2: ='Ajoneuvorekisteri-Parse Modern '!AN33 -> SAJJGAED4A | C2: {=_xlfn.LET(_xlpm.v,UPPER(SUBSTITUTE(CLEAN(TRIM(B2)),CHAR(160),"")),_xlpm.mkt,MID(_xlpm.v,4,1),_xlpm.trans,MID(_xlpm.v,5,1),_xlpm.body,MID(_xlpm.v,6,2),_xlpm.emis,MID(_xlpm.v,8,1),_xlpm.my,MID(_xlpm.v,10,1),_xlfn.IFS(AND(LEN(_xlpm.v)=10,LEFT(_xlpm.v,5)="SAJJG",OR(MID(_xlpm.v,7,1)="E",MID(_xlpm.v,7,1)="F"),OR(_xlpm.emis="D",_xlpm.emis="F"),OR(MID(_xlpm.v,9,1)="3",MID(_xlpm.v,9,1)="4"),_xlpm.my="A"),"X100_EARLY_NORMAL_AR (JDHT)",AND(LEN(_xlpm.v)=10,LEFT(_xlpm.v,5)="SAJJG",MID(_xlpm.v,6,1)="A",OR(MID(_xlpm.v,7,1)="E",MID(_xlpm.v,7,1)="F"),_xlpm.emis="D",OR(MID(_xlpm.v,9,1)="3",MID(_xlpm.v,9,1)="4"),OR(_xlpm.my="V",_xlpm.my="W",_xlpm.my="X")),"X100_NORMAL (JDHT)",AND(LEN(_xlpm.v)=10,LEFT(_xlpm.v,5)="SAJJG",OR(MID(_xlpm.v,6,1)="A",MID(_xlpm.v,6,1)="K",MID(_xlpm.v,6,1)="N",MID(_xlpm.v,6,1)="X"),OR(MID(_xlpm.v,7,1)="E",MID(_xlpm.v,7,1)="F"),OR(_xlpm.emis="D",_xlpm.emis="F"),OR(MID(_xlpm.v,9,1)="3",MID(_xlpm.v,9,1)="4"),OR(_xlpm.my="V",_xlpm.my="W",_xlpm.my="X")),"X100_JLM20300",AND(LEN(_xlpm.v)=10,LEFT(_xlpm.v,5)="SAJJG",OR(MID(_xlpm.v,6,1)="N",MID(_xlpm.v,6,1)="S",MID(_xlpm.v,6,1)="X"),OR(MID(_xlpm.v,7,1)="E",MID(_xlpm.v,7,1)="F"),OR(_xlpm.emis="D",_xlpm.emis="F"),OR(MID(_xlpm.v,9,1)="3",MID(_xlpm.v,9,1)="4"),OR(MID(_xlpm.v,10,1)="V",MID(_xlpm.v,10,1)="W",MID(_xlpm.v,10,1)="X")),"X100_JLM20301",AND(LEN(_xlpm.v)=10,LEFT(_xlpm.v,5)="SAJGX",OR(MID(_xlpm.v,6,1)="2",MID(_xlpm.v,6,1)="5"),OR(MID(_xlpm.v,7,1)="1",MID(_xlpm.v,7,1)="2",MID(_xlpm.v,7,1)="7"),MID(_xlpm.v,8,1)="4",OR(MID(_xlpm.v,10,1)="V",MID(_xlpm.v,10,1)="W",MID(_xlpm.v,10,1)="X")),"X100_AMERICAS_UNIQUE (JLM20301_unique)",AND(LEN(_xlpm.v)=10,LEFT(_xlpm.v,3)="SAJ",OR(_xlpm.mkt="A",_xlpm.mkt="B",_xlpm.mkt="F",_xlpm.mkt="G",_xlpm.mkt="X",_xlpm.mkt="P",_xlpm.mkt="R",_xlpm.mkt="T",_xlpm.mkt="Y",_xlpm.mkt="D",_xlpm.mkt="E",_xlpm.mkt="J",_xlpm.mkt="W"),OR(_xlpm.trans="A",_xlpm.trans="B"),OR(_xlpm.body="41",_xlpm.body="42"),IFERROR(AND(CODE(_xlpm.emis)>=65,CODE(_xlpm.emis)<=88),FALSE),OR(_xlpm.my="X",_xlpm.my="Y",_xlpm.my="1",_xlpm.my="2",_xlpm.my="3",_xlpm.my="4",_xlpm.my="5",_xlpm.my="6",_xlpm.my="7",_xlpm.my="8",_xlpm.my="9")),"XK8-XKR_"&IF(_xlpm.body="41","COUPE_","CONVERTIBLE_")&IF(ISNUMBER(FIND(_xlpm.mkt,"DEJW")),"USA",IF(ISNUMBER(FIND(_xlpm.mkt,"BFGX")),"CANADA","MEXICO"))&IF(_xlpm.trans="A","_AUTO_LHD","_MANUAL_LHD")&"_EMISSION_"&_xlpm.emis&IF(_xlpm.my="X","_1999",IF(_xlpm.my="Y","_2000","_200"&_xlpm.my))&"MY",AND(LEN(_xlpm.v)=10,LEFT(_xlpm.v,3)="SAJ",OR(_xlpm.mkt="A",_xlpm.mkt="B",_xlpm.mkt="D",_xlpm.mkt="E",_xlpm.mkt="F",_xlpm.mkt="J",_xlpm.mkt="K",_xlpm.mkt="P",_xlpm.mkt="R",_xlpm.mkt="W",_xlpm.mkt="X",_xlpm.mkt="Y"),OR(_xlpm.trans="A",_xlpm.trans="C"),OR(_xlpm.body="43",_xlpm.body="4D",_xlpm.body="44",_xlpm.body="4E",_xlpm.body="45",_xlpm.body="46",_xlpm.body="47",_xlpm.body="4F",_xlpm.body="4G"),OR(_xlpm.emis="A",_xlpm.emis="B",_xlpm.emis="C",_xlpm.emis="D",_xlpm.emis="E",_xlpm.emis="F",_xlpm.emis="G",_xlpm.emis="K",_xlpm.emis="N",_xlpm.emis="P",_xlpm.emis="R",_xlpm.emis="S",_xlpm.emis="T",_xlpm.emis="U",_xlpm.emis="V",_xlpm.emis="W",_xlpm.emis="X",_xlpm.emis="Y",_xlpm.emis="1",_xlpm.emis="2",_xlpm.emis="3",_xlpm.emis="4"),OR(_xlpm.my="7",_xlpm.my="8",_xlpm.my="9",_xlpm.my="A",_xlpm.my="B",_xlpm.my="C",_xlpm.my="D",_xlpm.my="E")),"X150_"&IF(_xlpm.my="7","2007MY",IF(_xlpm.my="8","2008MY",IF(_xlpm.my="9","2009MY",IF(_xlpm.my="A","2010MY",IF(_xlpm.my="B","2011MY",IF(_xlpm.my="C","2012MY",IF(_xlpm.my="D","2013MY",IF(_xlpm.my="E","2014MY","UNKNOWN_MY"))))))))&"_MARKET_"&_xlpm.mkt&"_TRANS_"&_xlpm.trans&"_BODY_"&_xlpm.body&"_EMISSION_"&_xlpm.emis&"_CHECK_"&MID(_xlpm.v,9,1),TRUE,IF(LEN(_xlpm.v)<>10,"UNKNOWN: [length="&LEN(_xlpm.v)&"]",IF(LEFT(_xlpm.v,3)<>"SAJ","UNKNOWN: [prefix="&LEFT(_xlpm.v,3)&"]",IF(LEFT(_xlpm.v,5)="SAJJG",IF(NOT(OR(MID(_xlpm.v,7,1)="E",MID(_xlpm.v,7,1)="F")),"UNKNOWN: [7="&MID(_xlpm.v,7,1)&"]",IF(NOT(OR(_xlpm.emis="D",_xlpm.emis="F")),"UNKNOWN: [8="&_xlpm.emis&"]",IF(NOT(OR(MID(_xlpm.v,9,1)="3",MID(_xlpm.v,9,1)="4")),"UNKNOWN: [9="&MID(_xlpm.v,9,1)&"]",IF(NOT(OR(_xlpm.my="A",_xlpm.my="V",_xlpm.my="W",_xlpm.my="X")),"UNKNOWN: [10="&_xlpm.my&"]","UNKNOWN")))),IF(LEFT(_xlpm.v,5)="SAJGX",IF(NOT(OR(MID(_xlpm.v,6,1)="2",MID(_xlpm.v,6,1)="5")),"UNKNOWN: [6="&MID(_xlpm.v,6,1)&"]",IF(NOT(OR(MID(_xlpm.v,7,1)="1",MID(_xlpm.v,7,1)="2",MID(_xlpm.v,7,1)="7")),"UNKNOWN: [7="&MID(_xlpm.v,7,1)&"]",IF(MID(_xlpm.v,8,1)<>"4","UNKNOWN: [8="&MID(_xlpm.v,8,1)&"]",IF(NOT(OR(_xlpm.my="V",_xlpm.my="W",_xlpm.my="X")),"UNKNOWN: [10="&_xlpm.my&"]","UNKNOWN")))),IF(NOT(OR(_xlpm.mkt="A",_xlpm.mkt="B",_xlpm.mkt="F",_xlpm.mkt="G",_xlpm.mkt="X",_xlpm.mkt="P",_xlpm.mkt="R",_xlpm.mkt="T",_xlpm.mkt="Y",_xlpm.mkt="D",_xlpm.mkt="E",_xlpm.mkt="J",_xlpm.mkt="W",_xlpm.mkt="K")),"UNKNOWN: [4="&_xlpm.mkt&"]",IF(NOT(OR(_xlpm.trans="A",_xlpm.trans="B",_xlpm.trans="C")),"UNKNOWN: [5="&_xlpm.trans&"]",IF(NOT(OR(_xlpm.body="41",_xlpm.body="42",_xlpm.body="43",_xlpm.body="4D",_xlpm.body="44",_xlpm.body="45",_xlpm.body="46",_xlpm.body="47",_xlpm.body="4F")),"UNKNOWN: [6-7="&_xlpm.body&"]",IF(NOT(ISNUMBER(SEARCH(_xlpm.emis,"ABCDEFGKNPRSTUVWXY1234"))),"UNKNOWN: [8="&_xlpm.emis&"]",IF(NOT(OR(_xlpm.my="X",_xlpm.my="Y",_xlpm.my="1",_xlpm.my="2",_xlpm.my="3",_xlpm.my="4",_xlpm.my="5",_xlpm.my="6",_xlpm.my="7",_xlpm.my="8",_xlpm.my="9",_xlpm.my="A",_xlpm.my="B",_xlpm.my="C",_xlpm.my="D",_xlpm.my="E")),"UNKNOWN: [10="&_xlpm.my&"]","UNKNOWN")))))))))))} -> X100_EARLY_NORMAL_AR (JDHT) | D2: {=_xlfn.LET(_xlpm.vin,SUBSTITUTE(CLEAN(TRIM(B2)),CHAR(160),""),_xlpm.rawDate,LEFT(TRIM(E2)&"",8),_xlpm.useDate,IF(RIGHT(_xlpm.rawDate,4)="0000",LEFT(_xlpm.rawDate,4)&"1231",_xlpm.rawDate),_xlpm.bodyCode,MID(_xlpm.vin,6,2),_xlpm.yearCode,MID(_xlpm.vin,10,1),IF(OR(LEN(_xlpm.vin)<>10,LEN(_xlpm.rawDate)<>8),"UNKNOWN",IF(OR(_xlpm.bodyCode="43",_xlpm.bodyCode="4D",_xlpm.bodyCode="44",_xlpm.bodyCode="4E",_xlpm.bodyCode="45",_xlpm.bodyCode="4F",_xlpm.bodyCode="46",_xlpm.bodyCode="4G",_xlpm.bodyCode="47"),_xlfn.SWITCH(_xlpm.yearCode,"6","B00379–B06783","7","B06784–B20074","8","B20075–B27986","9","B27987–B32752","A","B32753–B38853","B","B38854–B44939","C","B44940–B48619","D","B48620–B54164","E","B54165–B56794","F","B56795+","UNKNOWN"),IF(_xlpm.useDate<"19960601","001001–001245",IF(_xlpm.useDate<"19970101","001246–008106",IF(_xlpm.useDate<"19970801","008107–018107",IF(_xlpm.useDate<"19980101","018108–023017",IF(_xlpm.useDate<"19980201","023018–024686",IF(_xlpm.useDate<"19980801","024687–031302",IF(_xlpm.useDate<"19990801","031303–036193",IF(_xlpm.useDate<"20010101","036194–042775",IF(OR(_xlpm.bodyCode="41",_xlpm.bodyCode="42"),_xlfn.SWITCH(_xlpm.yearCode,"Y","A00001–A11050","1","A11051–A22928","2","A22929–A30644","3","A30645–A36873","4","A36874–A42347","5","A42348–A48684","UNKNOWN"),"UNKNOWN"))))))))))))} -> 001246–008106 | E2: ='Ajoneuvorekisteri-Parse Modern '!G33 -> 19961018 | F2: =LEFT(Table34[[#This Row],[Käyttöönotto]],4) -> 1996 | G2: ='Ajoneuvorekisteri-Parse Modern '!AA33 -> COUPE XK8 4.0-AUTOMATIC-JGED/259 | H2: =Ajoneuvorekisteri_Parse_Modern_XK_Range_TieliikenneAvoinData_30_06_2026_csv[[#This Row],[tyyppihyvaksyntanro]] -> e11*95/54*0061*00 | I2: ='Ajoneuvorekisteri-Parse Modern '!M33 -> 1720 | J2: =IF(AND( OR( ISNUMBER(SEARCH("XK ", G2)), ISNUMBER(SEARCH("XK8", G2)) ), F2 > 2005 ), 1, 0) -> 1 | K2: =IF(OR( ISNUMBER(SEARCH("XKR", G2)), ), 1, 0) -> 0 | L2: =IF(OR( ISNUMBER(SEARCH("COUPE", G2)), ISNUMBER(SEARCH("COUPÉ", G2)), ISNUMBER(SEARCH("COUP�", G2)) ), 1, 0) -> 1 | M2: =IF(OR( ISNUMBER(SEARCH("CONVERTIBLE",G2)), ISNUMBER(SEARCH("AVOAUTO",G2)), ISNUMBER(SEARCH("AVO",G2)), ISNUMBER(SEARCH("CABRIO",G2)) ),1,0) -> 0 | N2: =IF(AND(Table34[[#This Row],[Coupe]]<>1, Table34[[#This Row],[Convertible]]<>1), 1, 0) -> 0 | O2: =IF(L2=1, "Coupe", IF(M2=1, "Convertible", "Unknown")) -> Coupe
A3: ='Ajoneuvorekisteri-Parse Modern '!AO149 -> 2695845 | B3: ='Ajoneuvorekisteri-Parse Modern '!AN149 -> SAJGX2740V | C3: {=_xlfn.LET(_xlpm.v,UPPER(SUBSTITUTE(CLEAN(TRIM(B3)),CHAR(160),"")),_xlpm.mkt,MID(_xlpm.v,4,1),_xlpm.trans,MID(_xlpm.v,5,1),_xlpm.body,MID(_xlpm.v,6,2),_xlpm.emis,MID(_xlpm.v,8,1),_xlpm.my,MID(_xlpm.v,10,1),_xlfn.IFS(AND(LEN(_xlpm.v)=10,LEFT(_xlpm.v,5)="SAJJG",OR(MID(_xlpm.v,7,1)="E",MID(_xlpm.v,7,1)="F"),OR(_xlpm.emis="D",_xlpm.emis="F"),OR(MID(_xlpm.v,9,1)="3",MID(_xlpm.v,9,1)="4"),_xlpm.my="A"),"X100_EARLY_NORMAL_AR (JDHT)",AND(LEN(_xlpm.v)=10,LEFT(_xlpm.v,5)="SAJJG",MID(_xlpm.v,6,1)="A",OR(MID(_xlpm.v,7,1)="E",MID(_xlpm.v,7,1)="F"),_xlpm.emis="D",OR(MID(_xlpm.v,9,1)="3",MID(_xlpm.v,9,1)="4"),OR(_xlpm.my="V",_xlpm.my="W",_xlpm.my="X")),"X100_NORMAL (JDHT)",AND(LEN(_xlpm.v)=10,LEFT(_xlpm.v,5)="SAJJG",OR(MID(_xlpm.v,6,1)="A",MID(_xlpm.v,6,1)="K",MID(_xlpm.v,6,1)="N",MID(_xlpm.v,6,1)="X"),OR(MID(_xlpm.v,7,1)="E",MID(_xlpm.v,7,1)="F"),OR(_xlpm.emis="D",_xlpm.emis="F"),OR(MID(_xlpm.v,9,1)="3",MID(_xlpm.v,9,1)="4"),OR(_xlpm.my="V",_xlpm.my="W",_xlpm.my="X")),"X100_JLM20300",AND(LEN(_xlpm.v)=10,LEFT(_xlpm.v,5)="SAJJG",OR(MID(_xlpm.v,6,1)="N",MID(_xlpm.v,6,1)="S",MID(_xlpm.v,6,1)="X"),OR(MID(_xlpm.v,7,1)="E",MID(_xlpm.v,7,1)="F"),OR(_xlpm.emis="D",_xlpm.emis="F"),OR(MID(_xlpm.v,9,1)="3",MID(_xlpm.v,9,1)="4"),OR(MID(_xlpm.v,10,1)="V",MID(_xlpm.v,10,1)="W",MID(_xlpm.v,10,1)="X")),"X100_JLM20301",AND(LEN(_xlpm.v)=10,LEFT(_xlpm.v,5)="SAJGX",OR(MID(_xlpm.v,6,1)="2",MID(_xlpm.v,6,1)="5"),OR(MID(_xlpm.v,7,1)="1",MID(_xlpm.v,7,1)="2",MID(_xlpm.v,7,1)="7"),MID(_xlpm.v,8,1)="4",OR(MID(_xlpm.v,10,1)="V",MID(_xlpm.v,10,1)="W",MID(_xlpm.v,10,1)="X")),"X100_AMERICAS_UNIQUE (JLM20301_unique)",AND(LEN(_xlpm.v)=10,LEFT(_xlpm.v,3)="SAJ",OR(_xlpm.mkt="A",_xlpm.mkt="B",_xlpm.mkt="F",_xlpm.mkt="G",_xlpm.mkt="X",_xlpm.mkt="P",_xlpm.mkt="R",_xlpm.mkt="T",_xlpm.mkt="Y",_xlpm.mkt="D",_xlpm.mkt="E",_xlpm.mkt="J",_xlpm.mkt="W"),OR(_xlpm.trans="A",_xlpm.trans="B"),OR(_xlpm.body="41",_xlpm.body="42"),IFERROR(AND(CODE(_xlpm.emis)>=65,CODE(_xlpm.emis)<=88),FALSE),OR(_xlpm.my="X",_xlpm.my="Y",_xlpm.my="1",_xlpm.my="2",_xlpm.my="3",_xlpm.my="4",_xlpm.my="5",_xlpm.my="6",_xlpm.my="7",_xlpm.my="8",_xlpm.my="9")),"XK8-XKR_"&IF(_xlpm.body="41","COUPE_","CONVERTIBLE_")&IF(ISNUMBER(FIND(_xlpm.mkt,"DEJW")),"USA",IF(ISNUMBER(FIND(_xlpm.mkt,"BFGX")),"CANADA","MEXICO"))&IF(_xlpm.trans="A","_AUTO_LHD","_MANUAL_LHD")&"_EMISSION_"&_xlpm.emis&IF(_xlpm.my="X","_1999",IF(_xlpm.my="Y","_2000","_200"&_xlpm.my))&"MY",AND(LEN(_xlpm.v)=10,LEFT(_xlpm.v,3)="SAJ",OR(_xlpm.mkt="A",_xlpm.mkt="B",_xlpm.mkt="D",_xlpm.mkt="E",_xlpm.mkt="F",_xlpm.mkt="J",_xlpm.mkt="K",_xlpm.mkt="P",_xlpm.mkt="R",_xlpm.mkt="W",_xlpm.mkt="X",_xlpm.mkt="Y"),OR(_xlpm.trans="A",_xlpm.trans="C"),OR(_xlpm.body="43",_xlpm.body="4D",_xlpm.body="44",_xlpm.body="4E",_xlpm.body="45",_xlpm.body="46",_xlpm.body="47",_xlpm.body="4F",_xlpm.body="4G"),OR(_xlpm.emis="A",_xlpm.emis="B",_xlpm.emis="C",_xlpm.emis="D",_xlpm.emis="E",_xlpm.emis="F",_xlpm.emis="G",_xlpm.emis="K",_xlpm.emis="N",_xlpm.emis="P",_xlpm.emis="R",_xlpm.emis="S",_xlpm.emis="T",_xlpm.emis="U",_xlpm.emis="V",_xlpm.emis="W",_xlpm.emis="X",_xlpm.emis="Y",_xlpm.emis="1",_xlpm.emis="2",_xlpm.emis="3",_xlpm.emis="4"),OR(_xlpm.my="7",_xlpm.my="8",_xlpm.my="9",_xlpm.my="A",_xlpm.my="B",_xlpm.my="C",_xlpm.my="D",_xlpm.my="E")),"X150_"&IF(_xlpm.my="7","2007MY",IF(_xlpm.my="8","2008MY",IF(_xlpm.my="9","2009MY",IF(_xlpm.my="A","2010MY",IF(_xlpm.my="B","2011MY",IF(_xlpm.my="C","2012MY",IF(_xlpm.my="D","2013MY",IF(_xlpm.my="E","2014MY","UNKNOWN_MY"))))))))&"_MARKET_"&_xlpm.mkt&"_TRANS_"&_xlpm.trans&"_BODY_"&_xlpm.body&"_EMISSION_"&_xlpm.emis&"_CHECK_"&MID(_xlpm.v,9,1),TRUE,IF(LEN(_xlpm.v)<>10,"UNKNOWN: [length="&LEN(_xlpm.v)&"]",IF(LEFT(_xlpm.v,3)<>"SAJ","UNKNOWN: [prefix="&LEFT(_xlpm.v,3)&"]",IF(LEFT(_xlpm.v,5)="SAJJG",IF(NOT(OR(MID(_xlpm.v,7,1)="E",MID(_xlpm.v,7,1)="F")),"UNKNOWN: [7="&MID(_xlpm.v,7,1)&"]",IF(NOT(OR(_xlpm.emis="D",_xlpm.emis="F")),"UNKNOWN: [8="&_xlpm.emis&"]",IF(NOT(OR(MID(_xlpm.v,9,1)="3",MID(_xlpm.v,9,1)="4")),"UNKNOWN: [9="&MID(_xlpm.v,9,1)&"]",IF(NOT(OR(_xlpm.my="A",_xlpm.my="V",_xlpm.my="W",_xlpm.my="X")),"UNKNOWN: [10="&_xlpm.my&"]","UNKNOWN")))),IF(LEFT(_xlpm.v,5)="SAJGX",IF(NOT(OR(MID(_xlpm.v,6,1)="2",MID(_xlpm.v,6,1)="5")),"UNKNOWN: [6="&MID(_xlpm.v,6,1)&"]",IF(NOT(OR(MID(_xlpm.v,7,1)="1",MID(_xlpm.v,7,1)="2",MID(_xlpm.v,7,1)="7")),"UNKNOWN: [7="&MID(_xlpm.v,7,1)&"]",IF(MID(_xlpm.v,8,1)<>"4","UNKNOWN: [8="&MID(_xlpm.v,8,1)&"]",IF(NOT(OR(_xlpm.my="V",_xlpm.my="W",_xlpm.my="X")),"UNKNOWN: [10="&_xlpm.my&"]","UNKNOWN")))),IF(NOT(OR(_xlpm.mkt="A",_xlpm.mkt="B",_xlpm.mkt="F",_xlpm.mkt="G",_xlpm.mkt="X",_xlpm.mkt="P",_xlpm.mkt="R",_xlpm.mkt="T",_xlpm.mkt="Y",_xlpm.mkt="D",_xlpm.mkt="E",_xlpm.mkt="J",_xlpm.mkt="W",_xlpm.mkt="K")),"UNKNOWN: [4="&_xlpm.mkt&"]",IF(NOT(OR(_xlpm.trans="A",_xlpm.trans="B",_xlpm.trans="C")),"UNKNOWN: [5="&_xlpm.trans&"]",IF(NOT(OR(_xlpm.body="41",_xlpm.body="42",_xlpm.body="43",_xlpm.body="4D",_xlpm.body="44",_xlpm.body="45",_xlpm.body="46",_xlpm.body="47",_xlpm.body="4F")),"UNKNOWN: [6-7="&_xlpm.body&"]",IF(NOT(ISNUMBER(SEARCH(_xlpm.emis,"ABCDEFGKNPRSTUVWXY1234"))),"UNKNOWN: [8="&_xlpm.emis&"]",IF(NOT(OR(_xlpm.my="X",_xlpm.my="Y",_xlpm.my="1",_xlpm.my="2",_xlpm.my="3",_xlpm.my="4",_xlpm.my="5",_xlpm.my="6",_xlpm.my="7",_xlpm.my="8",_xlpm.my="9",_xlpm.my="A",_xlpm.my="B",_xlpm.my="C",_xlpm.my="D",_xlpm.my="E")),"UNKNOWN: [10="&_xlpm.my&"]","UNKNOWN")))))))))))} -> X100_AMERICAS_UNIQUE (JLM20301_unique) | D3: {=_xlfn.LET(_xlpm.vin,SUBSTITUTE(CLEAN(TRIM(B3)),CHAR(160),""),_xlpm.rawDate,LEFT(TRIM(E3)&"",8),_xlpm.useDate,IF(RIGHT(_xlpm.rawDate,4)="0000",LEFT(_xlpm.rawDate,4)&"1231",_xlpm.rawDate),_xlpm.bodyCode,MID(_xlpm.vin,6,2),_xlpm.yearCode,MID(_xlpm.vin,10,1),IF(OR(LEN(_xlpm.vin)<>10,LEN(_xlpm.rawDate)<>8),"UNKNOWN",IF(OR(_xlpm.bodyCode="43",_xlpm.bodyCode="4D",_xlpm.bodyCode="44",_xlpm.bodyCode="4E",_xlpm.bodyCode="45",_xlpm.bodyCode="4F",_xlpm.bodyCode="46",_xlpm.bodyCode="4G",_xlpm.bodyCode="47"),_xlfn.SWITCH(_xlpm.yearCode,"6","B00379–B06783","7","B06784–B20074","8","B20075–B27986","9","B27987–B32752","A","B32753–B38853","B","B38854–B44939","C","B44940–B48619","D","B48620–B54164","E","B54165–B56794","F","B56795+","UNKNOWN"),IF(_xlpm.useDate<"19960601","001001–001245",IF(_xlpm.useDate<"19970101","001246–008106",IF(_xlpm.useDate<"19970801","008107–018107",IF(_xlpm.useDate<"19980101","018108–023017",IF(_xlpm.useDate<"19980201","023018–024686",IF(_xlpm.useDate<"19980801","024687–031302",IF(_xlpm.useDate<"19990801","031303–036193",IF(_xlpm.useDate<"20010101","036194–042775",IF(OR(_xlpm.bodyCode="41",_xlpm.bodyCode="42"),_xlfn.SWITCH(_xlpm.yearCode,"Y","A00001–A11050","1","A11051–A22928","2","A22929–A30644","3","A30645–A36873","4","A36874–A42347","5","A42348–A48684","UNKNOWN"),"UNKNOWN"))))))))))))} -> 001246–008106 | E3: ='Ajoneuvorekisteri-Parse Modern '!G149 -> 19961113 | F3: =LEFT(Table34[[#This Row],[Käyttöönotto]],4) -> 1996 | G3: ='Ajoneuvorekisteri-Parse Modern '!AA149 -> XK8 Avoauto (AE) 2ov 3990cm3 A | H3: =Ajoneuvorekisteri_Parse_Modern_XK_Range_TieliikenneAvoinData_30_06_2026_csv[[#This Row],[tyyppihyvaksyntanro]] -> e11*2001/116*0272*01 | I3: ='Ajoneuvorekisteri-Parse Modern '!M149 -> 1720 | J3: =IF(AND( OR( ISNUMBER(SEARCH("XK ", G3)), ISNUMBER(SEARCH("XK8", G3)) ), F3 > 2005 ), 1, 0) -> 1 | K3: =IF(OR( ISNUMBER(SEARCH("XKR", G3)), ), 1, 0) -> 0 | L3: =IF(OR( ISNUMBER(SEARCH("COUPE", G3)), ISNUMBER(SEARCH("COUPÉ", G3)), ISNUMBER(SEARCH("COUP�", G3)) ), 1, 0) -> 0 | M3: =IF(OR( ISNUMBER(SEARCH("CONVERTIBLE",G3)), ISNUMBER(SEARCH("AVOAUTO",G3)), ISNUMBER(SEARCH("AVO",G3)), ISNUMBER(SEARCH("CABRIO",G3)) ),1,0) -> 1 | N3: =IF(AND(Table34[[#This Row],[Coupe]]<>1, Table34[[#This Row],[Convertible]]<>1), 1, 0) -> 0 | O3: =IF(L3=1, "Coupe", IF(M3=1, "Convertible", "Unknown")) -> Convertible
A4: ='Ajoneuvorekisteri-Parse Modern '!AO87 -> 2098581 | B4: ='Ajoneuvorekisteri-Parse Modern '!AN87 -> SAJJGAED4A | C4: {=_xlfn.LET(_xlpm.v,UPPER(SUBSTITUTE(CLEAN(TRIM(B4)),CHAR(160),"")),_xlpm.mkt,MID(_xlpm.v,4,1),_xlpm.trans,MID(_xlpm.v,5,1),_xlpm.body,MID(_xlpm.v,6,2),_xlpm.emis,MID(_xlpm.v,8,1),_xlpm.my,MID(_xlpm.v,10,1),_xlfn.IFS(AND(LEN(_xlpm.v)=10,LEFT(_xlpm.v,5)="SAJJG",OR(MID(_xlpm.v,7,1)="E",MID(_xlpm.v,7,1)="F"),OR(_xlpm.emis="D",_xlpm.emis="F"),OR(MID(_xlpm.v,9,1)="3",MID(_xlpm.v,9,1)="4"),_xlpm.my="A"),"X100_EARLY_NORMAL_AR (JDHT)",AND(LEN(_xlpm.v)=10,LEFT(_xlpm.v,5)="SAJJG",MID(_xlpm.v,6,1)="A",OR(MID(_xlpm.v,7,1)="E",MID(_xlpm.v,7,1)="F"),_xlpm.emis="D",OR(MID(_xlpm.v,9,1)="3",MID(_xlpm.v,9,1)="4"),OR(_xlpm.my="V",_xlpm.my="W",_xlpm.my="X")),"X100_NORMAL (JDHT)",AND(LEN(_xlpm.v)=10,LEFT(_xlpm.v,5)="SAJJG",OR(MID(_xlpm.v,6,1)="A",MID(_xlpm.v,6,1)="K",MID(_xlpm.v,6,1)="N",MID(_xlpm.v,6,1)="X"),OR(MID(_xlpm.v,7,1)="E",MID(_xlpm.v,7,1)="F"),OR(_xlpm.emis="D",_xlpm.emis="F"),OR(MID(_xlpm.v,9,1)="3",MID(_xlpm.v,9,1)="4"),OR(_xlpm.my="V",_xlpm.my="W",_xlpm.my="X")),"X100_JLM20300",AND(LEN(_xlpm.v)=10,LEFT(_xlpm.v,5)="SAJJG",OR(MID(_xlpm.v,6,1)="N",MID(_xlpm.v,6,1)="S",MID(_xlpm.v,6,1)="X"),OR(MID(_xlpm.v,7,1)="E",MID(_xlpm.v,7,1)="F"),OR(_xlpm.emis="D",_xlpm.emis="F"),OR(MID(_xlpm.v,9,1)="3",MID(_xlpm.v,9,1)="4"),OR(MID(_xlpm.v,10,1)="V",MID(_xlpm.v,10,1)="W",MID(_xlpm.v,10,1)="X")),"X100_JLM20301",AND(LEN(_xlpm.v)=10,LEFT(_xlpm.v,5)="SAJGX",OR(MID(_xlpm.v,6,1)="2",MID(_xlpm.v,6,1)="5"),OR(MID(_xlpm.v,7,1)="1",MID(_xlpm.v,7,1)="2",MID(_xlpm.v,7,1)="7"),MID(_xlpm.v,8,1)="4",OR(MID(_xlpm.v,10,1)="V",MID(_xlpm.v,10,1)="W",MID(_xlpm.v,10,1)="X")),"X100_AMERICAS_UNIQUE (JLM20301_unique)",AND(LEN(_xlpm.v)=10,LEFT(_xlpm.v,3)="SAJ",OR(_xlpm.mkt="A",_xlpm.mkt="B",_xlpm.mkt="F",_xlpm.mkt="G",_xlpm.mkt="X",_xlpm.mkt="P",_xlpm.mkt="R",_xlpm.mkt="T",_xlpm.mkt="Y",_xlpm.mkt="D",_xlpm.mkt="E",_xlpm.mkt="J",_xlpm.mkt="W"),OR(_xlpm.trans="A",_xlpm.trans="B"),OR(_xlpm.body="41",_xlpm.body="42"),IFERROR(AND(CODE(_xlpm.emis)>=65,CODE(_xlpm.emis)<=88),FALSE),OR(_xlpm.my="X",_xlpm.my="Y",_xlpm.my="1",_xlpm.my="2",_xlpm.my="3",_xlpm.my="4",_xlpm.my="5",_xlpm.my="6",_xlpm.my="7",_xlpm.my="8",_xlpm.my="9")),"XK8-XKR_"&IF(_xlpm.body="41","COUPE_","CONVERTIBLE_")&IF(ISNUMBER(FIND(_xlpm.mkt,"DEJW")),"USA",IF(ISNUMBER(FIND(_xlpm.mkt,"BFGX")),"CANADA","MEXICO"))&IF(_xlpm.trans="A","_AUTO_LHD","_MANUAL_LHD")&"_EMISSION_"&_xlpm.emis&IF(_xlpm.my="X","_1999",IF(_xlpm.my="Y","_2000","_200"&_xlpm.my))&"MY",AND(LEN(_xlpm.v)=10,LEFT(_xlpm.v,3)="SAJ",OR(_xlpm.mkt="A",_xlpm.mkt="B",_xlpm.mkt="D",_xlpm.mkt="E",_xlpm.mkt="F",_xlpm.mkt="J",_xlpm.mkt="K",_xlpm.mkt="P",_xlpm.mkt="R",_xlpm.mkt="W",_xlpm.mkt="X",_xlpm.mkt="Y"),OR(_xlpm.trans="A",_xlpm.trans="C"),OR(_xlpm.body="43",_xlpm.body="4D",_xlpm.body="44",_xlpm.body="4E",_xlpm.body="45",_xlpm.body="46",_xlpm.body="47",_xlpm.body="4F",_xlpm.body="4G"),OR(_xlpm.emis="A",_xlpm.emis="B",_xlpm.emis="C",_xlpm.emis="D",_xlpm.emis="E",_xlpm.emis="F",_xlpm.emis="G",_xlpm.emis="K",_xlpm.emis="N",_xlpm.emis="P",_xlpm.emis="R",_xlpm.emis="S",_xlpm.emis="T",_xlpm.emis="U",_xlpm.emis="V",_xlpm.emis="W",_xlpm.emis="X",_xlpm.emis="Y",_xlpm.emis="1",_xlpm.emis="2",_xlpm.emis="3",_xlpm.emis="4"),OR(_xlpm.my="7",_xlpm.my="8",_xlpm.my="9",_xlpm.my="A",_xlpm.my="B",_xlpm.my="C",_xlpm.my="D",_xlpm.my="E")),"X150_"&IF(_xlpm.my="7","2007MY",IF(_xlpm.my="8","2008MY",IF(_xlpm.my="9","2009MY",IF(_xlpm.my="A","2010MY",IF(_xlpm.my="B","2011MY",IF(_xlpm.my="C","2012MY",IF(_xlpm.my="D","2013MY",IF(_xlpm.my="E","2014MY","UNKNOWN_MY"))))))))&"_MARKET_"&_xlpm.mkt&"_TRANS_"&_xlpm.trans&"_BODY_"&_xlpm.body&"_EMISSION_"&_xlpm.emis&"_CHECK_"&MID(_xlpm.v,9,1),TRUE,IF(LEN(_xlpm.v)<>10,"UNKNOWN: [length="&LEN(_xlpm.v)&"]",IF(LEFT(_xlpm.v,3)<>"SAJ","UNKNOWN: [prefix="&LEFT(_xlpm.v,3)&"]",IF(LEFT(_xlpm.v,5)="SAJJG",IF(NOT(OR(MID(_xlpm.v,7,1)="E",MID(_xlpm.v,7,1)="F")),"UNKNOWN: [7="&MID(_xlpm.v,7,1)&"]",IF(NOT(OR(_xlpm.emis="D",_xlpm.emis="F")),"UNKNOWN: [8="&_xlpm.emis&"]",IF(NOT(OR(MID(_xlpm.v,9,1)="3",MID(_xlpm.v,9,1)="4")),"UNKNOWN: [9="&MID(_xlpm.v,9,1)&"]",IF(NOT(OR(_xlpm.my="A",_xlpm.my="V",_xlpm.my="W",_xlpm.my="X")),"UNKNOWN: [10="&_xlpm.my&"]","UNKNOWN")))),IF(LEFT(_xlpm.v,5)="SAJGX",IF(NOT(OR(MID(_xlpm.v,6,1)="2",MID(_xlpm.v,6,1)="5")),"UNKNOWN: [6="&MID(_xlpm.v,6,1)&"]",IF(NOT(OR(MID(_xlpm.v,7,1)="1",MID(_xlpm.v,7,1)="2",MID(_xlpm.v,7,1)="7")),"UNKNOWN: [7="&MID(_xlpm.v,7,1)&"]",IF(MID(_xlpm.v,8,1)<>"4","UNKNOWN: [8="&MID(_xlpm.v,8,1)&"]",IF(NOT(OR(_xlpm.my="V",_xlpm.my="W",_xlpm.my="X")),"UNKNOWN: [10="&_xlpm.my&"]","UNKNOWN")))),IF(NOT(OR(_xlpm.mkt="A",_xlpm.mkt="B",_xlpm.mkt="F",_xlpm.mkt="G",_xlpm.mkt="X",_xlpm.mkt="P",_xlpm.mkt="R",_xlpm.mkt="T",_xlpm.mkt="Y",_xlpm.mkt="D",_xlpm.mkt="E",_xlpm.mkt="J",_xlpm.mkt="W",_xlpm.mkt="K")),"UNKNOWN: [4="&_xlpm.mkt&"]",IF(NOT(OR(_xlpm.trans="A",_xlpm.trans="B",_xlpm.trans="C")),"UNKNOWN: [5="&_xlpm.trans&"]",IF(NOT(OR(_xlpm.body="41",_xlpm.body="42",_xlpm.body="43",_xlpm.body="4D",_xlpm.body="44",_xlpm.body="45",_xlpm.body="46",_xlpm.body="47",_xlpm.body="4F")),"UNKNOWN: [6-7="&_xlpm.body&"]",IF(NOT(ISNUMBER(SEARCH(_xlpm.emis,"ABCDEFGKNPRSTUVWXY1234"))),"UNKNOWN: [8="&_xlpm.emis&"]",IF(NOT(OR(_xlpm.my="X",_xlpm.my="Y",_xlpm.my="1",_xlpm.my="2",_xlpm.my="3",_xlpm.my="4",_xlpm.my="5",_xlpm.my="6",_xlpm.my="7",_xlpm.my="8",_xlpm.my="9",_xlpm.my="A",_xlpm.my="B",_xlpm.my="C",_xlpm.my="D",_xlpm.my="E")),"UNKNOWN: [10="&_xlpm.my&"]","UNKNOWN")))))))))))} -> X100_EARLY_NORMAL_AR (JDHT) | D4: {=_xlfn.LET(_xlpm.vin,SUBSTITUTE(CLEAN(TRIM(B4)),CHAR(160),""),_xlpm.rawDate,LEFT(TRIM(E4)&"",8),_xlpm.useDate,IF(RIGHT(_xlpm.rawDate,4)="0000",LEFT(_xlpm.rawDate,4)&"1231",_xlpm.rawDate),_xlpm.bodyCode,MID(_xlpm.vin,6,2),_xlpm.yearCode,MID(_xlpm.vin,10,1),IF(OR(LEN(_xlpm.vin)<>10,LEN(_xlpm.rawDate)<>8),"UNKNOWN",IF(OR(_xlpm.bodyCode="43",_xlpm.bodyCode="4D",_xlpm.bodyCode="44",_xlpm.bodyCode="4E",_xlpm.bodyCode="45",_xlpm.bodyCode="4F",_xlpm.bodyCode="46",_xlpm.bodyCode="4G",_xlpm.bodyCode="47"),_xlfn.SWITCH(_xlpm.yearCode,"6","B00379–B06783","7","B06784–B20074","8","B20075–B27986","9","B27987–B32752","A","B32753–B38853","B","B38854–B44939","C","B44940–B48619","D","B48620–B54164","E","B54165–B56794","F","B56795+","UNKNOWN"),IF(_xlpm.useDate<"19960601","001001–001245",IF(_xlpm.useDate<"19970101","001246–008106",IF(_xlpm.useDate<"19970801","008107–018107",IF(_xlpm.useDate<"19980101","018108–023017",IF(_xlpm.useDate<"19980201","023018–024686",IF(_xlpm.useDate<"19980801","024687–031302",IF(_xlpm.useDate<"19990801","031303–036193",IF(_xlpm.useDate<"20010101","036194–042775",IF(OR(_xlpm.bodyCode="41",_xlpm.bodyCode="42"),_xlfn.SWITCH(_xlpm.yearCode,"Y","A00001–A11050","1","A11051–A22928","2","A22929–A30644","3","A30645–A36873","4","A36874–A42347","5","A42348–A48684","UNKNOWN"),"UNKNOWN"))))))))))))} -> 001246–008106 | E4: ='Ajoneuvorekisteri-Parse Modern '!G87 -> 19961219 | F4: =LEFT(Table34[[#This Row],[Käyttöönotto]],4) -> 1996 | G4: ='Ajoneuvorekisteri-Parse Modern '!AA87 -> XK Coup� (AD) 2ov 3990cm3 A | H4: =Ajoneuvorekisteri_Parse_Modern_XK_Range_TieliikenneAvoinData_30_06_2026_csv[[#This Row],[tyyppihyvaksyntanro]] | I4: ='Ajoneuvorekisteri-Parse Modern '!M87 -> 1720 | J4: =IF(AND( OR( ISNUMBER(SEARCH("XK ", G4)), ISNUMBER(SEARCH("XK8", G4)) ), F4 > 2005 ), 1, 0) -> 1 | K4: =IF(OR( ISNUMBER(SEARCH("XKR", G4)), ), 1, 0) -> 0 | L4: =IF(OR( ISNUMBER(SEARCH("COUPE", G4)), ISNUMBER(SEARCH("COUPÉ", G4)), ISNUMBER(SEARCH("COUP�", G4)) ), 1, 0) -> 1 | M4: =IF(OR( ISNUMBER(SEARCH("CONVERTIBLE",G4)), ISNUMBER(SEARCH("AVOAUTO",G4)), ISNUMBER(SEARCH("AVO",G4)), ISNUMBER(SEARCH("CABRIO",G4)) ),1,0) -> 0 | N4: =IF(AND(Table34[[#This Row],[Coupe]]<>1, Table34[[#This Row],[Convertible]]<>1), 1, 0) -> 0 | O4: =IF(L4=1, "Coupe", IF(M4=1, "Convertible", "Unknown")) -> Coupe
A5: ='Ajoneuvorekisteri-Parse Modern '!AO11 -> 301741 | B5: ='Ajoneuvorekisteri-Parse Modern '!AN11 -> SAJJGXFD4V | C5: {=_xlfn.LET(_xlpm.v,UPPER(SUBSTITUTE(CLEAN(TRIM(B5)),CHAR(160),"")),_xlpm.mkt,MID(_xlpm.v,4,1),_xlpm.trans,MID(_xlpm.v,5,1),_xlpm.body,MID(_xlpm.v,6,2),_xlpm.emis,MID(_xlpm.v,8,1),_xlpm.my,MID(_xlpm.v,10,1),_xlfn.IFS(AND(LEN(_xlpm.v)=10,LEFT(_xlpm.v,5)="SAJJG",OR(MID(_xlpm.v,7,1)="E",MID(_xlpm.v,7,1)="F"),OR(_xlpm.emis="D",_xlpm.emis="F"),OR(MID(_xlpm.v,9,1)="3",MID(_xlpm.v,9,1)="4"),_xlpm.my="A"),"X100_EARLY_NORMAL_AR (JDHT)",AND(LEN(_xlpm.v)=10,LEFT(_xlpm.v,5)="SAJJG",MID(_xlpm.v,6,1)="A",OR(MID(_xlpm.v,7,1)="E",MID(_xlpm.v,7,1)="F"),_xlpm.emis="D",OR(MID(_xlpm.v,9,1)="3",MID(_xlpm.v,9,1)="4"),OR(_xlpm.my="V",_xlpm.my="W",_xlpm.my="X")),"X100_NORMAL (JDHT)",AND(LEN(_xlpm.v)=10,LEFT(_xlpm.v,5)="SAJJG",OR(MID(_xlpm.v,6,1)="A",MID(_xlpm.v,6,1)="K",MID(_xlpm.v,6,1)="N",MID(_xlpm.v,6,1)="X"),OR(MID(_xlpm.v,7,1)="E",MID(_xlpm.v,7,1)="F"),OR(_xlpm.emis="D",_xlpm.emis="F"),OR(MID(_xlpm.v,9,1)="3",MID(_xlpm.v,9,1)="4"),OR(_xlpm.my="V",_xlpm.my="W",_xlpm.my="X")),"X100_JLM20300",AND(LEN(_xlpm.v)=10,LEFT(_xlpm.v,5)="SAJJG",OR(MID(_xlpm.v,6,1)="N",MID(_xlpm.v,6,1)="S",MID(_xlpm.v,6,1)="X"),OR(MID(_xlpm.v,7,1)="E",MID(_xlpm.v,7,1)="F"),OR(_xlpm.emis="D",_xlpm.emis="F"),OR(MID(_xlpm.v,9,1)="3",MID(_xlpm.v,9,1)="4"),OR(MID(_xlpm.v,10,1)="V",MID(_xlpm.v,10,1)="W",MID(_xlpm.v,10,1)="X")),"X100_JLM20301",AND(LEN(_xlpm.v)=10,LEFT(_xlpm.v,5)="SAJGX",OR(MID(_xlpm.v,6,1)="2",MID(_xlpm.v,6,1)="5"),OR(MID(_xlpm.v,7,1)="1",MID(_xlpm.v,7,1)="2",MID(_xlpm.v,7,1)="7"),MID(_xlpm.v,8,1)="4",OR(MID(_xlpm.v,10,1)="V",MID(_xlpm.v,10,1)="W",MID(_xlpm.v,10,1)="X")),"X100_AMERICAS_UNIQUE (JLM20301_unique)",AND(LEN(_xlpm.v)=10,LEFT(_xlpm.v,3)="SAJ",OR(_xlpm.mkt="A",_xlpm.mkt="B",_xlpm.mkt="F",_xlpm.mkt="G",_xlpm.mkt="X",_xlpm.mkt="P",_xlpm.mkt="R",_xlpm.mkt="T",_xlpm.mkt="Y",_xlpm.mkt="D",_xlpm.mkt="E",_xlpm.mkt="J",_xlpm.mkt="W"),OR(_xlpm.trans="A",_xlpm.trans="B"),OR(_xlpm.body="41",_xlpm.body="42"),IFERROR(AND(CODE(_xlpm.emis)>=65,CODE(_xlpm.emis)<=88),FALSE),OR(_xlpm.my="X",_xlpm.my="Y",_xlpm.my="1",_xlpm.my="2",_xlpm.my="3",_xlpm.my="4",_xlpm.my="5",_xlpm.my="6",_xlpm.my="7",_xlpm.my="8",_xlpm.my="9")),"XK8-XKR_"&IF(_xlpm.body="41","COUPE_","CONVERTIBLE_")&IF(ISNUMBER(FIND(_xlpm.mkt,"DEJW")),"USA",IF(ISNUMBER(FIND(_xlpm.mkt,"BFGX")),"CANADA","MEXICO"))&IF(_xlpm.trans="A","_AUTO_LHD","_MANUAL_LHD")&"_EMISSION_"&_xlpm.emis&IF(_xlpm.my="X","_1999",IF(_xlpm.my="Y","_2000","_200"&_xlpm.my))&"MY",AND(LEN(_xlpm.v)=10,LEFT(_xlpm.v,3)="SAJ",OR(_xlpm.mkt="A",_xlpm.mkt="B",_xlpm.mkt="D",_xlpm.mkt="E",_xlpm.mkt="F",_xlpm.mkt="J",_xlpm.mkt="K",_xlpm.mkt="P",_xlpm.mkt="R",_xlpm.mkt="W",_xlpm.mkt="X",_xlpm.mkt="Y"),OR(_xlpm.trans="A",_xlpm.trans="C"),OR(_xlpm.body="43",_xlpm.body="4D",_xlpm.body="44",_xlpm.body="4E",_xlpm.body="45",_xlpm.body="46",_xlpm.body="47",_xlpm.body="4F",_xlpm.body="4G"),OR(_xlpm.emis="A",_xlpm.emis="B",_xlpm.emis="C",_xlpm.emis="D",_xlpm.emis="E",_xlpm.emis="F",_xlpm.emis="G",_xlpm.emis="K",_xlpm.emis="N",_xlpm.emis="P",_xlpm.emis="R",_xlpm.emis="S",_xlpm.emis="T",_xlpm.emis="U",_xlpm.emis="V",_xlpm.emis="W",_xlpm.emis="X",_xlpm.emis="Y",_xlpm.emis="1",_xlpm.emis="2",_xlpm.emis="3",_xlpm.emis="4"),OR(_xlpm.my="7",_xlpm.my="8",_xlpm.my="9",_xlpm.my="A",_xlpm.my="B",_xlpm.my="C",_xlpm.my="D",_xlpm.my="E")),"X150_"&IF(_xlpm.my="7","2007MY",IF(_xlpm.my="8","2008MY",IF(_xlpm.my="9","2009MY",IF(_xlpm.my="A","2010MY",IF(_xlpm.my="B","2011MY",IF(_xlpm.my="C","2012MY",IF(_xlpm.my="D","2013MY",IF(_xlpm.my="E","2014MY","UNKNOWN_MY"))))))))&"_MARKET_"&_xlpm.mkt&"_TRANS_"&_xlpm.trans&"_BODY_"&_xlpm.body&"_EMISSION_"&_xlpm.emis&"_CHECK_"&MID(_xlpm.v,9,1),TRUE,IF(LEN(_xlpm.v)<>10,"UNKNOWN: [length="&LEN(_xlpm.v)&"]",IF(LEFT(_xlpm.v,3)<>"SAJ","UNKNOWN: [prefix="&LEFT(_xlpm.v,3)&"]",IF(LEFT(_xlpm.v,5)="SAJJG",IF(NOT(OR(MID(_xlpm.v,7,1)="E",MID(_xlpm.v,7,1)="F")),"UNKNOWN: [7="&MID(_xlpm.v,7,1)&"]",IF(NOT(OR(_xlpm.emis="D",_xlpm.emis="F")),"UNKNOWN: [8="&_xlpm.emis&"]",IF(NOT(OR(MID(_xlpm.v,9,1)="3",MID(_xlpm.v,9,1)="4")),"UNKNOWN: [9="&MID(_xlpm.v,9,1)&"]",IF(NOT(OR(_xlpm.my="A",_xlpm.my="V",_xlpm.my="W",_xlpm.my="X")),"UNKNOWN: [10="&_xlpm.my&"]","UNKNOWN")))),IF(LEFT(_xlpm.v,5)="SAJGX",IF(NOT(OR(MID(_xlpm.v,6,1)="2",MID(_xlpm.v,6,1)="5")),"UNKNOWN: [6="&MID(_xlpm.v,6,1)&"]",IF(NOT(OR(MID(_xlpm.v,7,1)="1",MID(_xlpm.v,7,1)="2",MID(_xlpm.v,7,1)="7")),"UNKNOWN: [7="&MID(_xlpm.v,7,1)&"]",IF(MID(_xlpm.v,8,1)<>"4","UNKNOWN: [8="&MID(_xlpm.v,8,1)&"]",IF(NOT(OR(_xlpm.my="V",_xlpm.my="W",_xlpm.my="X")),"UNKNOWN: [10="&_xlpm.my&"]","UNKNOWN")))),IF(NOT(OR(_xlpm.mkt="A",_xlpm.mkt="B",_xlpm.mkt="F",_xlpm.mkt="G",_xlpm.mkt="X",_xlpm.mkt="P",_xlpm.mkt="R",_xlpm.mkt="T",_xlpm.mkt="Y",_xlpm.mkt="D",_xlpm.mkt="E",_xlpm.mkt="J",_xlpm.mkt="W",_xlpm.mkt="K")),"UNKNOWN: [4="&_xlpm.mkt&"]",IF(NOT(OR(_xlpm.trans="A",_xlpm.trans="B",_xlpm.trans="C")),"UNKNOWN: [5="&_xlpm.trans&"]",IF(NOT(OR(_xlpm.body="41",_xlpm.body="42",_xlpm.body="43",_xlpm.body="4D",_xlpm.body="44",_xlpm.body="45",_xlpm.body="46",_xlpm.body="47",_xlpm.body="4F")),"UNKNOWN: [6-7="&_xlpm.body&"]",IF(NOT(ISNUMBER(SEARCH(_xlpm.emis,"ABCDEFGKNPRSTUVWXY1234"))),"UNKNOWN: [8="&_xlpm.emis&"]",IF(NOT(OR(_xlpm.my="X",_xlpm.my="Y",_xlpm.my="1",_xlpm.my="2",_xlpm.my="3",_xlpm.my="4",_xlpm.my="5",_xlpm.my="6",_xlpm.my="7",_xlpm.my="8",_xlpm.my="9",_xlpm.my="A",_xlpm.my="B",_xlpm.my="C",_xlpm.my="D",_xlpm.my="E")),"UNKNOWN: [10="&_xlpm.my&"]","UNKNOWN")))))))))))} -> X100_JLM20300 | D5: {=_xlfn.LET(_xlpm.vin,SUBSTITUTE(CLEAN(TRIM(B5)),CHAR(160),""),_xlpm.rawDate,LEFT(TRIM(E5)&"",8),_xlpm.useDate,IF(RIGHT(_xlpm.rawDate,4)="0000",LEFT(_xlpm.rawDate,4)&"1231",_xlpm.rawDate),_xlpm.bodyCode,MID(_xlpm.vin,6,2),_xlpm.yearCode,MID(_xlpm.vin,10,1),IF(OR(LEN(_xlpm.vin)<>10,LEN(_xlpm.rawDate)<>8),"UNKNOWN",IF(OR(_xlpm.bodyCode="43",_xlpm.bodyCode="4D",_xlpm.bodyCode="44",_xlpm.bodyCode="4E",_xlpm.bodyCode="45",_xlpm.bodyCode="4F",_xlpm.bodyCode="46",_xlpm.bodyCode="4G",_xlpm.bodyCode="47"),_xlfn.SWITCH(_xlpm.yearCode,"6","B00379–B06783","7","B06784–B20074","8","B20075–B27986","9","B27987–B32752","A","B32753–B38853","B","B38854–B44939","C","B44940–B48619","D","B48620–B54164","E","B54165–B56794","F","B56795+","UNKNOWN"),IF(_xlpm.useDate<"19960601","001001–001245",IF(_xlpm.useDate<"19970101","001246–008106",IF(_xlpm.useDate<"19970801","008107–018107",IF(_xlpm.useDate<"19980101","018108–023017",IF(_xlpm.useDate<"19980201","023018–024686",IF(_xlpm.useDate<"19980801","024687–031302",IF(_xlpm.useDate<"19990801","031303–036193",IF(_xlpm.useDate<"20010101","036194–042775",IF(OR(_xlpm.bodyCode="41",_xlpm.bodyCode="42"),_xlfn.SWITCH(_xlpm.yearCode,"Y","A00001–A11050","1","A11051–A22928","2","A22929–A30644","3","A30645–A36873","4","A36874–A42347","5","A42348–A48684","UNKNOWN"),"UNKNOWN"))))))))))))} -> 018108–023017 | E5: ='Ajoneuvorekisteri-Parse Modern '!G11 -> 19970000 | F5: =LEFT(Table34[[#This Row],[Käyttöönotto]],4) -> 1997 | G5: ='Ajoneuvorekisteri-Parse Modern '!AA11 -> 2D CONVERTIBLE XK8 4.0-AUTOMATIC-JGFD/259 | H5: =Ajoneuvorekisteri_Parse_Modern_XK_Range_TieliikenneAvoinData_30_06_2026_csv[[#This Row],[tyyppihyvaksyntanro]] -> e11*95/54*0062*03 | I5: ='Ajoneuvorekisteri-Parse Modern '!M11 -> 1850 | J5: =IF(AND( OR( ISNUMBER(SEARCH("XK ", G5)), ISNUMBER(SEARCH("XK8", G5)) ), F5 > 2005 ), 1, 0) -> 1 | K5: =IF(OR( ISNUMBER(SEARCH("XKR", G5)), ), 1, 0) -> 0 | L5: =IF(OR( ISNUMBER(SEARCH("COUPE", G5)), ISNUMBER(SEARCH("COUPÉ", G5)), ISNUMBER(SEARCH("COUP�", G5)) ), 1, 0) -> 0 | M5: =IF(OR( ISNUMBER(SEARCH("CONVERTIBLE",G5)), ISNUMBER(SEARCH("AVOAUTO",G5)), ISNUMBER(SEARCH("AVO",G5)), ISNUMBER(SEARCH("CABRIO",G5)) ),1,0) -> 1 | N5: =IF(AND(Table34[[#This Row],[Coupe]]<>1, Table34[[#This Row],[Convertible]]<>1), 1, 0) -> 0 | O5: =IF(L5=1, "Coupe", IF(M5=1, "Convertible", "Unknown")) -> Convertible
A6: ='Ajoneuvorekisteri-Parse Modern '!AO22 -> 755631 | B6: ='Ajoneuvorekisteri-Parse Modern '!AN22 -> SAJJGFXD4V | C6: {=_xlfn.LET(_xlpm.v,UPPER(SUBSTITUTE(CLEAN(TRIM(B6)),CHAR(160),"")),_xlpm.mkt,MID(_xlpm.v,4,1),_xlpm.trans,MID(_xlpm.v,5,1),_xlpm.body,MID(_xlpm.v,6,2),_xlpm.emis,MID(_xlpm.v,8,1),_xlpm.my,MID(_xlpm.v,10,1),_xlfn.IFS(AND(LEN(_xlpm.v)=10,LEFT(_xlpm.v,5)="SAJJG",OR(MID(_xlpm.v,7,1)="E",MID(_xlpm.v,7,1)="F"),OR(_xlpm.emis="D",_xlpm.emis="F"),OR(MID(_xlpm.v,9,1)="3",MID(_xlpm.v,9,1)="4"),_xlpm.my="A"),"X100_EARLY_NORMAL_AR (JDHT)",AND(LEN(_xlpm.v)=10,LEFT(_xlpm.v,5)="SAJJG",MID(_xlpm.v,6,1)="A",OR(MID(_xlpm.v,7,1)="E",MID(_xlpm.v,7,1)="F"),_xlpm.emis="D",OR(MID(_xlpm.v,9,1)="3",MID(_xlpm.v,9,1)="4"),OR(_xlpm.my="V",_xlpm.my="W",_xlpm.my="X")),"X100_NORMAL (JDHT)",AND(LEN(_xlpm.v)=10,LEFT(_xlpm.v,5)="SAJJG",OR(MID(_xlpm.v,6,1)="A",MID(_xlpm.v,6,1)="K",MID(_xlpm.v,6,1)="N",MID(_xlpm.v,6,1)="X"),OR(MID(_xlpm.v,7,1)="E",MID(_xlpm.v,7,1)="F"),OR(_xlpm.emis="D",_xlpm.emis="F"),OR(MID(_xlpm.v,9,1)="3",MID(_xlpm.v,9,1)="4"),OR(_xlpm.my="V",_xlpm.my="W",_xlpm.my="X")),"X100_JLM20300",AND(LEN(_xlpm.v)=10,LEFT(_xlpm.v,5)="SAJJG",OR(MID(_xlpm.v,6,1)="N",MID(_xlpm.v,6,1)="S",MID(_xlpm.v,6,1)="X"),OR(MID(_xlpm.v,7,1)="E",MID(_xlpm.v,7,1)="F"),OR(_xlpm.emis="D",_xlpm.emis="F"),OR(MID(_xlpm.v,9,1)="3",MID(_xlpm.v,9,1)="4"),OR(MID(_xlpm.v,10,1)="V",MID(_xlpm.v,10,1)="W",MID(_xlpm.v,10,1)="X")),"X100_JLM20301",AND(LEN(_xlpm.v)=10,LEFT(_xlpm.v,5)="SAJGX",OR(MID(_xlpm.v,6,1)="2",MID(_xlpm.v,6,1)="5"),OR(MID(_xlpm.v,7,1)="1",MID(_xlpm.v,7,1)="2",MID(_xlpm.v,7,1)="7"),MID(_xlpm.v,8,1)="4",OR(MID(_xlpm.v,10,1)="V",MID(_xlpm.v,10,1)="W",MID(_xlpm.v,10,1)="X")),"X100_AMERICAS_UNIQUE (JLM20301_unique)",AND(LEN(_xlpm.v)=10,LEFT(_xlpm.v,3)="SAJ",OR(_xlpm.mkt="A",_xlpm.mkt="B",_xlpm.mkt="F",_xlpm.mkt="G",_xlpm.mkt="X",_xlpm.mkt="P",_xlpm.mkt="R",_xlpm.mkt="T",_xlpm.mkt="Y",_xlpm.mkt="D",_xlpm.mkt="E",_xlpm.mkt="J",_xlpm.mkt="W"),OR(_xlpm.trans="A",_xlpm.trans="B"),OR(_xlpm.body="41",_xlpm.body="42"),IFERROR(AND(CODE(_xlpm.emis)>=65,CODE(_xlpm.emis)<=88),FALSE),OR(_xlpm.my="X",_xlpm.my="Y",_xlpm.my="1",_xlpm.my="2",_xlpm.my="3",_xlpm.my="4",_xlpm.my="5",_xlpm.my="6",_xlpm.my="7",_xlpm.my="8",_xlpm.my="9")),"XK8-XKR_"&IF(_xlpm.body="41","COUPE_","CONVERTIBLE_")&IF(ISNUMBER(FIND(_xlpm.mkt,"DEJW")),"USA",IF(ISNUMBER(FIND(_xlpm.mkt,"BFGX")),"CANADA","MEXICO"))&IF(_xlpm.trans="A","_AUTO_LHD","_MANUAL_LHD")&"_EMISSION_"&_xlpm.emis&IF(_xlpm.my="X","_1999",IF(_xlpm.my="Y","_2000","_200"&_xlpm.my))&"MY",AND(LEN(_xlpm.v)=10,LEFT(_xlpm.v,3)="SAJ",OR(_xlpm.mkt="A",_xlpm.mkt="B",_xlpm.mkt="D",_xlpm.mkt="E",_xlpm.mkt="F",_xlpm.mkt="J",_xlpm.mkt="K",_xlpm.mkt="P",_xlpm.mkt="R",_xlpm.mkt="W",_xlpm.mkt="X",_xlpm.mkt="Y"),OR(_xlpm.trans="A",_xlpm.trans="C"),OR(_xlpm.body="43",_xlpm.body="4D",_xlpm.body="44",_xlpm.body="4E",_xlpm.body="45",_xlpm.body="46",_xlpm.body="47",_xlpm.body="4F",_xlpm.body="4G"),OR(_xlpm.emis="A",_xlpm.emis="B",_xlpm.emis="C",_xlpm.emis="D",_xlpm.emis="E",_xlpm.emis="F",_xlpm.emis="G",_xlpm.emis="K",_xlpm.emis="N",_xlpm.emis="P",_xlpm.emis="R",_xlpm.emis="S",_xlpm.emis="T",_xlpm.emis="U",_xlpm.emis="V",_xlpm.emis="W",_xlpm.emis="X",_xlpm.emis="Y",_xlpm.emis="1",_xlpm.emis="2",_xlpm.emis="3",_xlpm.emis="4"),OR(_xlpm.my="7",_xlpm.my="8",_xlpm.my="9",_xlpm.my="A",_xlpm.my="B",_xlpm.my="C",_xlpm.my="D",_xlpm.my="E")),"X150_"&IF(_xlpm.my="7","2007MY",IF(_xlpm.my="8","2008MY",IF(_xlpm.my="9","2009MY",IF(_xlpm.my="A","2010MY",IF(_xlpm.my="B","2011MY",IF(_xlpm.my="C","2012MY",IF(_xlpm.my="D","2013MY",IF(_xlpm.my="E","2014MY","UNKNOWN_MY"))))))))&"_MARKET_"&_xlpm.mkt&"_TRANS_"&_xlpm.trans&"_BODY_"&_xlpm.body&"_EMISSION_"&_xlpm.emis&"_CHECK_"&MID(_xlpm.v,9,1),TRUE,IF(LEN(_xlpm.v)<>10,"UNKNOWN: [length="&LEN(_xlpm.v)&"]",IF(LEFT(_xlpm.v,3)<>"SAJ","UNKNOWN: [prefix="&LEFT(_xlpm.v,3)&"]",IF(LEFT(_xlpm.v,5)="SAJJG",IF(NOT(OR(MID(_xlpm.v,7,1)="E",MID(_xlpm.v,7,1)="F")),"UNKNOWN: [7="&MID(_xlpm.v,7,1)&"]",IF(NOT(OR(_xlpm.emis="D",_xlpm.emis="F")),"UNKNOWN: [8="&_xlpm.emis&"]",IF(NOT(OR(MID(_xlpm.v,9,1)="3",MID(_xlpm.v,9,1)="4")),"UNKNOWN: [9="&MID(_xlpm.v,9,1)&"]",IF(NOT(OR(_xlpm.my="A",_xlpm.my="V",_xlpm.my="W",_xlpm.my="X")),"UNKNOWN: [10="&_xlpm.my&"]","UNKNOWN")))),IF(LEFT(_xlpm.v,5)="SAJGX",IF(NOT(OR(MID(_xlpm.v,6,1)="2",MID(_xlpm.v,6,1)="5")),"UNKNOWN: [6="&MID(_xlpm.v,6,1)&"]",IF(NOT(OR(MID(_xlpm.v,7,1)="1",MID(_xlpm.v,7,1)="2",MID(_xlpm.v,7,1)="7")),"UNKNOWN: [7="&MID(_xlpm.v,7,1)&"]",IF(MID(_xlpm.v,8,1)<>"4","UNKNOWN: [8="&MID(_xlpm.v,8,1)&"]",IF(NOT(OR(_xlpm.my="V",_xlpm.my="W",_xlpm.my="X")),"UNKNOWN: [10="&_xlpm.my&"]","UNKNOWN")))),IF(NOT(OR(_xlpm.mkt="A",_xlpm.mkt="B",_xlpm.mkt="F",_xlpm.mkt="G",_xlpm.mkt="X",_xlpm.mkt="P",_xlpm.mkt="R",_xlpm.mkt="T",_xlpm.mkt="Y",_xlpm.mkt="D",_xlpm.mkt="E",_xlpm.mkt="J",_xlpm.mkt="W",_xlpm.mkt="K")),"UNKNOWN: [4="&_xlpm.mkt&"]",IF(NOT(OR(_xlpm.trans="A",_xlpm.trans="B",_xlpm.trans="C")),"UNKNOWN: [5="&_xlpm.trans&"]",IF(NOT(OR(_xlpm.body="41",_xlpm.body="42",_xlpm.body="43",_xlpm.body="4D",_xlpm.body="44",_xlpm.body="45",_xlpm.body="46",_xlpm.body="47",_xlpm.body="4F")),"UNKNOWN: [6-7="&_xlpm.body&"]",IF(NOT(ISNUMBER(SEARCH(_xlpm.emis,"ABCDEFGKNPRSTUVWXY1234"))),"UNKNOWN: [8="&_xlpm.emis&"]",IF(NOT(OR(_xlpm.my="X",_xlpm.my="Y",_xlpm.my="1",_xlpm.my="2",_xlpm.my="3",_xlpm.my="4",_xlpm.my="5",_xlpm.my="6",_xlpm.my="7",_xlpm.my="8",_xlpm.my="9",_xlpm.my="A",_xlpm.my="B",_xlpm.my="C",_xlpm.my="D",_xlpm.my="E")),"UNKNOWN: [10="&_xlpm.my&"]","UNKNOWN")))))))))))} -> UNKNOWN: [7=X] | D6: {=_xlfn.LET(_xlpm.vin,SUBSTITUTE(CLEAN(TRIM(B6)),CHAR(160),""),_xlpm.rawDate,LEFT(TRIM(E6)&"",8),_xlpm.useDate,IF(RIGHT(_xlpm.rawDate,4)="0000",LEFT(_xlpm.rawDate,4)&"1231",_xlpm.rawDate),_xlpm.bodyCode,MID(_xlpm.vin,6,2),_xlpm.yearCode,MID(_xlpm.vin,10,1),IF(OR(LEN(_xlpm.vin)<>10,LEN(_xlpm.rawDate)<>8),"UNKNOWN",IF(OR(_xlpm.bodyCode="43",_xlpm.bodyCode="4D",_xlpm.bodyCode="44",_xlpm.bodyCode="4E",_xlpm.bodyCode="45",_xlpm.bodyCode="4F",_xlpm.bodyCode="46",_xlpm.bodyCode="4G",_xlpm.bodyCode="47"),_xlfn.SWITCH(_xlpm.yearCode,"6","B00379–B06783","7","B06784–B20074","8","B20075–B27986","9","B27987–B32752","A","B32753–B38853","B","B38854–B44939","C","B44940–B48619","D","B48620–B54164","E","B54165–B56794","F","B56795+","UNKNOWN"),IF(_xlpm.useDate<"19960601","001001–001245",IF(_xlpm.useDate<"19970101","001246–008106",IF(_xlpm.useDate<"19970801","008107–018107",IF(_xlpm.useDate<"19980101","018108–023017",IF(_xlpm.useDate<"19980201","023018–024686",IF(_xlpm.useDate<"19980801","024687–031302",IF(_xlpm.useDate<"19990801","031303–036193",IF(_xlpm.useDate<"20010101","036194–042775",IF(OR(_xlpm.bodyCode="41",_xlpm.bodyCode="42"),_xlfn.SWITCH(_xlpm.yearCode,"Y","A00001–A11050","1","A11051–A22928","2","A22929–A30644","3","A30645–A36873","4","A36874–A42347","5","A42348–A48684","UNKNOWN"),"UNKNOWN"))))))))))))} -> 018108–023017 | E6: ='Ajoneuvorekisteri-Parse Modern '!G22 -> 19970000 | F6: =LEFT(Table34[[#This Row],[Käyttöönotto]],4) -> 1997 | G6: ='Ajoneuvorekisteri-Parse Modern '!AA22 -> 2D CONVERTIBLE XK8 4.0-AUTOMATIC-JGFX/259 | H6: =Ajoneuvorekisteri_Parse_Modern_XK_Range_TieliikenneAvoinData_30_06_2026_csv[[#This Row],[tyyppihyvaksyntanro]] -> e11*95/54*0062*06 | I6: ='Ajoneuvorekisteri-Parse Modern '!M22 -> 1810 | J6: =IF(AND( OR( ISNUMBER(SEARCH("XK ", G6)), ISNUMBER(SEARCH("XK8", G6)) ), F6 > 2005 ), 1, 0) -> 1 | K6: =IF(OR( ISNUMBER(SEARCH("XKR", G6)), ), 1, 0) -> 0 | L6: =IF(OR( ISNUMBER(SEARCH("COUPE", G6)), ISNUMBER(SEARCH("COUPÉ", G6)), ISNUMBER(SEARCH("COUP�", G6)) ), 1, 0) -> 0 | M6: =IF(OR( ISNUMBER(SEARCH("CONVERTIBLE",G6)), ISNUMBER(SEARCH("AVOAUTO",G6)), ISNUMBER(SEARCH("AVO",G6)), ISNUMBER(SEARCH("CABRIO",G6)) ),1,0) -> 1 | N6: =IF(AND(Table34[[#This Row],[Coupe]]<>1, Table34[[#This Row],[Convertible]]<>1), 1, 0) -> 0 | O6: =IF(L6=1, "Coupe", IF(M6=1, "Convertible", "Unknown")) -> Convertible
A7: ='Ajoneuvorekisteri-Parse Modern '!AO73 -> 1946841 | B7: ='Ajoneuvorekisteri-Parse Modern '!AN73 -> SAJGX2740V | C7: {=_xlfn.LET(_xlpm.v,UPPER(SUBSTITUTE(CLEAN(TRIM(B7)),CHAR(160),"")),_xlpm.mkt,MID(_xlpm.v,4,1),_xlpm.trans,MID(_xlpm.v,5,1),_xlpm.body,MID(_xlpm.v,6,2),_xlpm.emis,MID(_xlpm.v,8,1),_xlpm.my,MID(_xlpm.v,10,1),_xlfn.IFS(AND(LEN(_xlpm.v)=10,LEFT(_xlpm.v,5)="SAJJG",OR(MID(_xlpm.v,7,1)="E",MID(_xlpm.v,7,1)="F"),OR(_xlpm.emis="D",_xlpm.emis="F"),OR(MID(_xlpm.v,9,1)="3",MID(_xlpm.v,9,1)="4"),_xlpm.my="A"),"X100_EARLY_NORMAL_AR (JDHT)",AND(LEN(_xlpm.v)=10,LEFT(_xlpm.v,5)="SAJJG",MID(_xlpm.v,6,1)="A",OR(MID(_xlpm.v,7,1)="E",MID(_xlpm.v,7,1)="F"),_xlpm.emis="D",OR(MID(_xlpm.v,9,1)="3",MID(_xlpm.v,9,1)="4"),OR(_xlpm.my="V",_xlpm.my="W",_xlpm.my="X")),"X100_NORMAL (JDHT)",AND(LEN(_xlpm.v)=10,LEFT(_xlpm.v,5)="SAJJG",OR(MID(_xlpm.v,6,1)="A",MID(_xlpm.v,6,1)="K",MID(_xlpm.v,6,1)="N",MID(_xlpm.v,6,1)="X"),OR(MID(_xlpm.v,7,1)="E",MID(_xlpm.v,7,1)="F"),OR(_xlpm.emis="D",_xlpm.emis="F"),OR(MID(_xlpm.v,9,1)="3",MID(_xlpm.v,9,1)="4"),OR(_xlpm.my="V",_xlpm.my="W",_xlpm.my="X")),"X100_JLM20300",AND(LEN(_xlpm.v)=10,LEFT(_xlpm.v,5)="SAJJG",OR(MID(_xlpm.v,6,1)="N",MID(_xlpm.v,6,1)="S",MID(_xlpm.v,6,1)="X"),OR(MID(_xlpm.v,7,1)="E",MID(_xlpm.v,7,1)="F"),OR(_xlpm.emis="D",_xlpm.emis="F"),OR(MID(_xlpm.v,9,1)="3",MID(_xlpm.v,9,1)="4"),OR(MID(_xlpm.v,10,1)="V",MID(_xlpm.v,10,1)="W",MID(_xlpm.v,10,1)="X")),"X100_JLM20301",AND(LEN(_xlpm.v)=10,LEFT(_xlpm.v,5)="SAJGX",OR(MID(_xlpm.v,6,1)="2",MID(_xlpm.v,6,1)="5"),OR(MID(_xlpm.v,7,1)="1",MID(_xlpm.v,7,1)="2",MID(_xlpm.v,7,1)="7"),MID(_xlpm.v,8,1)="4",OR(MID(_xlpm.v,10,1)="V",MID(_xlpm.v,10,1)="W",MID(_xlpm.v,10,1)="X")),"X100_AMERICAS_UNIQUE (JLM20301_unique)",AND(LEN(_xlpm.v)=10,LEFT(_xlpm.v,3)="SAJ",OR(_xlpm.mkt="A",_xlpm.mkt="B",_xlpm.mkt="F",_xlpm.mkt="G",_xlpm.mkt="X",_xlpm.mkt="P",_xlpm.mkt="R",_xlpm.mkt="T",_xlpm.mkt="Y",_xlpm.mkt="D",_xlpm.mkt="E",_xlpm.mkt="J",_xlpm.mkt="W"),OR(_xlpm.trans="A",_xlpm.trans="B"),OR(_xlpm.body="41",_xlpm.body="42"),IFERROR(AND(CODE(_xlpm.emis)>=65,CODE(_xlpm.emis)<=88),FALSE),OR(_xlpm.my="X",_xlpm.my="Y",_xlpm.my="1",_xlpm.my="2",_xlpm.my="3",_xlpm.my="4",_xlpm.my="5",_xlpm.my="6",_xlpm.my="7",_xlpm.my="8",_xlpm.my="9")),"XK8-XKR_"&IF(_xlpm.body="41","COUPE_","CONVERTIBLE_")&IF(ISNUMBER(FIND(_xlpm.mkt,"DEJW")),"USA",IF(ISNUMBER(FIND(_xlpm.mkt,"BFGX")),"CANADA","MEXICO"))&IF(_xlpm.trans="A","_AUTO_LHD","_MANUAL_LHD")&"_EMISSION_"&_xlpm.emis&IF(_xlpm.my="X","_1999",IF(_xlpm.my="Y","_2000","_200"&_xlpm.my))&"MY",AND(LEN(_xlpm.v)=10,LEFT(_xlpm.v,3)="SAJ",OR(_xlpm.mkt="A",_xlpm.mkt="B",_xlpm.mkt="D",_xlpm.mkt="E",_xlpm.mkt="F",_xlpm.mkt="J",_xlpm.mkt="K",_xlpm.mkt="P",_xlpm.mkt="R",_xlpm.mkt="W",_xlpm.mkt="X",_xlpm.mkt="Y"),OR(_xlpm.trans="A",_xlpm.trans="C"),OR(_xlpm.body="43",_xlpm.body="4D",_xlpm.body="44",_xlpm.body="4E",_xlpm.body="45",_xlpm.body="46",_xlpm.body="47",_xlpm.body="4F",_xlpm.body="4G"),OR(_xlpm.emis="A",_xlpm.emis="B",_xlpm.emis="C",_xlpm.emis="D",_xlpm.emis="E",_xlpm.emis="F",_xlpm.emis="G",_xlpm.emis="K",_xlpm.emis="N",_xlpm.emis="P",_xlpm.emis="R",_xlpm.emis="S",_xlpm.emis="T",_xlpm.emis="U",_xlpm.emis="V",_xlpm.emis="W",_xlpm.emis="X",_xlpm.emis="Y",_xlpm.emis="1",_xlpm.emis="2",_xlpm.emis="3",_xlpm.emis="4"),OR(_xlpm.my="7",_xlpm.my="8",_xlpm.my="9",_xlpm.my="A",_xlpm.my="B",_xlpm.my="C",_xlpm.my="D",_xlpm.my="E")),"X150_"&IF(_xlpm.my="7","2007MY",IF(_xlpm.my="8","2008MY",IF(_xlpm.my="9","2009MY",IF(_xlpm.my="A","2010MY",IF(_xlpm.my="B","2011MY",IF(_xlpm.my="C","2012MY",IF(_xlpm.my="D","2013MY",IF(_xlpm.my="E","2014MY","UNKNOWN_MY"))))))))&"_MARKET_"&_xlpm.mkt&"_TRANS_"&_xlpm.trans&"_BODY_"&_xlpm.body&"_EMISSION_"&_xlpm.emis&"_CHECK_"&MID(_xlpm.v,9,1),TRUE,IF(LEN(_xlpm.v)<>10,"UNKNOWN: [length="&LEN(_xlpm.v)&"]",IF(LEFT(_xlpm.v,3)<>"SAJ","UNKNOWN: [prefix="&LEFT(_xlpm.v,3)&"]",IF(LEFT(_xlpm.v,5)="SAJJG",IF(NOT(OR(MID(_xlpm.v,7,1)="E",MID(_xlpm.v,7,1)="F")),"UNKNOWN: [7="&MID(_xlpm.v,7,1)&"]",IF(NOT(OR(_xlpm.emis="D",_xlpm.emis="F")),"UNKNOWN: [8="&_xlpm.emis&"]",IF(NOT(OR(MID(_xlpm.v,9,1)="3",MID(_xlpm.v,9,1)="4")),"UNKNOWN: [9="&MID(_xlpm.v,9,1)&"]",IF(NOT(OR(_xlpm.my="A",_xlpm.my="V",_xlpm.my="W",_xlpm.my="X")),"UNKNOWN: [10="&_xlpm.my&"]","UNKNOWN")))),IF(LEFT(_xlpm.v,5)="SAJGX",IF(NOT(OR(MID(_xlpm.v,6,1)="2",MID(_xlpm.v,6,1)="5")),"UNKNOWN: [6="&MID(_xlpm.v,6,1)&"]",IF(NOT(OR(MID(_xlpm.v,7,1)="1",MID(_xlpm.v,7,1)="2",MID(_xlpm.v,7,1)="7")),"UNKNOWN: [7="&MID(_xlpm.v,7,1)&"]",IF(MID(_xlpm.v,8,1)<>"4","UNKNOWN: [8="&MID(_xlpm.v,8,1)&"]",IF(NOT(OR(_xlpm.my="V",_xlpm.my="W",_xlpm.my="X")),"UNKNOWN: [10="&_xlpm.my&"]","UNKNOWN")))),IF(NOT(OR(_xlpm.mkt="A",_xlpm.mkt="B",_xlpm.mkt="F",_xlpm.mkt="G",_xlpm.mkt="X",_xlpm.mkt="P",_xlpm.mkt="R",_xlpm.mkt="T",_xlpm.mkt="Y",_xlpm.mkt="D",_xlpm.mkt="E",_xlpm.mkt="J",_xlpm.mkt="W",_xlpm.mkt="K")),"UNKNOWN: [4="&_xlpm.mkt&"]",IF(NOT(OR(_xlpm.trans="A",_xlpm.trans="B",_xlpm.trans="C")),"UNKNOWN: [5="&_xlpm.trans&"]",IF(NOT(OR(_xlpm.body="41",_xlpm.body="42",_xlpm.body="43",_xlpm.body="4D",_xlpm.body="44",_xlpm.body="45",_xlpm.body="46",_xlpm.body="47",_xlpm.body="4F")),"UNKNOWN: [6-7="&_xlpm.body&"]",IF(NOT(ISNUMBER(SEARCH(_xlpm.emis,"ABCDEFGKNPRSTUVWXY1234"))),"UNKNOWN: [8="&_xlpm.emis&"]",IF(NOT(OR(_xlpm.my="X",_xlpm.my="Y",_xlpm.my="1",_xlpm.my="2",_xlpm.my="3",_xlpm.my="4",_xlpm.my="5",_xlpm.my="6",_xlpm.my="7",_xlpm.my="8",_xlpm.my="9",_xlpm.my="A",_xlpm.my="B",_xlpm.my="C",_xlpm.my="D",_xlpm.my="E")),"UNKNOWN: [10="&_xlpm.my&"]","UNKNOWN")))))))))))} -> X100_AMERICAS_UNIQUE (JLM20301_unique) | D7: {=_xlfn.LET(_xlpm.vin,SUBSTITUTE(CLEAN(TRIM(B7)),CHAR(160),""),_xlpm.rawDate,LEFT(TRIM(E7)&"",8),_xlpm.useDate,IF(RIGHT(_xlpm.rawDate,4)="0000",LEFT(_xlpm.rawDate,4)&"1231",_xlpm.rawDate),_xlpm.bodyCode,MID(_xlpm.vin,6,2),_xlpm.yearCode,MID(_xlpm.vin,10,1),IF(OR(LEN(_xlpm.vin)<>10,LEN(_xlpm.rawDate)<>8),"UNKNOWN",IF(OR(_xlpm.bodyCode="43",_xlpm.bodyCode="4D",_xlpm.bodyCode="44",_xlpm.bodyCode="4E",_xlpm.bodyCode="45",_xlpm.bodyCode="4F",_xlpm.bodyCode="46",_xlpm.bodyCode="4G",_xlpm.bodyCode="47"),_xlfn.SWITCH(_xlpm.yearCode,"6","B00379–B06783","7","B06784–B20074","8","B20075–B27986","9","B27987–B32752","A","B32753–B38853","B","B38854–B44939","C","B44940–B48619","D","B48620–B54164","E","B54165–B56794","F","B56795+","UNKNOWN"),IF(_xlpm.useDate<"19960601","001001–001245",IF(_xlpm.useDate<"19970101","001246–008106",IF(_xlpm.useDate<"19970801","008107–018107",IF(_xlpm.useDate<"19980101","018108–023017",IF(_xlpm.useDate<"19980201","023018–024686",IF(_xlpm.useDate<"19980801","024687–031302",IF(_xlpm.useDate<"19990801","031303–036193",IF(_xlpm.useDate<"20010101","036194–042775",IF(OR(_xlpm.bodyCode="41",_xlpm.bodyCode="42"),_xlfn.SWITCH(_xlpm.yearCode,"Y","A00001–A11050","1","A11051–A22928","2","A22929–A30644","3","A30645–A36873","4","A36874–A42347","5","A42348–A48684","UNKNOWN"),"UNKNOWN"))))))))))))} -> 018108–023017 | E7: ='Ajoneuvorekisteri-Parse Modern '!G73 -> 19970000 | F7: =LEFT(Table34[[#This Row],[Käyttöönotto]],4) -> 1997 | G7: ='Ajoneuvorekisteri-Parse Modern '!AA73 -> 2D CONVERTIBLE XK8 4.0-AUTOMATIC-JGFD/259 Avoauto (AE) 2ov 3990cm3 A | H7: =Ajoneuvorekisteri_Parse_Modern_XK_Range_TieliikenneAvoinData_30_06_2026_csv[[#This Row],[tyyppihyvaksyntanro]] | I7: ='Ajoneuvorekisteri-Parse Modern '!M73 -> 1720 | J7: =IF(AND( OR( ISNUMBER(SEARCH("XK ", G7)), ISNUMBER(SEARCH("XK8", G7)) ), F7 > 2005 ), 1, 0) -> 1 | K7: =IF(OR( ISNUMBER(SEARCH("XKR", G7)), ), 1, 0) -> 0 | L7: =IF(OR( ISNUMBER(SEARCH("COUPE", G7)), ISNUMBER(SEARCH("COUPÉ", G7)), ISNUMBER(SEARCH("COUP�", G7)) ), 1, 0) -> 0 | M7: =IF(OR( ISNUMBER(SEARCH("CONVERTIBLE",G7)), ISNUMBER(SEARCH("AVOAUTO",G7)), ISNUMBER(SEARCH("AVO",G7)), ISNUMBER(SEARCH("CABRIO",G7)) ),1,0) -> 1 | N7: =IF(AND(Table34[[#This Row],[Coupe]]<>1, Table34[[#This Row],[Convertible]]<>1), 1, 0) -> 0 | O7: =IF(L7=1, "Coupe", IF(M7=1, "Convertible", "Unknown")) -> Convertible
A8: ='Ajoneuvorekisteri-Parse Modern '!AO84 -> 2069881 | B8: ='Ajoneuvorekisteri-Parse Modern '!AN84 -> SAJJGXFD4V | C8: {=_xlfn.LET(_xlpm.v,UPPER(SUBSTITUTE(CLEAN(TRIM(B8)),CHAR(160),"")),_xlpm.mkt,MID(_xlpm.v,4,1),_xlpm.trans,MID(_xlpm.v,5,1),_xlpm.body,MID(_xlpm.v,6,2),_xlpm.emis,MID(_xlpm.v,8,1),_xlpm.my,MID(_xlpm.v,10,1),_xlfn.IFS(AND(LEN(_xlpm.v)=10,LEFT(_xlpm.v,5)="SAJJG",OR(MID(_xlpm.v,7,1)="E",MID(_xlpm.v,7,1)="F"),OR(_xlpm.emis="D",_xlpm.emis="F"),OR(MID(_xlpm.v,9,1)="3",MID(_xlpm.v,9,1)="4"),_xlpm.my="A"),"X100_EARLY_NORMAL_AR (JDHT)",AND(LEN(_xlpm.v)=10,LEFT(_xlpm.v,5)="SAJJG",MID(_xlpm.v,6,1)="A",OR(MID(_xlpm.v,7,1)="E",MID(_xlpm.v,7,1)="F"),_xlpm.emis="D",OR(MID(_xlpm.v,9,1)="3",MID(_xlpm.v,9,1)="4"),OR(_xlpm.my="V",_xlpm.my="W",_xlpm.my="X")),"X100_NORMAL (JDHT)",AND(LEN(_xlpm.v)=10,LEFT(_xlpm.v,5)="SAJJG",OR(MID(_xlpm.v,6,1)="A",MID(_xlpm.v,6,1)="K",MID(_xlpm.v,6,1)="N",MID(_xlpm.v,6,1)="X"),OR(MID(_xlpm.v,7,1)="E",MID(_xlpm.v,7,1)="F"),OR(_xlpm.emis="D",_xlpm.emis="F"),OR(MID(_xlpm.v,9,1)="3",MID(_xlpm.v,9,1)="4"),OR(_xlpm.my="V",_xlpm.my="W",_xlpm.my="X")),"X100_JLM20300",AND(LEN(_xlpm.v)=10,LEFT(_xlpm.v,5)="SAJJG",OR(MID(_xlpm.v,6,1)="N",MID(_xlpm.v,6,1)="S",MID(_xlpm.v,6,1)="X"),OR(MID(_xlpm.v,7,1)="E",MID(_xlpm.v,7,1)="F"),OR(_xlpm.emis="D",_xlpm.emis="F"),OR(MID(_xlpm.v,9,1)="3",MID(_xlpm.v,9,1)="4"),OR(MID(_xlpm.v,10,1)="V",MID(_xlpm.v,10,1)="W",MID(_xlpm.v,10,1)="X")),"X100_JLM20301",AND(LEN(_xlpm.v)=10,LEFT(_xlpm.v,5)="SAJGX",OR(MID(_xlpm.v,6,1)="2",MID(_xlpm.v,6,1)="5"),OR(MID(_xlpm.v,7,1)="1",MID(_xlpm.v,7,1)="2",MID(_xlpm.v,7,1)="7"),MID(_xlpm.v,8,1)="4",OR(MID(_xlpm.v,10,1)="V",MID(_xlpm.v,10,1)="W",MID(_xlpm.v,10,1)="X")),"X100_AMERICAS_UNIQUE (JLM20301_unique)",AND(LEN(_xlpm.v)=10,LEFT(_xlpm.v,3)="SAJ",OR(_xlpm.mkt="A",_xlpm.mkt="B",_xlpm.mkt="F",_xlpm.mkt="G",_xlpm.mkt="X",_xlpm.mkt="P",_xlpm.mkt="R",_xlpm.mkt="T",_xlpm.mkt="Y",_xlpm.mkt="D",_xlpm.mkt="E",_xlpm.mkt="J",_xlpm.mkt="W"),OR(_xlpm.trans="A",_xlpm.trans="B"),OR(_xlpm.body="41",_xlpm.body="42"),IFERROR(AND(CODE(_xlpm.emis)>=65,CODE(_xlpm.emis)<=88),FALSE),OR(_xlpm.my="X",_xlpm.my="Y",_xlpm.my="1",_xlpm.my="2",_xlpm.my="3",_xlpm.my="4",_xlpm.my="5",_xlpm.my="6",_xlpm.my="7",_xlpm.my="8",_xlpm.my="9")),"XK8-XKR_"&IF(_xlpm.body="41","COUPE_","CONVERTIBLE_")&IF(ISNUMBER(FIND(_xlpm.mkt,"DEJW")),"USA",IF(ISNUMBER(FIND(_xlpm.mkt,"BFGX")),"CANADA","MEXICO"))&IF(_xlpm.trans="A","_AUTO_LHD","_MANUAL_LHD")&"_EMISSION_"&_xlpm.emis&IF(_xlpm.my="X","_1999",IF(_xlpm.my="Y","_2000","_200"&_xlpm.my))&"MY",AND(LEN(_xlpm.v)=10,LEFT(_xlpm.v,3)="SAJ",OR(_xlpm.mkt="A",_xlpm.mkt="B",_xlpm.mkt="D",_xlpm.mkt="E",_xlpm.mkt="F",_xlpm.mkt="J",_xlpm.mkt="K",_xlpm.mkt="P",_xlpm.mkt="R",_xlpm.mkt="W",_xlpm.mkt="X",_xlpm.mkt="Y"),OR(_xlpm.trans="A",_xlpm.trans="C"),OR(_xlpm.body="43",_xlpm.body="4D",_xlpm.body="44",_xlpm.body="4E",_xlpm.body="45",_xlpm.body="46",_xlpm.body="47",_xlpm.body="4F",_xlpm.body="4G"),OR(_xlpm.emis="A",_xlpm.emis="B",_xlpm.emis="C",_xlpm.emis="D",_xlpm.emis="E",_xlpm.emis="F",_xlpm.emis="G",_xlpm.emis="K",_xlpm.emis="N",_xlpm.emis="P",_xlpm.emis="R",_xlpm.emis="S",_xlpm.emis="T",_xlpm.emis="U",_xlpm.emis="V",_xlpm.emis="W",_xlpm.emis="X",_xlpm.emis="Y",_xlpm.emis="1",_xlpm.emis="2",_xlpm.emis="3",_xlpm.emis="4"),OR(_xlpm.my="7",_xlpm.my="8",_xlpm.my="9",_xlpm.my="A",_xlpm.my="B",_xlpm.my="C",_xlpm.my="D",_xlpm.my="E")),"X150_"&IF(_xlpm.my="7","2007MY",IF(_xlpm.my="8","2008MY",IF(_xlpm.my="9","2009MY",IF(_xlpm.my="A","2010MY",IF(_xlpm.my="B","2011MY",IF(_xlpm.my="C","2012MY",IF(_xlpm.my="D","2013MY",IF(_xlpm.my="E","2014MY","UNKNOWN_MY"))))))))&"_MARKET_"&_xlpm.mkt&"_TRANS_"&_xlpm.trans&"_BODY_"&_xlpm.body&"_EMISSION_"&_xlpm.emis&"_CHECK_"&MID(_xlpm.v,9,1),TRUE,IF(LEN(_xlpm.v)<>10,"UNKNOWN: [length="&LEN(_xlpm.v)&"]",IF(LEFT(_xlpm.v,3)<>"SAJ","UNKNOWN: [prefix="&LEFT(_xlpm.v,3)&"]",IF(LEFT(_xlpm.v,5)="SAJJG",IF(NOT(OR(MID(_xlpm.v,7,1)="E",MID(_xlpm.v,7,1)="F")),"UNKNOWN: [7="&MID(_xlpm.v,7,1)&"]",IF(NOT(OR(_xlpm.emis="D",_xlpm.emis="F")),"UNKNOWN: [8="&_xlpm.emis&"]",IF(NOT(OR(MID(_xlpm.v,9,1)="3",MID(_xlpm.v,9,1)="4")),"UNKNOWN: [9="&MID(_xlpm.v,9,1)&"]",IF(NOT(OR(_xlpm.my="A",_xlpm.my="V",_xlpm.my="W",_xlpm.my="X")),"UNKNOWN: [10="&_xlpm.my&"]","UNKNOWN")))),IF(LEFT(_xlpm.v,5)="SAJGX",IF(NOT(OR(MID(_xlpm.v,6,1)="2",MID(_xlpm.v,6,1)="5")),"UNKNOWN: [6="&MID(_xlpm.v,6,1)&"]",IF(NOT(OR(MID(_xlpm.v,7,1)="1",MID(_xlpm.v,7,1)="2",MID(_xlpm.v,7,1)="7")),"UNKNOWN: [7="&MID(_xlpm.v,7,1)&"]",IF(MID(_xlpm.v,8,1)<>"4","UNKNOWN: [8="&MID(_xlpm.v,8,1)&"]",IF(NOT(OR(_xlpm.my="V",_xlpm.my="W",_xlpm.my="X")),"UNKNOWN: [10="&_xlpm.my&"]","UNKNOWN")))),IF(NOT(OR(_xlpm.mkt="A",_xlpm.mkt="B",_xlpm.mkt="F",_xlpm.mkt="G",_xlpm.mkt="X",_xlpm.mkt="P",_xlpm.mkt="R",_xlpm.mkt="T",_xlpm.mkt="Y",_xlpm.mkt="D",_xlpm.mkt="E",_xlpm.mkt="J",_xlpm.mkt="W",_xlpm.mkt="K")),"UNKNOWN: [4="&_xlpm.mkt&"]",IF(NOT(OR(_xlpm.trans="A",_xlpm.trans="B",_xlpm.trans="C")),"UNKNOWN: [5="&_xlpm.trans&"]",IF(NOT(OR(_xlpm.body="41",_xlpm.body="42",_xlpm.body="43",_xlpm.body="4D",_xlpm.body="44",_xlpm.body="45",_xlpm.body="46",_xlpm.body="47",_xlpm.body="4F")),"UNKNOWN: [6-7="&_xlpm.body&"]",IF(NOT(ISNUMBER(SEARCH(_xlpm.emis,"ABCDEFGKNPRSTUVWXY1234"))),"UNKNOWN: [8="&_xlpm.emis&"]",IF(NOT(OR(_xlpm.my="X",_xlpm.my="Y",_xlpm.my="1",_xlpm.my="2",_xlpm.my="3",_xlpm.my="4",_xlpm.my="5",_xlpm.my="6",_xlpm.my="7",_xlpm.my="8",_xlpm.my="9",_xlpm.my="A",_xlpm.my="B",_xlpm.my="C",_xlpm.my="D",_xlpm.my="E")),"UNKNOWN: [10="&_xlpm.my&"]","UNKNOWN")))))))))))} -> X100_JLM20300 | D8: {=_xlfn.LET(_xlpm.vin,SUBSTITUTE(CLEAN(TRIM(B8)),CHAR(160),""),_xlpm.rawDate,LEFT(TRIM(E8)&"",8),_xlpm.useDate,IF(RIGHT(_xlpm.rawDate,4)="0000",LEFT(_xlpm.rawDate,4)&"1231",_xlpm.rawDate),_xlpm.bodyCode,MID(_xlpm.vin,6,2),_xlpm.yearCode,MID(_xlpm.vin,10,1),IF(OR(LEN(_xlpm.vin)<>10,LEN(_xlpm.rawDate)<>8),"UNKNOWN",IF(OR(_xlpm.bodyCode="43",_xlpm.bodyCode="4D",_xlpm.bodyCode="44",_xlpm.bodyCode="4E",_xlpm.bodyCode="45",_xlpm.bodyCode="4F",_xlpm.bodyCode="46",_xlpm.bodyCode="4G",_xlpm.bodyCode="47"),_xlfn.SWITCH(_xlpm.yearCode,"6","B00379–B06783","7","B06784–B20074","8","B20075–B27986","9","B27987–B32752","A","B32753–B38853","B","B38854–B44939","C","B44940–B48619","D","B48620–B54164","E","B54165–B56794","F","B56795+","UNKNOWN"),IF(_xlpm.useDate<"19960601","001001–001245",IF(_xlpm.useDate<"19970101","001246–008106",IF(_xlpm.useDate<"19970801","008107–018107",IF(_xlpm.useDate<"19980101","018108–023017",IF(_xlpm.useDate<"19980201","023018–024686",IF(_xlpm.useDate<"19980801","024687–031302",IF(_xlpm.useDate<"19990801","031303–036193",IF(_xlpm.useDate<"20010101","036194–042775",IF(OR(_xlpm.bodyCode="41",_xlpm.bodyCode="42"),_xlfn.SWITCH(_xlpm.yearCode,"Y","A00001–A11050","1","A11051–A22928","2","A22929–A30644","3","A30645–A36873","4","A36874–A42347","5","A42348–A48684","UNKNOWN"),"UNKNOWN"))))))))))))} -> 018108–023017 | E8: ='Ajoneuvorekisteri-Parse Modern '!G84 -> 19970000 | F8: =LEFT(Table34[[#This Row],[Käyttöönotto]],4) -> 1997 | G8: ='Ajoneuvorekisteri-Parse Modern '!AA84 -> XK8 Avoauto (AE) 2ov 3990cm3 A | H8: =Ajoneuvorekisteri_Parse_Modern_XK_Range_TieliikenneAvoinData_30_06_2026_csv[[#This Row],[tyyppihyvaksyntanro]] -> e11*95/54*0061*04 | I8: ='Ajoneuvorekisteri-Parse Modern '!M84 -> 1825 | J8: =IF(AND( OR( ISNUMBER(SEARCH("XK ", G8)), ISNUMBER(SEARCH("XK8", G8)) ), F8 > 2005 ), 1, 0) -> 1 | K8: =IF(OR( ISNUMBER(SEARCH("XKR", G8)), ), 1, 0) -> 0 | L8: =IF(OR( ISNUMBER(SEARCH("COUPE", G8)), ISNUMBER(SEARCH("COUPÉ", G8)), ISNUMBER(SEARCH("COUP�", G8)) ), 1, 0) -> 0 | M8: =IF(OR( ISNUMBER(SEARCH("CONVERTIBLE",G8)), ISNUMBER(SEARCH("AVOAUTO",G8)), ISNUMBER(SEARCH("AVO",G8)), ISNUMBER(SEARCH("CABRIO",G8)) ),1,0) -> 1 | N8: =IF(AND(Table34[[#This Row],[Coupe]]<>1, Table34[[#This Row],[Convertible]]<>1), 1, 0) -> 0 | O8: =IF(L8=1, "Coupe", IF(M8=1, "Convertible", "Unknown")) -> Convertible
A9: ='Ajoneuvorekisteri-Parse Modern '!AO95 -> 2191738 | B9: ='Ajoneuvorekisteri-Parse Modern '!AN95 -> SAJGX2747V | C9: {=_xlfn.LET(_xlpm.v,UPPER(SUBSTITUTE(CLEAN(TRIM(B9)),CHAR(160),"")),_xlpm.mkt,MID(_xlpm.v,4,1),_xlpm.trans,MID(_xlpm.v,5,1),_xlpm.body,MID(_xlpm.v,6,2),_xlpm.emis,MID(_xlpm.v,8,1),_xlpm.my,MID(_xlpm.v,10,1),_xlfn.IFS(AND(LEN(_xlpm.v)=10,LEFT(_xlpm.v,5)="SAJJG",OR(MID(_xlpm.v,7,1)="E",MID(_xlpm.v,7,1)="F"),OR(_xlpm.emis="D",_xlpm.emis="F"),OR(MID(_xlpm.v,9,1)="3",MID(_xlpm.v,9,1)="4"),_xlpm.my="A"),"X100_EARLY_NORMAL_AR (JDHT)",AND(LEN(_xlpm.v)=10,LEFT(_xlpm.v,5)="SAJJG",MID(_xlpm.v,6,1)="A",OR(MID(_xlpm.v,7,1)="E",MID(_xlpm.v,7,1)="F"),_xlpm.emis="D",OR(MID(_xlpm.v,9,1)="3",MID(_xlpm.v,9,1)="4"),OR(_xlpm.my="V",_xlpm.my="W",_xlpm.my="X")),"X100_NORMAL (JDHT)",AND(LEN(_xlpm.v)=10,LEFT(_xlpm.v,5)="SAJJG",OR(MID(_xlpm.v,6,1)="A",MID(_xlpm.v,6,1)="K",MID(_xlpm.v,6,1)="N",MID(_xlpm.v,6,1)="X"),OR(MID(_xlpm.v,7,1)="E",MID(_xlpm.v,7,1)="F"),OR(_xlpm.emis="D",_xlpm.emis="F"),OR(MID(_xlpm.v,9,1)="3",MID(_xlpm.v,9,1)="4"),OR(_xlpm.my="V",_xlpm.my="W",_xlpm.my="X")),"X100_JLM20300",AND(LEN(_xlpm.v)=10,LEFT(_xlpm.v,5)="SAJJG",OR(MID(_xlpm.v,6,1)="N",MID(_xlpm.v,6,1)="S",MID(_xlpm.v,6,1)="X"),OR(MID(_xlpm.v,7,1)="E",MID(_xlpm.v,7,1)="F"),OR(_xlpm.emis="D",_xlpm.emis="F"),OR(MID(_xlpm.v,9,1)="3",MID(_xlpm.v,9,1)="4"),OR(MID(_xlpm.v,10,1)="V",MID(_xlpm.v,10,1)="W",MID(_xlpm.v,10,1)="X")),"X100_JLM20301",AND(LEN(_xlpm.v)=10,LEFT(_xlpm.v,5)="SAJGX",OR(MID(_xlpm.v,6,1)="2",MID(_xlpm.v,6,1)="5"),OR(MID(_xlpm.v,7,1)="1",MID(_xlpm.v,7,1)="2",MID(_xlpm.v,7,1)="7"),MID(_xlpm.v,8,1)="4",OR(MID(_xlpm.v,10,1)="V",MID(_xlpm.v,10,1)="W",MID(_xlpm.v,10,1)="X")),"X100_AMERICAS_UNIQUE (JLM20301_unique)",AND(LEN(_xlpm.v)=10,LEFT(_xlpm.v,3)="SAJ",OR(_xlpm.mkt="A",_xlpm.mkt="B",_xlpm.mkt="F",_xlpm.mkt="G",_xlpm.mkt="X",_xlpm.mkt="P",_xlpm.mkt="R",_xlpm.mkt="T",_xlpm.mkt="Y",_xlpm.mkt="D",_xlpm.mkt="E",_xlpm.mkt="J",_xlpm.mkt="W"),OR(_xlpm.trans="A",_xlpm.trans="B"),OR(_xlpm.body="41",_xlpm.body="42"),IFERROR(AND(CODE(_xlpm.emis)>=65,CODE(_xlpm.emis)<=88),FALSE),OR(_xlpm.my="X",_xlpm.my="Y",_xlpm.my="1",_xlpm.my="2",_xlpm.my="3",_xlpm.my="4",_xlpm.my="5",_xlpm.my="6",_xlpm.my="7",_xlpm.my="8",_xlpm.my="9")),"XK8-XKR_"&IF(_xlpm.body="41","COUPE_","CONVERTIBLE_")&IF(ISNUMBER(FIND(_xlpm.mkt,"DEJW")),"USA",IF(ISNUMBER(FIND(_xlpm.mkt,"BFGX")),"CANADA","MEXICO"))&IF(_xlpm.trans="A","_AUTO_LHD","_MANUAL_LHD")&"_EMISSION_"&_xlpm.emis&IF(_xlpm.my="X","_1999",IF(_xlpm.my="Y","_2000","_200"&_xlpm.my))&"MY",AND(LEN(_xlpm.v)=10,LEFT(_xlpm.v,3)="SAJ",OR(_xlpm.mkt="A",_xlpm.mkt="B",_xlpm.mkt="D",_xlpm.mkt="E",_xlpm.mkt="F",_xlpm.mkt="J",_xlpm.mkt="K",_xlpm.mkt="P",_xlpm.mkt="R",_xlpm.mkt="W",_xlpm.mkt="X",_xlpm.mkt="Y"),OR(_xlpm.trans="A",_xlpm.trans="C"),OR(_xlpm.body="43",_xlpm.body="4D",_xlpm.body="44",_xlpm.body="4E",_xlpm.body="45",_xlpm.body="46",_xlpm.body="47",_xlpm.body="4F",_xlpm.body="4G"),OR(_xlpm.emis="A",_xlpm.emis="B",_xlpm.emis="C",_xlpm.emis="D",_xlpm.emis="E",_xlpm.emis="F",_xlpm.emis="G",_xlpm.emis="K",_xlpm.emis="N",_xlpm.emis="P",_xlpm.emis="R",_xlpm.emis="S",_xlpm.emis="T",_xlpm.emis="U",_xlpm.emis="V",_xlpm.emis="W",_xlpm.emis="X",_xlpm.emis="Y",_xlpm.emis="1",_xlpm.emis="2",_xlpm.emis="3",_xlpm.emis="4"),OR(_xlpm.my="7",_xlpm.my="8",_xlpm.my="9",_xlpm.my="A",_xlpm.my="B",_xlpm.my="C",_xlpm.my="D",_xlpm.my="E")),"X150_"&IF(_xlpm.my="7","2007MY",IF(_xlpm.my="8","2008MY",IF(_xlpm.my="9","2009MY",IF(_xlpm.my="A","2010MY",IF(_xlpm.my="B","2011MY",IF(_xlpm.my="C","2012MY",IF(_xlpm.my="D","2013MY",IF(_xlpm.my="E","2014MY","UNKNOWN_MY"))))))))&"_MARKET_"&_xlpm.mkt&"_TRANS_"&_xlpm.trans&"_BODY_"&_xlpm.body&"_EMISSION_"&_xlpm.emis&"_CHECK_"&MID(_xlpm.v,9,1),TRUE,IF(LEN(_xlpm.v)<>10,"UNKNOWN: [length="&LEN(_xlpm.v)&"]",IF(LEFT(_xlpm.v,3)<>"SAJ","UNKNOWN: [prefix="&LEFT(_xlpm.v,3)&"]",IF(LEFT(_xlpm.v,5)="SAJJG",IF(NOT(OR(MID(_xlpm.v,7,1)="E",MID(_xlpm.v,7,1)="F")),"UNKNOWN: [7="&MID(_xlpm.v,7,1)&"]",IF(NOT(OR(_xlpm.emis="D",_xlpm.emis="F")),"UNKNOWN: [8="&_xlpm.emis&"]",IF(NOT(OR(MID(_xlpm.v,9,1)="3",MID(_xlpm.v,9,1)="4")),"UNKNOWN: [9="&MID(_xlpm.v,9,1)&"]",IF(NOT(OR(_xlpm.my="A",_xlpm.my="V",_xlpm.my="W",_xlpm.my="X")),"UNKNOWN: [10="&_xlpm.my&"]","UNKNOWN")))),IF(LEFT(_xlpm.v,5)="SAJGX",IF(NOT(OR(MID(_xlpm.v,6,1)="2",MID(_xlpm.v,6,1)="5")),"UNKNOWN: [6="&MID(_xlpm.v,6,1)&"]",IF(NOT(OR(MID(_xlpm.v,7,1)="1",MID(_xlpm.v,7,1)="2",MID(_xlpm.v,7,1)="7")),"UNKNOWN: [7="&MID(_xlpm.v,7,1)&"]",IF(MID(_xlpm.v,8,1)<>"4","UNKNOWN: [8="&MID(_xlpm.v,8,1)&"]",IF(NOT(OR(_xlpm.my="V",_xlpm.my="W",_xlpm.my="X")),"UNKNOWN: [10="&_xlpm.my&"]","UNKNOWN")))),IF(NOT(OR(_xlpm.mkt="A",_xlpm.mkt="B",_xlpm.mkt="F",_xlpm.mkt="G",_xlpm.mkt="X",_xlpm.mkt="P",_xlpm.mkt="R",_xlpm.mkt="T",_xlpm.mkt="Y",_xlpm.mkt="D",_xlpm.mkt="E",_xlpm.mkt="J",_xlpm.mkt="W",_xlpm.mkt="K")),"UNKNOWN: [4="&_xlpm.mkt&"]",IF(NOT(OR(_xlpm.trans="A",_xlpm.trans="B",_xlpm.trans="C")),"UNKNOWN: [5="&_xlpm.trans&"]",IF(NOT(OR(_xlpm.body="41",_xlpm.body="42",_xlpm.body="43",_xlpm.body="4D",_xlpm.body="44",_xlpm.body="45",_xlpm.body="46",_xlpm.body="47",_xlpm.body="4F")),"UNKNOWN: [6-7="&_xlpm.body&"]",IF(NOT(ISNUMBER(SEARCH(_xlpm.emis,"ABCDEFGKNPRSTUVWXY1234"))),"UNKNOWN: [8="&_xlpm.emis&"]",IF(NOT(OR(_xlpm.my="X",_xlpm.my="Y",_xlpm.my="1",_xlpm.my="2",_xlpm.my="3",_xlpm.my="4",_xlpm.my="5",_xlpm.my="6",_xlpm.my="7",_xlpm.my="8",_xlpm.my="9",_xlpm.my="A",_xlpm.my="B",_xlpm.my="C",_xlpm.my="D",_xlpm.my="E")),"UNKNOWN: [10="&_xlpm.my&"]","UNKNOWN")))))))))))} -> X100_AMERICAS_UNIQUE (JLM20301_unique) | D9: {=_xlfn.LET(_xlpm.vin,SUBSTITUTE(CLEAN(TRIM(B9)),CHAR(160),""),_xlpm.rawDate,LEFT(TRIM(E9)&"",8),_xlpm.useDate,IF(RIGHT(_xlpm.rawDate,4)="0000",LEFT(_xlpm.rawDate,4)&"1231",_xlpm.rawDate),_xlpm.bodyCode,MID(_xlpm.vin,6,2),_xlpm.yearCode,MID(_xlpm.vin,10,1),IF(OR(LEN(_xlpm.vin)<>10,LEN(_xlpm.rawDate)<>8),"UNKNOWN",IF(OR(_xlpm.bodyCode="43",_xlpm.bodyCode="4D",_xlpm.bodyCode="44",_xlpm.bodyCode="4E",_xlpm.bodyCode="45",_xlpm.bodyCode="4F",_xlpm.bodyCode="46",_xlpm.bodyCode="4G",_xlpm.bodyCode="47"),_xlfn.SWITCH(_xlpm.yearCode,"6","B00379–B06783","7","B06784–B20074","8","B20075–B27986","9","B27987–B32752","A","B32753–B38853","B","B38854–B44939","C","B44940–B48619","D","B48620–B54164","E","B54165–B56794","F","B56795+","UNKNOWN"),IF(_xlpm.useDate<"19960601","001001–001245",IF(_xlpm.useDate<"19970101","001246–008106",IF(_xlpm.useDate<"19970801","008107–018107",IF(_xlpm.useDate<"19980101","018108–023017",IF(_xlpm.useDate<"19980201","023018–024686",IF(_xlpm.useDate<"19980801","024687–031302",IF(_xlpm.useDate<"19990801","031303–036193",IF(_xlpm.useDate<"20010101","036194–042775",IF(OR(_xlpm.bodyCode="41",_xlpm.bodyCode="42"),_xlfn.SWITCH(_xlpm.yearCode,"Y","A00001–A11050","1","A11051–A22928","2","A22929–A30644","3","A30645–A36873","4","A36874–A42347","5","A42348–A48684","UNKNOWN"),"UNKNOWN"))))))))))))} -> 018108–023017 | E9: ='Ajoneuvorekisteri-Parse Modern '!G95 -> 19970000 | F9: =LEFT(Table34[[#This Row],[Käyttöönotto]],4) -> 1997 | G9: ='Ajoneuvorekisteri-Parse Modern '!AA95 -> XK8 2ov 3990cm3 A | H9: =Ajoneuvorekisteri_Parse_Modern_XK_Range_TieliikenneAvoinData_30_06_2026_csv[[#This Row],[tyyppihyvaksyntanro]] -> e11*95/54*0061*03 | I9: ='Ajoneuvorekisteri-Parse Modern '!M95 -> 1778 | J9: =IF(AND( OR( ISNUMBER(SEARCH("XK ", G9)), ISNUMBER(SEARCH("XK8", G9)) ), F9 > 2005 ), 1, 0) -> 1 | K9: =IF(OR( ISNUMBER(SEARCH("XKR", G9)), ), 1, 0) -> 0 | L9: =IF(OR( ISNUMBER(SEARCH("COUPE", G9)), ISNUMBER(SEARCH("COUPÉ", G9)), ISNUMBER(SEARCH("COUP�", G9)) ), 1, 0) -> 0 | M9: =IF(OR( ISNUMBER(SEARCH("CONVERTIBLE",G9)), ISNUMBER(SEARCH("AVOAUTO",G9)), ISNUMBER(SEARCH("AVO",G9)), ISNUMBER(SEARCH("CABRIO",G9)) ),1,0) -> 0 | N9: =IF(AND(Table34[[#This Row],[Coupe]]<>1, Table34[[#This Row],[Convertible]]<>1), 1, 0) -> 1 | O9: =IF(L9=1, "Coupe", IF(M9=1, "Convertible", "Unknown")) -> Unknown
A10: ='Ajoneuvorekisteri-Parse Modern '!AO165 -> 2874333 | B10: ='Ajoneuvorekisteri-Parse Modern '!AN165 -> SAJGX5747V | C10: {=_xlfn.LET(_xlpm.v,UPPER(SUBSTITUTE(CLEAN(TRIM(B10)),CHAR(160),"")),_xlpm.mkt,MID(_xlpm.v,4,1),_xlpm.trans,MID(_xlpm.v,5,1),_xlpm.body,MID(_xlpm.v,6,2),_xlpm.emis,MID(_xlpm.v,8,1),_xlpm.my,MID(_xlpm.v,10,1),_xlfn.IFS(AND(LEN(_xlpm.v)=10,LEFT(_xlpm.v,5)="SAJJG",OR(MID(_xlpm.v,7,1)="E",MID(_xlpm.v,7,1)="F"),OR(_xlpm.emis="D",_xlpm.emis="F"),OR(MID(_xlpm.v,9,1)="3",MID(_xlpm.v,9,1)="4"),_xlpm.my="A"),"X100_EARLY_NORMAL_AR (JDHT)",AND(LEN(_xlpm.v)=10,LEFT(_xlpm.v,5)="SAJJG",MID(_xlpm.v,6,1)="A",OR(MID(_xlpm.v,7,1)="E",MID(_xlpm.v,7,1)="F"),_xlpm.emis="D",OR(MID(_xlpm.v,9,1)="3",MID(_xlpm.v,9,1)="4"),OR(_xlpm.my="V",_xlpm.my="W",_xlpm.my="X")),"X100_NORMAL (JDHT)",AND(LEN(_xlpm.v)=10,LEFT(_xlpm.v,5)="SAJJG",OR(MID(_xlpm.v,6,1)="A",MID(_xlpm.v,6,1)="K",MID(_xlpm.v,6,1)="N",MID(_xlpm.v,6,1)="X"),OR(MID(_xlpm.v,7,1)="E",MID(_xlpm.v,7,1)="F"),OR(_xlpm.emis="D",_xlpm.emis="F"),OR(MID(_xlpm.v,9,1)="3",MID(_xlpm.v,9,1)="4"),OR(_xlpm.my="V",_xlpm.my="W",_xlpm.my="X")),"X100_JLM20300",AND(LEN(_xlpm.v)=10,LEFT(_xlpm.v,5)="SAJJG",OR(MID(_xlpm.v,6,1)="N",MID(_xlpm.v,6,1)="S",MID(_xlpm.v,6,1)="X"),OR(MID(_xlpm.v,7,1)="E",MID(_xlpm.v,7,1)="F"),OR(_xlpm.emis="D",_xlpm.emis="F"),OR(MID(_xlpm.v,9,1)="3",MID(_xlpm.v,9,1)="4"),OR(MID(_xlpm.v,10,1)="V",MID(_xlpm.v,10,1)="W",MID(_xlpm.v,10,1)="X")),"X100_JLM20301",AND(LEN(_xlpm.v)=10,LEFT(_xlpm.v,5)="SAJGX",OR(MID(_xlpm.v,6,1)="2",MID(_xlpm.v,6,1)="5"),OR(MID(_xlpm.v,7,1)="1",MID(_xlpm.v,7,1)="2",MID(_xlpm.v,7,1)="7"),MID(_xlpm.v,8,1)="4",OR(MID(_xlpm.v,10,1)="V",MID(_xlpm.v,10,1)="W",MID(_xlpm.v,10,1)="X")),"X100_AMERICAS_UNIQUE (JLM20301_unique)",AND(LEN(_xlpm.v)=10,LEFT(_xlpm.v,3)="SAJ",OR(_xlpm.mkt="A",_xlpm.mkt="B",_xlpm.mkt="F",_xlpm.mkt="G",_xlpm.mkt="X",_xlpm.mkt="P",_xlpm.mkt="R",_xlpm.mkt="T",_xlpm.mkt="Y",_xlpm.mkt="D",_xlpm.mkt="E",_xlpm.mkt="J",_xlpm.mkt="W"),OR(_xlpm.trans="A",_xlpm.trans="B"),OR(_xlpm.body="41",_xlpm.body="42"),IFERROR(AND(CODE(_xlpm.emis)>=65,CODE(_xlpm.emis)<=88),FALSE),OR(_xlpm.my="X",_xlpm.my="Y",_xlpm.my="1",_xlpm.my="2",_xlpm.my="3",_xlpm.my="4",_xlpm.my="5",_xlpm.my="6",_xlpm.my="7",_xlpm.my="8",_xlpm.my="9")),"XK8-XKR_"&IF(_xlpm.body="41","COUPE_","CONVERTIBLE_")&IF(ISNUMBER(FIND(_xlpm.mkt,"DEJW")),"USA",IF(ISNUMBER(FIND(_xlpm.mkt,"BFGX")),"CANADA","MEXICO"))&IF(_xlpm.trans="A","_AUTO_LHD","_MANUAL_LHD")&"_EMISSION_"&_xlpm.emis&IF(_xlpm.my="X","_1999",IF(_xlpm.my="Y","_2000","_200"&_xlpm.my))&"MY",AND(LEN(_xlpm.v)=10,LEFT(_xlpm.v,3)="SAJ",OR(_xlpm.mkt="A",_xlpm.mkt="B",_xlpm.mkt="D",_xlpm.mkt="E",_xlpm.mkt="F",_xlpm.mkt="J",_xlpm.mkt="K",_xlpm.mkt="P",_xlpm.mkt="R",_xlpm.mkt="W",_xlpm.mkt="X",_xlpm.mkt="Y"),OR(_xlpm.trans="A",_xlpm.trans="C"),OR(_xlpm.body="43",_xlpm.body="4D",_xlpm.body="44",_xlpm.body="4E",_xlpm.body="45",_xlpm.body="46",_xlpm.body="47",_xlpm.body="4F",_xlpm.body="4G"),OR(_xlpm.emis="A",_xlpm.emis="B",_xlpm.emis="C",_xlpm.emis="D",_xlpm.emis="E",_xlpm.emis="F",_xlpm.emis="G",_xlpm.emis="K",_xlpm.emis="N",_xlpm.emis="P",_xlpm.emis="R",_xlpm.emis="S",_xlpm.emis="T",_xlpm.emis="U",_xlpm.emis="V",_xlpm.emis="W",_xlpm.emis="X",_xlpm.emis="Y",_xlpm.emis="1",_xlpm.emis="2",_xlpm.emis="3",_xlpm.emis="4"),OR(_xlpm.my="7",_xlpm.my="8",_xlpm.my="9",_xlpm.my="A",_xlpm.my="B",_xlpm.my="C",_xlpm.my="D",_xlpm.my="E")),"X150_"&IF(_xlpm.my="7","2007MY",IF(_xlpm.my="8","2008MY",IF(_xlpm.my="9","2009MY",IF(_xlpm.my="A","2010MY",IF(_xlpm.my="B","2011MY",IF(_xlpm.my="C","2012MY",IF(_xlpm.my="D","2013MY",IF(_xlpm.my="E","2014MY","UNKNOWN_MY"))))))))&"_MARKET_"&_xlpm.mkt&"_TRANS_"&_xlpm.trans&"_BODY_"&_xlpm.body&"_EMISSION_"&_xlpm.emis&"_CHECK_"&MID(_xlpm.v,9,1),TRUE,IF(LEN(_xlpm.v)<>10,"UNKNOWN: [length="&LEN(_xlpm.v)&"]",IF(LEFT(_xlpm.v,3)<>"SAJ","UNKNOWN: [prefix="&LEFT(_xlpm.v,3)&"]",IF(LEFT(_xlpm.v,5)="SAJJG",IF(NOT(OR(MID(_xlpm.v,7,1)="E",MID(_xlpm.v,7,1)="F")),"UNKNOWN: [7="&MID(_xlpm.v,7,1)&"]",IF(NOT(OR(_xlpm.emis="D",_xlpm.emis="F")),"UNKNOWN: [8="&_xlpm.emis&"]",IF(NOT(OR(MID(_xlpm.v,9,1)="3",MID(_xlpm.v,9,1)="4")),"UNKNOWN: [9="&MID(_xlpm.v,9,1)&"]",IF(NOT(OR(_xlpm.my="A",_xlpm.my="V",_xlpm.my="W",_xlpm.my="X")),"UNKNOWN: [10="&_xlpm.my&"]","UNKNOWN")))),IF(LEFT(_xlpm.v,5)="SAJGX",IF(NOT(OR(MID(_xlpm.v,6,1)="2",MID(_xlpm.v,6,1)="5")),"UNKNOWN: [6="&MID(_xlpm.v,6,1)&"]",IF(NOT(OR(MID(_xlpm.v,7,1)="1",MID(_xlpm.v,7,1)="2",MID(_xlpm.v,7,1)="7")),"UNKNOWN: [7="&MID(_xlpm.v,7,1)&"]",IF(MID(_xlpm.v,8,1)<>"4","UNKNOWN: [8="&MID(_xlpm.v,8,1)&"]",IF(NOT(OR(_xlpm.my="V",_xlpm.my="W",_xlpm.my="X")),"UNKNOWN: [10="&_xlpm.my&"]","UNKNOWN")))),IF(NOT(OR(_xlpm.mkt="A",_xlpm.mkt="B",_xlpm.mkt="F",_xlpm.mkt="G",_xlpm.mkt="X",_xlpm.mkt="P",_xlpm.mkt="R",_xlpm.mkt="T",_xlpm.mkt="Y",_xlpm.mkt="D",_xlpm.mkt="E",_xlpm.mkt="J",_xlpm.mkt="W",_xlpm.mkt="K")),"UNKNOWN: [4="&_xlpm.mkt&"]",IF(NOT(OR(_xlpm.trans="A",_xlpm.trans="B",_xlpm.trans="C")),"UNKNOWN: [5="&_xlpm.trans&"]",IF(NOT(OR(_xlpm.body="41",_xlpm.body="42",_xlpm.body="43",_xlpm.body="4D",_xlpm.body="44",_xlpm.body="45",_xlpm.body="46",_xlpm.body="47",_xlpm.body="4F")),"UNKNOWN: [6-7="&_xlpm.body&"]",IF(NOT(ISNUMBER(SEARCH(_xlpm.emis,"ABCDEFGKNPRSTUVWXY1234"))),"UNKNOWN: [8="&_xlpm.emis&"]",IF(NOT(OR(_xlpm.my="X",_xlpm.my="Y",_xlpm.my="1",_xlpm.my="2",_xlpm.my="3",_xlpm.my="4",_xlpm.my="5",_xlpm.my="6",_xlpm.my="7",_xlpm.my="8",_xlpm.my="9",_xlpm.my="A",_xlpm.my="B",_xlpm.my="C",_xlpm.my="D",_xlpm.my="E")),"UNKNOWN: [10="&_xlpm.my&"]","UNKNOWN")))))))))))} -> X100_AMERICAS_UNIQUE (JLM20301_unique) | D10: {=_xlfn.LET(_xlpm.vin,SUBSTITUTE(CLEAN(TRIM(B10)),CHAR(160),""),_xlpm.rawDate,LEFT(TRIM(E10)&"",8),_xlpm.useDate,IF(RIGHT(_xlpm.rawDate,4)="0000",LEFT(_xlpm.rawDate,4)&"1231",_xlpm.rawDate),_xlpm.bodyCode,MID(_xlpm.vin,6,2),_xlpm.yearCode,MID(_xlpm.vin,10,1),IF(OR(LEN(_xlpm.vin)<>10,LEN(_xlpm.rawDate)<>8),"UNKNOWN",IF(OR(_xlpm.bodyCode="43",_xlpm.bodyCode="4D",_xlpm.bodyCode="44",_xlpm.bodyCode="4E",_xlpm.bodyCode="45",_xlpm.bodyCode="4F",_xlpm.bodyCode="46",_xlpm.bodyCode="4G",_xlpm.bodyCode="47"),_xlfn.SWITCH(_xlpm.yearCode,"6","B00379–B06783","7","B06784–B20074","8","B20075–B27986","9","B27987–B32752","A","B32753–B38853","B","B38854–B44939","C","B44940–B48619","D","B48620–B54164","E","B54165–B56794","F","B56795+","UNKNOWN"),IF(_xlpm.useDate<"19960601","001001–001245",IF(_xlpm.useDate<"19970101","001246–008106",IF(_xlpm.useDate<"19970801","008107–018107",IF(_xlpm.useDate<"19980101","018108–023017",IF(_xlpm.useDate<"19980201","023018–024686",IF(_xlpm.useDate<"19980801","024687–031302",IF(_xlpm.useDate<"19990801","031303–036193",IF(_xlpm.useDate<"20010101","036194–042775",IF(OR(_xlpm.bodyCode="41",_xlpm.bodyCode="42"),_xlfn.SWITCH(_xlpm.yearCode,"Y","A00001–A11050","1","A11051–A22928","2","A22929–A30644","3","A30645–A36873","4","A36874–A42347","5","A42348–A48684","UNKNOWN"),"UNKNOWN"))))))))))))} -> 018108–023017 | E10: ='Ajoneuvorekisteri-Parse Modern '!G165 -> 19970000 | F10: =LEFT(Table34[[#This Row],[Käyttöönotto]],4) -> 1997 | G10: ='Ajoneuvorekisteri-Parse Modern '!AA165 -> XK8 Coup� (AD) 2ov 3996cm3 A | H10: =Ajoneuvorekisteri_Parse_Modern_XK_Range_TieliikenneAvoinData_30_06_2026_csv[[#This Row],[tyyppihyvaksyntanro]] -> e11*95/54*0061*00 | I10: ='Ajoneuvorekisteri-Parse Modern '!M165 -> 1680 | J10: =IF(AND( OR( ISNUMBER(SEARCH("XK ", G10)), ISNUMBER(SEARCH("XK8", G10)) ), F10 > 2005 ), 1, 0) -> 1 | K10: =IF(OR( ISNUMBER(SEARCH("XKR", G10)), ), 1, 0) -> 0 | L10: =IF(OR( ISNUMBER(SEARCH("COUPE", G10)), ISNUMBER(SEARCH("COUPÉ", G10)), ISNUMBER(SEARCH("COUP�", G10)) ), 1, 0) -> 1 | M10: =IF(OR( ISNUMBER(SEARCH("CONVERTIBLE",G10)), ISNUMBER(SEARCH("AVOAUTO",G10)), ISNUMBER(SEARCH("AVO",G10)), ISNUMBER(SEARCH("CABRIO",G10)) ),1,0) -> 0 | N10: =IF(AND(Table34[[#This Row],[Coupe]]<>1, Table34[[#This Row],[Convertible]]<>1), 1, 0) -> 0 | O10: =IF(L10=1, "Coupe", IF(M10=1, "Convertible", "Unknown")) -> Coupe
A11: ='Ajoneuvorekisteri-Parse Modern '!AO200 -> 3359561 | B11: ='Ajoneuvorekisteri-Parse Modern '!AN200 -> SAJGX2748V | C11: {=_xlfn.LET(_xlpm.v,UPPER(SUBSTITUTE(CLEAN(TRIM(B11)),CHAR(160),"")),_xlpm.mkt,MID(_xlpm.v,4,1),_xlpm.trans,MID(_xlpm.v,5,1),_xlpm.body,MID(_xlpm.v,6,2),_xlpm.emis,MID(_xlpm.v,8,1),_xlpm.my,MID(_xlpm.v,10,1),_xlfn.IFS(AND(LEN(_xlpm.v)=10,LEFT(_xlpm.v,5)="SAJJG",OR(MID(_xlpm.v,7,1)="E",MID(_xlpm.v,7,1)="F"),OR(_xlpm.emis="D",_xlpm.emis="F"),OR(MID(_xlpm.v,9,1)="3",MID(_xlpm.v,9,1)="4"),_xlpm.my="A"),"X100_EARLY_NORMAL_AR (JDHT)",AND(LEN(_xlpm.v)=10,LEFT(_xlpm.v,5)="SAJJG",MID(_xlpm.v,6,1)="A",OR(MID(_xlpm.v,7,1)="E",MID(_xlpm.v,7,1)="F"),_xlpm.emis="D",OR(MID(_xlpm.v,9,1)="3",MID(_xlpm.v,9,1)="4"),OR(_xlpm.my="V",_xlpm.my="W",_xlpm.my="X")),"X100_NORMAL (JDHT)",AND(LEN(_xlpm.v)=10,LEFT(_xlpm.v,5)="SAJJG",OR(MID(_xlpm.v,6,1)="A",MID(_xlpm.v,6,1)="K",MID(_xlpm.v,6,1)="N",MID(_xlpm.v,6,1)="X"),OR(MID(_xlpm.v,7,1)="E",MID(_xlpm.v,7,1)="F"),OR(_xlpm.emis="D",_xlpm.emis="F"),OR(MID(_xlpm.v,9,1)="3",MID(_xlpm.v,9,1)="4"),OR(_xlpm.my="V",_xlpm.my="W",_xlpm.my="X")),"X100_JLM20300",AND(LEN(_xlpm.v)=10,LEFT(_xlpm.v,5)="SAJJG",OR(MID(_xlpm.v,6,1)="N",MID(_xlpm.v,6,1)="S",MID(_xlpm.v,6,1)="X"),OR(MID(_xlpm.v,7,1)="E",MID(_xlpm.v,7,1)="F"),OR(_xlpm.emis="D",_xlpm.emis="F"),OR(MID(_xlpm.v,9,1)="3",MID(_xlpm.v,9,1)="4"),OR(MID(_xlpm.v,10,1)="V",MID(_xlpm.v,10,1)="W",MID(_xlpm.v,10,1)="X")),"X100_JLM20301",AND(LEN(_xlpm.v)=10,LEFT(_xlpm.v,5)="SAJGX",OR(MID(_xlpm.v,6,1)="2",MID(_xlpm.v,6,1)="5"),OR(MID(_xlpm.v,7,1)="1",MID(_xlpm.v,7,1)="2",MID(_xlpm.v,7,1)="7"),MID(_xlpm.v,8,1)="4",OR(MID(_xlpm.v,10,1)="V",MID(_xlpm.v,10,1)="W",MID(_xlpm.v,10,1)="X")),"X100_AMERICAS_UNIQUE (JLM20301_unique)",AND(LEN(_xlpm.v)=10,LEFT(_xlpm.v,3)="SAJ",OR(_xlpm.mkt="A",_xlpm.mkt="B",_xlpm.mkt="F",_xlpm.mkt="G",_xlpm.mkt="X",_xlpm.mkt="P",_xlpm.mkt="R",_xlpm.mkt="T",_xlpm.mkt="Y",_xlpm.mkt="D",_xlpm.mkt="E",_xlpm.mkt="J",_xlpm.mkt="W"),OR(_xlpm.trans="A",_xlpm.trans="B"),OR(_xlpm.body="41",_xlpm.body="42"),IFERROR(AND(CODE(_xlpm.emis)>=65,CODE(_xlpm.emis)<=88),FALSE),OR(_xlpm.my="X",_xlpm.my="Y",_xlpm.my="1",_xlpm.my="2",_xlpm.my="3",_xlpm.my="4",_xlpm.my="5",_xlpm.my="6",_xlpm.my="7",_xlpm.my="8",_xlpm.my="9")),"XK8-XKR_"&IF(_xlpm.body="41","COUPE_","CONVERTIBLE_")&IF(ISNUMBER(FIND(_xlpm.mkt,"DEJW")),"USA",IF(ISNUMBER(FIND(_xlpm.mkt,"BFGX")),"CANADA","MEXICO"))&IF(_xlpm.trans="A","_AUTO_LHD","_MANUAL_LHD")&"_EMISSION_"&_xlpm.emis&IF(_xlpm.my="X","_1999",IF(_xlpm.my="Y","_2000","_200"&_xlpm.my))&"MY",AND(LEN(_xlpm.v)=10,LEFT(_xlpm.v,3)="SAJ",OR(_xlpm.mkt="A",_xlpm.mkt="B",_xlpm.mkt="D",_xlpm.mkt="E",_xlpm.mkt="F",_xlpm.mkt="J",_xlpm.mkt="K",_xlpm.mkt="P",_xlpm.mkt="R",_xlpm.mkt="W",_xlpm.mkt="X",_xlpm.mkt="Y"),OR(_xlpm.trans="A",_xlpm.trans="C"),OR(_xlpm.body="43",_xlpm.body="4D",_xlpm.body="44",_xlpm.body="4E",_xlpm.body="45",_xlpm.body="46",_xlpm.body="47",_xlpm.body="4F",_xlpm.body="4G"),OR(_xlpm.emis="A",_xlpm.emis="B",_xlpm.emis="C",_xlpm.emis="D",_xlpm.emis="E",_xlpm.emis="F",_xlpm.emis="G",_xlpm.emis="K",_xlpm.emis="N",_xlpm.emis="P",_xlpm.emis="R",_xlpm.emis="S",_xlpm.emis="T",_xlpm.emis="U",_xlpm.emis="V",_xlpm.emis="W",_xlpm.emis="X",_xlpm.emis="Y",_xlpm.emis="1",_xlpm.emis="2",_xlpm.emis="3",_xlpm.emis="4"),OR(_xlpm.my="7",_xlpm.my="8",_xlpm.my="9",_xlpm.my="A",_xlpm.my="B",_xlpm.my="C",_xlpm.my="D",_xlpm.my="E")),"X150_"&IF(_xlpm.my="7","2007MY",IF(_xlpm.my="8","2008MY",IF(_xlpm.my="9","2009MY",IF(_xlpm.my="A","2010MY",IF(_xlpm.my="B","2011MY",IF(_xlpm.my="C","2012MY",IF(_xlpm.my="D","2013MY",IF(_xlpm.my="E","2014MY","UNKNOWN_MY"))))))))&"_MARKET_"&_xlpm.mkt&"_TRANS_"&_xlpm.trans&"_BODY_"&_xlpm.body&"_EMISSION_"&_xlpm.emis&"_CHECK_"&MID(_xlpm.v,9,1),TRUE,IF(LEN(_xlpm.v)<>10,"UNKNOWN: [length="&LEN(_xlpm.v)&"]",IF(LEFT(_xlpm.v,3)<>"SAJ","UNKNOWN: [prefix="&LEFT(_xlpm.v,3)&"]",IF(LEFT(_xlpm.v,5)="SAJJG",IF(NOT(OR(MID(_xlpm.v,7,1)="E",MID(_xlpm.v,7,1)="F")),"UNKNOWN: [7="&MID(_xlpm.v,7,1)&"]",IF(NOT(OR(_xlpm.emis="D",_xlpm.emis="F")),"UNKNOWN: [8="&_xlpm.emis&"]",IF(NOT(OR(MID(_xlpm.v,9,1)="3",MID(_xlpm.v,9,1)="4")),"UNKNOWN: [9="&MID(_xlpm.v,9,1)&"]",IF(NOT(OR(_xlpm.my="A",_xlpm.my="V",_xlpm.my="W",_xlpm.my="X")),"UNKNOWN: [10="&_xlpm.my&"]","UNKNOWN")))),IF(LEFT(_xlpm.v,5)="SAJGX",IF(NOT(OR(MID(_xlpm.v,6,1)="2",MID(_xlpm.v,6,1)="5")),"UNKNOWN: [6="&MID(_xlpm.v,6,1)&"]",IF(NOT(OR(MID(_xlpm.v,7,1)="1",MID(_xlpm.v,7,1)="2",MID(_xlpm.v,7,1)="7")),"UNKNOWN: [7="&MID(_xlpm.v,7,1)&"]",IF(MID(_xlpm.v,8,1)<>"4","UNKNOWN: [8="&MID(_xlpm.v,8,1)&"]",IF(NOT(OR(_xlpm.my="V",_xlpm.my="W",_xlpm.my="X")),"UNKNOWN: [10="&_xlpm.my&"]","UNKNOWN")))),IF(NOT(OR(_xlpm.mkt="A",_xlpm.mkt="B",_xlpm.mkt="F",_xlpm.mkt="G",_xlpm.mkt="X",_xlpm.mkt="P",_xlpm.mkt="R",_xlpm.mkt="T",_xlpm.mkt="Y",_xlpm.mkt="D",_xlpm.mkt="E",_xlpm.mkt="J",_xlpm.mkt="W",_xlpm.mkt="K")),"UNKNOWN: [4="&_xlpm.mkt&"]",IF(NOT(OR(_xlpm.trans="A",_xlpm.trans="B",_xlpm.trans="C")),"UNKNOWN: [5="&_xlpm.trans&"]",IF(NOT(OR(_xlpm.body="41",_xlpm.body="42",_xlpm.body="43",_xlpm.body="4D",_xlpm.body="44",_xlpm.body="45",_xlpm.body="46",_xlpm.body="47",_xlpm.body="4F")),"UNKNOWN: [6-7="&_xlpm.body&"]",IF(NOT(ISNUMBER(SEARCH(_xlpm.emis,"ABCDEFGKNPRSTUVWXY1234"))),"UNKNOWN: [8="&_xlpm.emis&"]",IF(NOT(OR(_xlpm.my="X",_xlpm.my="Y",_xlpm.my="1",_xlpm.my="2",_xlpm.my="3",_xlpm.my="4",_xlpm.my="5",_xlpm.my="6",_xlpm.my="7",_xlpm.my="8",_xlpm.my="9",_xlpm.my="A",_xlpm.my="B",_xlpm.my="C",_xlpm.my="D",_xlpm.my="E")),"UNKNOWN: [10="&_xlpm.my&"]","UNKNOWN")))))))))))} -> X100_AMERICAS_UNIQUE (JLM20301_unique) | D11: {=_xlfn.LET(_xlpm.vin,SUBSTITUTE(CLEAN(TRIM(B11)),CHAR(160),""),_xlpm.rawDate,LEFT(TRIM(E11)&"",8),_xlpm.useDate,IF(RIGHT(_xlpm.rawDate,4)="0000",LEFT(_xlpm.rawDate,4)&"1231",_xlpm.rawDate),_xlpm.bodyCode,MID(_xlpm.vin,6,2),_xlpm.yearCode,MID(_xlpm.vin,10,1),IF(OR(LEN(_xlpm.vin)<>10,LEN(_xlpm.rawDate)<>8),"UNKNOWN",IF(OR(_xlpm.bodyCode="43",_xlpm.bodyCode="4D",_xlpm.bodyCode="44",_xlpm.bodyCode="4E",_xlpm.bodyCode="45",_xlpm.bodyCode="4F",_xlpm.bodyCode="46",_xlpm.bodyCode="4G",_xlpm.bodyCode="47"),_xlfn.SWITCH(_xlpm.yearCode,"6","B00379–B06783","7","B06784–B20074","8","B20075–B27986","9","B27987–B32752","A","B32753–B38853","B","B38854–B44939","C","B44940–B48619","D","B48620–B54164","E","B54165–B56794","F","B56795+","UNKNOWN"),IF(_xlpm.useDate<"19960601","001001–001245",IF(_xlpm.useDate<"19970101","001246–008106",IF(_xlpm.useDate<"19970801","008107–018107",IF(_xlpm.useDate<"19980101","018108–023017",IF(_xlpm.useDate<"19980201","023018–024686",IF(_xlpm.useDate<"19980801","024687–031302",IF(_xlpm.useDate<"19990801","031303–036193",IF(_xlpm.useDate<"20010101","036194–042775",IF(OR(_xlpm.bodyCode="41",_xlpm.bodyCode="42"),_xlfn.SWITCH(_xlpm.yearCode,"Y","A00001–A11050","1","A11051–A22928","2","A22929–A30644","3","A30645–A36873","4","A36874–A42347","5","A42348–A48684","UNKNOWN"),"UNKNOWN"))))))))))))} -> 018108–023017 | E11: ='Ajoneuvorekisteri-Parse Modern '!G200 -> 19970000 | F11: =LEFT(Table34[[#This Row],[Käyttöönotto]],4) -> 1997 | G11: ='Ajoneuvorekisteri-Parse Modern '!AA200 -> XK8 Avoauto (AE) 2ov A | H11: =Ajoneuvorekisteri_Parse_Modern_XK_Range_TieliikenneAvoinData_30_06_2026_csv[[#This Row],[tyyppihyvaksyntanro]] | I11: ='Ajoneuvorekisteri-Parse Modern '!M200 -> 1715 | J11: =IF(AND( OR( ISNUMBER(SEARCH("XK ", G11)), ISNUMBER(SEARCH("XK8", G11)) ), F11 > 2005 ), 1, 0) -> 1 | K11: =IF(OR( ISNUMBER(SEARCH("XKR", G11)), ), 1, 0) -> 0 | L11: =IF(OR( ISNUMBER(SEARCH("COUPE", G11)), ISNUMBER(SEARCH("COUPÉ", G11)), ISNUMBER(SEARCH("COUP�", G11)) ), 1, 0) -> 0 | M11: =IF(OR( ISNUMBER(SEARCH("CONVERTIBLE",G11)), ISNUMBER(SEARCH("AVOAUTO",G11)), ISNUMBER(SEARCH("AVO",G11)), ISNUMBER(SEARCH("CABRIO",G11)) ),1,0) -> 1 | N11: =IF(AND(Table34[[#This Row],[Coupe]]<>1, Table34[[#This Row],[Convertible]]<>1), 1, 0) -> 0 | O11: =IF(L11=1, "Coupe", IF(M11=1, "Convertible", "Unknown")) -> Convertible
A12: ='Ajoneuvorekisteri-Parse Modern '!AO223 -> 3727926 | B12: ='Ajoneuvorekisteri-Parse Modern '!AN223 -> SAJJGNED4V | C12: {=_xlfn.LET(_xlpm.v,UPPER(SUBSTITUTE(CLEAN(TRIM(B12)),CHAR(160),"")),_xlpm.mkt,MID(_xlpm.v,4,1),_xlpm.trans,MID(_xlpm.v,5,1),_xlpm.body,MID(_xlpm.v,6,2),_xlpm.emis,MID(_xlpm.v,8,1),_xlpm.my,MID(_xlpm.v,10,1),_xlfn.IFS(AND(LEN(_xlpm.v)=10,LEFT(_xlpm.v,5)="SAJJG",OR(MID(_xlpm.v,7,1)="E",MID(_xlpm.v,7,1)="F"),OR(_xlpm.emis="D",_xlpm.emis="F"),OR(MID(_xlpm.v,9,1)="3",MID(_xlpm.v,9,1)="4"),_xlpm.my="A"),"X100_EARLY_NORMAL_AR (JDHT)",AND(LEN(_xlpm.v)=10,LEFT(_xlpm.v,5)="SAJJG",MID(_xlpm.v,6,1)="A",OR(MID(_xlpm.v,7,1)="E",MID(_xlpm.v,7,1)="F"),_xlpm.emis="D",OR(MID(_xlpm.v,9,1)="3",MID(_xlpm.v,9,1)="4"),OR(_xlpm.my="V",_xlpm.my="W",_xlpm.my="X")),"X100_NORMAL (JDHT)",AND(LEN(_xlpm.v)=10,LEFT(_xlpm.v,5)="SAJJG",OR(MID(_xlpm.v,6,1)="A",MID(_xlpm.v,6,1)="K",MID(_xlpm.v,6,1)="N",MID(_xlpm.v,6,1)="X"),OR(MID(_xlpm.v,7,1)="E",MID(_xlpm.v,7,1)="F"),OR(_xlpm.emis="D",_xlpm.emis="F"),OR(MID(_xlpm.v,9,1)="3",MID(_xlpm.v,9,1)="4"),OR(_xlpm.my="V",_xlpm.my="W",_xlpm.my="X")),"X100_JLM20300",AND(LEN(_xlpm.v)=10,LEFT(_xlpm.v,5)="SAJJG",OR(MID(_xlpm.v,6,1)="N",MID(_xlpm.v,6,1)="S",MID(_xlpm.v,6,1)="X"),OR(MID(_xlpm.v,7,1)="E",MID(_xlpm.v,7,1)="F"),OR(_xlpm.emis="D",_xlpm.emis="F"),OR(MID(_xlpm.v,9,1)="3",MID(_xlpm.v,9,1)="4"),OR(MID(_xlpm.v,10,1)="V",MID(_xlpm.v,10,1)="W",MID(_xlpm.v,10,1)="X")),"X100_JLM20301",AND(LEN(_xlpm.v)=10,LEFT(_xlpm.v,5)="SAJGX",OR(MID(_xlpm.v,6,1)="2",MID(_xlpm.v,6,1)="5"),OR(MID(_xlpm.v,7,1)="1",MID(_xlpm.v,7,1)="2",MID(_xlpm.v,7,1)="7"),MID(_xlpm.v,8,1)="4",OR(MID(_xlpm.v,10,1)="V",MID(_xlpm.v,10,1)="W",MID(_xlpm.v,10,1)="X")),"X100_AMERICAS_UNIQUE (JLM20301_unique)",AND(LEN(_xlpm.v)=10,LEFT(_xlpm.v,3)="SAJ",OR(_xlpm.mkt="A",_xlpm.mkt="B",_xlpm.mkt="F",_xlpm.mkt="G",_xlpm.mkt="X",_xlpm.mkt="P",_xlpm.mkt="R",_xlpm.mkt="T",_xlpm.mkt="Y",_xlpm.mkt="D",_xlpm.mkt="E",_xlpm.mkt="J",_xlpm.mkt="W"),OR(_xlpm.trans="A",_xlpm.trans="B"),OR(_xlpm.body="41",_xlpm.body="42"),IFERROR(AND(CODE(_xlpm.emis)>=65,CODE(_xlpm.emis)<=88),FALSE),OR(_xlpm.my="X",_xlpm.my="Y",_xlpm.my="1",_xlpm.my="2",_xlpm.my="3",_xlpm.my="4",_xlpm.my="5",_xlpm.my="6",_xlpm.my="7",_xlpm.my="8",_xlpm.my="9")),"XK8-XKR_"&IF(_xlpm.body="41","COUPE_","CONVERTIBLE_")&IF(ISNUMBER(FIND(_xlpm.mkt,"DEJW")),"USA",IF(ISNUMBER(FIND(_xlpm.mkt,"BFGX")),"CANADA","MEXICO"))&IF(_xlpm.trans="A","_AUTO_LHD","_MANUAL_LHD")&"_EMISSION_"&_xlpm.emis&IF(_xlpm.my="X","_1999",IF(_xlpm.my="Y","_2000","_200"&_xlpm.my))&"MY",AND(LEN(_xlpm.v)=10,LEFT(_xlpm.v,3)="SAJ",OR(_xlpm.mkt="A",_xlpm.mkt="B",_xlpm.mkt="D",_xlpm.mkt="E",_xlpm.mkt="F",_xlpm.mkt="J",_xlpm.mkt="K",_xlpm.mkt="P",_xlpm.mkt="R",_xlpm.mkt="W",_xlpm.mkt="X",_xlpm.mkt="Y"),OR(_xlpm.trans="A",_xlpm.trans="C"),OR(_xlpm.body="43",_xlpm.body="4D",_xlpm.body="44",_xlpm.body="4E",_xlpm.body="45",_xlpm.body="46",_xlpm.body="47",_xlpm.body="4F",_xlpm.body="4G"),OR(_xlpm.emis="A",_xlpm.emis="B",_xlpm.emis="C",_xlpm.emis="D",_xlpm.emis="E",_xlpm.emis="F",_xlpm.emis="G",_xlpm.emis="K",_xlpm.emis="N",_xlpm.emis="P",_xlpm.emis="R",_xlpm.emis="S",_xlpm.emis="T",_xlpm.emis="U",_xlpm.emis="V",_xlpm.emis="W",_xlpm.emis="X",_xlpm.emis="Y",_xlpm.emis="1",_xlpm.emis="2",_xlpm.emis="3",_xlpm.emis="4"),OR(_xlpm.my="7",_xlpm.my="8",_xlpm.my="9",_xlpm.my="A",_xlpm.my="B",_xlpm.my="C",_xlpm.my="D",_xlpm.my="E")),"X150_"&IF(_xlpm.my="7","2007MY",IF(_xlpm.my="8","2008MY",IF(_xlpm.my="9","2009MY",IF(_xlpm.my="A","2010MY",IF(_xlpm.my="B","2011MY",IF(_xlpm.my="C","2012MY",IF(_xlpm.my="D","2013MY",IF(_xlpm.my="E","2014MY","UNKNOWN_MY"))))))))&"_MARKET_"&_xlpm.mkt&"_TRANS_"&_xlpm.trans&"_BODY_"&_xlpm.body&"_EMISSION_"&_xlpm.emis&"_CHECK_"&MID(_xlpm.v,9,1),TRUE,IF(LEN(_xlpm.v)<>10,"UNKNOWN: [length="&LEN(_xlpm.v)&"]",IF(LEFT(_xlpm.v,3)<>"SAJ","UNKNOWN: [prefix="&LEFT(_xlpm.v,3)&"]",IF(LEFT(_xlpm.v,5)="SAJJG",IF(NOT(OR(MID(_xlpm.v,7,1)="E",MID(_xlpm.v,7,1)="F")),"UNKNOWN: [7="&MID(_xlpm.v,7,1)&"]",IF(NOT(OR(_xlpm.emis="D",_xlpm.emis="F")),"UNKNOWN: [8="&_xlpm.emis&"]",IF(NOT(OR(MID(_xlpm.v,9,1)="3",MID(_xlpm.v,9,1)="4")),"UNKNOWN: [9="&MID(_xlpm.v,9,1)&"]",IF(NOT(OR(_xlpm.my="A",_xlpm.my="V",_xlpm.my="W",_xlpm.my="X")),"UNKNOWN: [10="&_xlpm.my&"]","UNKNOWN")))),IF(LEFT(_xlpm.v,5)="SAJGX",IF(NOT(OR(MID(_xlpm.v,6,1)="2",MID(_xlpm.v,6,1)="5")),"UNKNOWN: [6="&MID(_xlpm.v,6,1)&"]",IF(NOT(OR(MID(_xlpm.v,7,1)="1",MID(_xlpm.v,7,1)="2",MID(_xlpm.v,7,1)="7")),"UNKNOWN: [7="&MID(_xlpm.v,7,1)&"]",IF(MID(_xlpm.v,8,1)<>"4","UNKNOWN: [8="&MID(_xlpm.v,8,1)&"]",IF(NOT(OR(_xlpm.my="V",_xlpm.my="W",_xlpm.my="X")),"UNKNOWN: [10="&_xlpm.my&"]","UNKNOWN")))),IF(NOT(OR(_xlpm.mkt="A",_xlpm.mkt="B",_xlpm.mkt="F",_xlpm.mkt="G",_xlpm.mkt="X",_xlpm.mkt="P",_xlpm.mkt="R",_xlpm.mkt="T",_xlpm.mkt="Y",_xlpm.mkt="D",_xlpm.mkt="E",_xlpm.mkt="J",_xlpm.mkt="W",_xlpm.mkt="K")),"UNKNOWN: [4="&_xlpm.mkt&"]",IF(NOT(OR(_xlpm.trans="A",_xlpm.trans="B",_xlpm.trans="C")),"UNKNOWN: [5="&_xlpm.trans&"]",IF(NOT(OR(_xlpm.body="41",_xlpm.body="42",_xlpm.body="43",_xlpm.body="4D",_xlpm.body="44",_xlpm.body="45",_xlpm.body="46",_xlpm.body="47",_xlpm.body="4F")),"UNKNOWN: [6-7="&_xlpm.body&"]",IF(NOT(ISNUMBER(SEARCH(_xlpm.emis,"ABCDEFGKNPRSTUVWXY1234"))),"UNKNOWN: [8="&_xlpm.emis&"]",IF(NOT(OR(_xlpm.my="X",_xlpm.my="Y",_xlpm.my="1",_xlpm.my="2",_xlpm.my="3",_xlpm.my="4",_xlpm.my="5",_xlpm.my="6",_xlpm.my="7",_xlpm.my="8",_xlpm.my="9",_xlpm.my="A",_xlpm.my="B",_xlpm.my="C",_xlpm.my="D",_xlpm.my="E")),"UNKNOWN: [10="&_xlpm.my&"]","UNKNOWN")))))))))))} -> X100_JLM20300 | D12: {=_xlfn.LET(_xlpm.vin,SUBSTITUTE(CLEAN(TRIM(B12)),CHAR(160),""),_xlpm.rawDate,LEFT(TRIM(E12)&"",8),_xlpm.useDate,IF(RIGHT(_xlpm.rawDate,4)="0000",LEFT(_xlpm.rawDate,4)&"1231",_xlpm.rawDate),_xlpm.bodyCode,MID(_xlpm.vin,6,2),_xlpm.yearCode,MID(_xlpm.vin,10,1),IF(OR(LEN(_xlpm.vin)<>10,LEN(_xlpm.rawDate)<>8),"UNKNOWN",IF(OR(_xlpm.bodyCode="43",_xlpm.bodyCode="4D",_xlpm.bodyCode="44",_xlpm.bodyCode="4E",_xlpm.bodyCode="45",_xlpm.bodyCode="4F",_xlpm.bodyCode="46",_xlpm.bodyCode="4G",_xlpm.bodyCode="47"),_xlfn.SWITCH(_xlpm.yearCode,"6","B00379–B06783","7","B06784–B20074","8","B20075–B27986","9","B27987–B32752","A","B32753–B38853","B","B38854–B44939","C","B44940–B48619","D","B48620–B54164","E","B54165–B56794","F","B56795+","UNKNOWN"),IF(_xlpm.useDate<"19960601","001001–001245",IF(_xlpm.useDate<"19970101","001246–008106",IF(_xlpm.useDate<"19970801","008107–018107",IF(_xlpm.useDate<"19980101","018108–023017",IF(_xlpm.useDate<"19980201","023018–024686",IF(_xlpm.useDate<"19980801","024687–031302",IF(_xlpm.useDate<"19990801","031303–036193",IF(_xlpm.useDate<"20010101","036194–042775",IF(OR(_xlpm.bodyCode="41",_xlpm.bodyCode="42"),_xlfn.SWITCH(_xlpm.yearCode,"Y","A00001–A11050","1","A11051–A22928","2","A22929–A30644","3","A30645–A36873","4","A36874–A42347","5","A42348–A48684","UNKNOWN"),"UNKNOWN"))))))))))))} -> 018108–023017 | E12: ='Ajoneuvorekisteri-Parse Modern '!G223 -> 19970000 | F12: =LEFT(Table34[[#This Row],[Käyttöönotto]],4) -> 1997 | G12: ='Ajoneuvorekisteri-Parse Modern '!AA223 -> XK8 Coup� (AD) 2ov 3990cm3 A | H12: =Ajoneuvorekisteri_Parse_Modern_XK_Range_TieliikenneAvoinData_30_06_2026_csv[[#This Row],[tyyppihyvaksyntanro]] -> e11*95/54*0062*00 | I12: ='Ajoneuvorekisteri-Parse Modern '!M223 -> 1735 | J12: =IF(AND( OR( ISNUMBER(SEARCH("XK ", G12)), ISNUMBER(SEARCH("XK8", G12)) ), F12 > 2005 ), 1, 0) -> 1 | K12: =IF(OR( ISNUMBER(SEARCH("XKR", G12)), ), 1, 0) -> 0 | L12: =IF(OR( ISNUMBER(SEARCH("COUPE", G12)), ISNUMBER(SEARCH("COUPÉ", G12)), ISNUMBER(SEARCH("COUP�", G12)) ), 1, 0) -> 1 | M12: =IF(OR( ISNUMBER(SEARCH("CONVERTIBLE",G12)), ISNUMBER(SEARCH("AVOAUTO",G12)), ISNUMBER(SEARCH("AVO",G12)), ISNUMBER(SEARCH("CABRIO",G12)) ),1,0) -> 0 | N12: =IF(AND(Table34[[#This Row],[Coupe]]<>1, Table34[[#This Row],[Convertible]]<>1), 1, 0) -> 0 | O12: =IF(L12=1, "Coupe", IF(M12=1, "Convertible", "Unknown")) -> Coupe
A13: ='Ajoneuvorekisteri-Parse Modern '!AO240 -> 4172689 | B13: ='Ajoneuvorekisteri-Parse Modern '!AN240 -> SAJGX2749V | C13: {=_xlfn.LET(_xlpm.v,UPPER(SUBSTITUTE(CLEAN(TRIM(B13)),CHAR(160),"")),_xlpm.mkt,MID(_xlpm.v,4,1),_xlpm.trans,MID(_xlpm.v,5,1),_xlpm.body,MID(_xlpm.v,6,2),_xlpm.emis,MID(_xlpm.v,8,1),_xlpm.my,MID(_xlpm.v,10,1),_xlfn.IFS(AND(LEN(_xlpm.v)=10,LEFT(_xlpm.v,5)="SAJJG",OR(MID(_xlpm.v,7,1)="E",MID(_xlpm.v,7,1)="F"),OR(_xlpm.emis="D",_xlpm.emis="F"),OR(MID(_xlpm.v,9,1)="3",MID(_xlpm.v,9,1)="4"),_xlpm.my="A"),"X100_EARLY_NORMAL_AR (JDHT)",AND(LEN(_xlpm.v)=10,LEFT(_xlpm.v,5)="SAJJG",MID(_xlpm.v,6,1)="A",OR(MID(_xlpm.v,7,1)="E",MID(_xlpm.v,7,1)="F"),_xlpm.emis="D",OR(MID(_xlpm.v,9,1)="3",MID(_xlpm.v,9,1)="4"),OR(_xlpm.my="V",_xlpm.my="W",_xlpm.my="X")),"X100_NORMAL (JDHT)",AND(LEN(_xlpm.v)=10,LEFT(_xlpm.v,5)="SAJJG",OR(MID(_xlpm.v,6,1)="A",MID(_xlpm.v,6,1)="K",MID(_xlpm.v,6,1)="N",MID(_xlpm.v,6,1)="X"),OR(MID(_xlpm.v,7,1)="E",MID(_xlpm.v,7,1)="F"),OR(_xlpm.emis="D",_xlpm.emis="F"),OR(MID(_xlpm.v,9,1)="3",MID(_xlpm.v,9,1)="4"),OR(_xlpm.my="V",_xlpm.my="W",_xlpm.my="X")),"X100_JLM20300",AND(LEN(_xlpm.v)=10,LEFT(_xlpm.v,5)="SAJJG",OR(MID(_xlpm.v,6,1)="N",MID(_xlpm.v,6,1)="S",MID(_xlpm.v,6,1)="X"),OR(MID(_xlpm.v,7,1)="E",MID(_xlpm.v,7,1)="F"),OR(_xlpm.emis="D",_xlpm.emis="F"),OR(MID(_xlpm.v,9,1)="3",MID(_xlpm.v,9,1)="4"),OR(MID(_xlpm.v,10,1)="V",MID(_xlpm.v,10,1)="W",MID(_xlpm.v,10,1)="X")),"X100_JLM20301",AND(LEN(_xlpm.v)=10,LEFT(_xlpm.v,5)="SAJGX",OR(MID(_xlpm.v,6,1)="2",MID(_xlpm.v,6,1)="5"),OR(MID(_xlpm.v,7,1)="1",MID(_xlpm.v,7,1)="2",MID(_xlpm.v,7,1)="7"),MID(_xlpm.v,8,1)="4",OR(MID(_xlpm.v,10,1)="V",MID(_xlpm.v,10,1)="W",MID(_xlpm.v,10,1)="X")),"X100_AMERICAS_UNIQUE (JLM20301_unique)",AND(LEN(_xlpm.v)=10,LEFT(_xlpm.v,3)="SAJ",OR(_xlpm.mkt="A",_xlpm.mkt="B",_xlpm.mkt="F",_xlpm.mkt="G",_xlpm.mkt="X",_xlpm.mkt="P",_xlpm.mkt="R",_xlpm.mkt="T",_xlpm.mkt="Y",_xlpm.mkt="D",_xlpm.mkt="E",_xlpm.mkt="J",_xlpm.mkt="W"),OR(_xlpm.trans="A",_xlpm.trans="B"),OR(_xlpm.body="41",_xlpm.body="42"),IFERROR(AND(CODE(_xlpm.emis)>=65,CODE(_xlpm.emis)<=88),FALSE),OR(_xlpm.my="X",_xlpm.my="Y",_xlpm.my="1",_xlpm.my="2",_xlpm.my="3",_xlpm.my="4",_xlpm.my="5",_xlpm.my="6",_xlpm.my="7",_xlpm.my="8",_xlpm.my="9")),"XK8-XKR_"&IF(_xlpm.body="41","COUPE_","CONVERTIBLE_")&IF(ISNUMBER(FIND(_xlpm.mkt,"DEJW")),"USA",IF(ISNUMBER(FIND(_xlpm.mkt,"BFGX")),"CANADA","MEXICO"))&IF(_xlpm.trans="A","_AUTO_LHD","_MANUAL_LHD")&"_EMISSION_"&_xlpm.emis&IF(_xlpm.my="X","_1999",IF(_xlpm.my="Y","_2000","_200"&_xlpm.my))&"MY",AND(LEN(_xlpm.v)=10,LEFT(_xlpm.v,3)="SAJ",OR(_xlpm.mkt="A",_xlpm.mkt="B",_xlpm.mkt="D",_xlpm.mkt="E",_xlpm.mkt="F",_xlpm.mkt="J",_xlpm.mkt="K",_xlpm.mkt="P",_xlpm.mkt="R",_xlpm.mkt="W",_xlpm.mkt="X",_xlpm.mkt="Y"),OR(_xlpm.trans="A",_xlpm.trans="C"),OR(_xlpm.body="43",_xlpm.body="4D",_xlpm.body="44",_xlpm.body="4E",_xlpm.body="45",_xlpm.body="46",_xlpm.body="47",_xlpm.body="4F",_xlpm.body="4G"),OR(_xlpm.emis="A",_xlpm.emis="B",_xlpm.emis="C",_xlpm.emis="D",_xlpm.emis="E",_xlpm.emis="F",_xlpm.emis="G",_xlpm.emis="K",_xlpm.emis="N",_xlpm.emis="P",_xlpm.emis="R",_xlpm.emis="S",_xlpm.emis="T",_xlpm.emis="U",_xlpm.emis="V",_xlpm.emis="W",_xlpm.emis="X",_xlpm.emis="Y",_xlpm.emis="1",_xlpm.emis="2",_xlpm.emis="3",_xlpm.emis="4"),OR(_xlpm.my="7",_xlpm.my="8",_xlpm.my="9",_xlpm.my="A",_xlpm.my="B",_xlpm.my="C",_xlpm.my="D",_xlpm.my="E")),"X150_"&IF(_xlpm.my="7","2007MY",IF(_xlpm.my="8","2008MY",IF(_xlpm.my="9","2009MY",IF(_xlpm.my="A","2010MY",IF(_xlpm.my="B","2011MY",IF(_xlpm.my="C","2012MY",IF(_xlpm.my="D","2013MY",IF(_xlpm.my="E","2014MY","UNKNOWN_MY"))))))))&"_MARKET_"&_xlpm.mkt&"_TRANS_"&_xlpm.trans&"_BODY_"&_xlpm.body&"_EMISSION_"&_xlpm.emis&"_CHECK_"&MID(_xlpm.v,9,1),TRUE,IF(LEN(_xlpm.v)<>10,"UNKNOWN: [length="&LEN(_xlpm.v)&"]",IF(LEFT(_xlpm.v,3)<>"SAJ","UNKNOWN: [prefix="&LEFT(_xlpm.v,3)&"]",IF(LEFT(_xlpm.v,5)="SAJJG",IF(NOT(OR(MID(_xlpm.v,7,1)="E",MID(_xlpm.v,7,1)="F")),"UNKNOWN: [7="&MID(_xlpm.v,7,1)&"]",IF(NOT(OR(_xlpm.emis="D",_xlpm.emis="F")),"UNKNOWN: [8="&_xlpm.emis&"]",IF(NOT(OR(MID(_xlpm.v,9,1)="3",MID(_xlpm.v,9,1)="4")),"UNKNOWN: [9="&MID(_xlpm.v,9,1)&"]",IF(NOT(OR(_xlpm.my="A",_xlpm.my="V",_xlpm.my="W",_xlpm.my="X")),"UNKNOWN: [10="&_xlpm.my&"]","UNKNOWN")))),IF(LEFT(_xlpm.v,5)="SAJGX",IF(NOT(OR(MID(_xlpm.v,6,1)="2",MID(_xlpm.v,6,1)="5")),"UNKNOWN: [6="&MID(_xlpm.v,6,1)&"]",IF(NOT(OR(MID(_xlpm.v,7,1)="1",MID(_xlpm.v,7,1)="2",MID(_xlpm.v,7,1)="7")),"UNKNOWN: [7="&MID(_xlpm.v,7,1)&"]",IF(MID(_xlpm.v,8,1)<>"4","UNKNOWN: [8="&MID(_xlpm.v,8,1)&"]",IF(NOT(OR(_xlpm.my="V",_xlpm.my="W",_xlpm.my="X")),"UNKNOWN: [10="&_xlpm.my&"]","UNKNOWN")))),IF(NOT(OR(_xlpm.mkt="A",_xlpm.mkt="B",_xlpm.mkt="F",_xlpm.mkt="G",_xlpm.mkt="X",_xlpm.mkt="P",_xlpm.mkt="R",_xlpm.mkt="T",_xlpm.mkt="Y",_xlpm.mkt="D",_xlpm.mkt="E",_xlpm.mkt="J",_xlpm.mkt="W",_xlpm.mkt="K")),"UNKNOWN: [4="&_xlpm.mkt&"]",IF(NOT(OR(_xlpm.trans="A",_xlpm.trans="B",_xlpm.trans="C")),"UNKNOWN: [5="&_xlpm.trans&"]",IF(NOT(OR(_xlpm.body="41",_xlpm.body="42",_xlpm.body="43",_xlpm.body="4D",_xlpm.body="44",_xlpm.body="45",_xlpm.body="46",_xlpm.body="47",_xlpm.body="4F")),"UNKNOWN: [6-7="&_xlpm.body&"]",IF(NOT(ISNUMBER(SEARCH(_xlpm.emis,"ABCDEFGKNPRSTUVWXY1234"))),"UNKNOWN: [8="&_xlpm.emis&"]",IF(NOT(OR(_xlpm.my="X",_xlpm.my="Y",_xlpm.my="1",_xlpm.my="2",_xlpm.my="3",_xlpm.my="4",_xlpm.my="5",_xlpm.my="6",_xlpm.my="7",_xlpm.my="8",_xlpm.my="9",_xlpm.my="A",_xlpm.my="B",_xlpm.my="C",_xlpm.my="D",_xlpm.my="E")),"UNKNOWN: [10="&_xlpm.my&"]","UNKNOWN")))))))))))} -> X100_AMERICAS_UNIQUE (JLM20301_unique) | D13: {=_xlfn.LET(_xlpm.vin,SUBSTITUTE(CLEAN(TRIM(B13)),CHAR(160),""),_xlpm.rawDate,LEFT(TRIM(E13)&"",8),_xlpm.useDate,IF(RIGHT(_xlpm.rawDate,4)="0000",LEFT(_xlpm.rawDate,4)&"1231",_xlpm.rawDate),_xlpm.bodyCode,MID(_xlpm.vin,6,2),_xlpm.yearCode,MID(_xlpm.vin,10,1),IF(OR(LEN(_xlpm.vin)<>10,LEN(_xlpm.rawDate)<>8),"UNKNOWN",IF(OR(_xlpm.bodyCode="43",_xlpm.bodyCode="4D",_xlpm.bodyCode="44",_xlpm.bodyCode="4E",_xlpm.bodyCode="45",_xlpm.bodyCode="4F",_xlpm.bodyCode="46",_xlpm.bodyCode="4G",_xlpm.bodyCode="47"),_xlfn.SWITCH(_xlpm.yearCode,"6","B00379–B06783","7","B06784–B20074","8","B20075–B27986","9","B27987–B32752","A","B32753–B38853","B","B38854–B44939","C","B44940–B48619","D","B48620–B54164","E","B54165–B56794","F","B56795+","UNKNOWN"),IF(_xlpm.useDate<"19960601","001001–001245",IF(_xlpm.useDate<"19970101","001246–008106",IF(_xlpm.useDate<"19970801","008107–018107",IF(_xlpm.useDate<"19980101","018108–023017",IF(_xlpm.useDate<"19980201","023018–024686",IF(_xlpm.useDate<"19980801","024687–031302",IF(_xlpm.useDate<"19990801","031303–036193",IF(_xlpm.useDate<"20010101","036194–042775",IF(OR(_xlpm.bodyCode="41",_xlpm.bodyCode="42"),_xlfn.SWITCH(_xlpm.yearCode,"Y","A00001–A11050","1","A11051–A22928","2","A22929–A30644","3","A30645–A36873","4","A36874–A42347","5","A42348–A48684","UNKNOWN"),"UNKNOWN"))))))))))))} -> 018108–023017 | E13: ='Ajoneuvorekisteri-Parse Modern '!G240 -> 19970000 | F13: =LEFT(Table34[[#This Row],[Käyttöönotto]],4) -> 1997 | G13: ='Ajoneuvorekisteri-Parse Modern '!AA240 -> XK Avoauto (AE) 2ov 3996cm3 A | H13: =Ajoneuvorekisteri_Parse_Modern_XK_Range_TieliikenneAvoinData_30_06_2026_csv[[#This Row],[tyyppihyvaksyntanro]] -> e11*95/54*0061*05 | I13: ='Ajoneuvorekisteri-Parse Modern '!M240 -> 1720 | J13: =IF(AND( OR( ISNUMBER(SEARCH("XK ", G13)), ISNUMBER(SEARCH("XK8", G13)) ), F13 > 2005 ), 1, 0) -> 1 | K13: =IF(OR( ISNUMBER(SEARCH("XKR", G13)), ), 1, 0) -> 0 | L13: =IF(OR( ISNUMBER(SEARCH("COUPE", G13)), ISNUMBER(SEARCH("COUPÉ", G13)), ISNUMBER(SEARCH("COUP�", G13)) ), 1, 0) -> 0 | M13: =IF(OR( ISNUMBER(SEARCH("CONVERTIBLE",G13)), ISNUMBER(SEARCH("AVOAUTO",G13)), ISNUMBER(SEARCH("AVO",G13)), ISNUMBER(SEARCH("CABRIO",G13)) ),1,0) -> 1 | N13: =IF(AND(Table34[[#This Row],[Coupe]]<>1, Table34[[#This Row],[Convertible]]<>1), 1, 0) -> 0 | O13: =IF(L13=1, "Coupe", IF(M13=1, "Convertible", "Unknown")) -> Convertible
A14: ='Ajoneuvorekisteri-Parse Modern '!AO117 -> 2402120 | B14: ='Ajoneuvorekisteri-Parse Modern '!AN117 -> SAJGX2746V | C14: {=_xlfn.LET(_xlpm.v,UPPER(SUBSTITUTE(CLEAN(TRIM(B14)),CHAR(160),"")),_xlpm.mkt,MID(_xlpm.v,4,1),_xlpm.trans,MID(_xlpm.v,5,1),_xlpm.body,MID(_xlpm.v,6,2),_xlpm.emis,MID(_xlpm.v,8,1),_xlpm.my,MID(_xlpm.v,10,1),_xlfn.IFS(AND(LEN(_xlpm.v)=10,LEFT(_xlpm.v,5)="SAJJG",OR(MID(_xlpm.v,7,1)="E",MID(_xlpm.v,7,1)="F"),OR(_xlpm.emis="D",_xlpm.emis="F"),OR(MID(_xlpm.v,9,1)="3",MID(_xlpm.v,9,1)="4"),_xlpm.my="A"),"X100_EARLY_NORMAL_AR (JDHT)",AND(LEN(_xlpm.v)=10,LEFT(_xlpm.v,5)="SAJJG",MID(_xlpm.v,6,1)="A",OR(MID(_xlpm.v,7,1)="E",MID(_xlpm.v,7,1)="F"),_xlpm.emis="D",OR(MID(_xlpm.v,9,1)="3",MID(_xlpm.v,9,1)="4"),OR(_xlpm.my="V",_xlpm.my="W",_xlpm.my="X")),"X100_NORMAL (JDHT)",AND(LEN(_xlpm.v)=10,LEFT(_xlpm.v,5)="SAJJG",OR(MID(_xlpm.v,6,1)="A",MID(_xlpm.v,6,1)="K",MID(_xlpm.v,6,1)="N",MID(_xlpm.v,6,1)="X"),OR(MID(_xlpm.v,7,1)="E",MID(_xlpm.v,7,1)="F"),OR(_xlpm.emis="D",_xlpm.emis="F"),OR(MID(_xlpm.v,9,1)="3",MID(_xlpm.v,9,1)="4"),OR(_xlpm.my="V",_xlpm.my="W",_xlpm.my="X")),"X100_JLM20300",AND(LEN(_xlpm.v)=10,LEFT(_xlpm.v,5)="SAJJG",OR(MID(_xlpm.v,6,1)="N",MID(_xlpm.v,6,1)="S",MID(_xlpm.v,6,1)="X"),OR(MID(_xlpm.v,7,1)="E",MID(_xlpm.v,7,1)="F"),OR(_xlpm.emis="D",_xlpm.emis="F"),OR(MID(_xlpm.v,9,1)="3",MID(_xlpm.v,9,1)="4"),OR(MID(_xlpm.v,10,1)="V",MID(_xlpm.v,10,1)="W",MID(_xlpm.v,10,1)="X")),"X100_JLM20301",AND(LEN(_xlpm.v)=10,LEFT(_xlpm.v,5)="SAJGX",OR(MID(_xlpm.v,6,1)="2",MID(_xlpm.v,6,1)="5"),OR(MID(_xlpm.v,7,1)="1",MID(_xlpm.v,7,1)="2",MID(_xlpm.v,7,1)="7"),MID(_xlpm.v,8,1)="4",OR(MID(_xlpm.v,10,1)="V",MID(_xlpm.v,10,1)="W",MID(_xlpm.v,10,1)="X")),"X100_AMERICAS_UNIQUE (JLM20301_unique)",AND(LEN(_xlpm.v)=10,LEFT(_xlpm.v,3)="SAJ",OR(_xlpm.mkt="A",_xlpm.mkt="B",_xlpm.mkt="F",_xlpm.mkt="G",_xlpm.mkt="X",_xlpm.mkt="P",_xlpm.mkt="R",_xlpm.mkt="T",_xlpm.mkt="Y",_xlpm.mkt="D",_xlpm.mkt="E",_xlpm.mkt="J",_xlpm.mkt="W"),OR(_xlpm.trans="A",_xlpm.trans="B"),OR(_xlpm.body="41",_xlpm.body="42"),IFERROR(AND(CODE(_xlpm.emis)>=65,CODE(_xlpm.emis)<=88),FALSE),OR(_xlpm.my="X",_xlpm.my="Y",_xlpm.my="1",_xlpm.my="2",_xlpm.my="3",_xlpm.my="4",_xlpm.my="5",_xlpm.my="6",_xlpm.my="7",_xlpm.my="8",_xlpm.my="9")),"XK8-XKR_"&IF(_xlpm.body="41","COUPE_","CONVERTIBLE_")&IF(ISNUMBER(FIND(_xlpm.mkt,"DEJW")),"USA",IF(ISNUMBER(FIND(_xlpm.mkt,"BFGX")),"CANADA","MEXICO"))&IF(_xlpm.trans="A","_AUTO_LHD","_MANUAL_LHD")&"_EMISSION_"&_xlpm.emis&IF(_xlpm.my="X","_1999",IF(_xlpm.my="Y","_2000","_200"&_xlpm.my))&"MY",AND(LEN(_xlpm.v)=10,LEFT(_xlpm.v,3)="SAJ",OR(_xlpm.mkt="A",_xlpm.mkt="B",_xlpm.mkt="D",_xlpm.mkt="E",_xlpm.mkt="F",_xlpm.mkt="J",_xlpm.mkt="K",_xlpm.mkt="P",_xlpm.mkt="R",_xlpm.mkt="W",_xlpm.mkt="X",_xlpm.mkt="Y"),OR(_xlpm.trans="A",_xlpm.trans="C"),OR(_xlpm.body="43",_xlpm.body="4D",_xlpm.body="44",_xlpm.body="4E",_xlpm.body="45",_xlpm.body="46",_xlpm.body="47",_xlpm.body="4F",_xlpm.body="4G"),OR(_xlpm.emis="A",_xlpm.emis="B",_xlpm.emis="C",_xlpm.emis="D",_xlpm.emis="E",_xlpm.emis="F",_xlpm.emis="G",_xlpm.emis="K",_xlpm.emis="N",_xlpm.emis="P",_xlpm.emis="R",_xlpm.emis="S",_xlpm.emis="T",_xlpm.emis="U",_xlpm.emis="V",_xlpm.emis="W",_xlpm.emis="X",_xlpm.emis="Y",_xlpm.emis="1",_xlpm.emis="2",_xlpm.emis="3",_xlpm.emis="4"),OR(_xlpm.my="7",_xlpm.my="8",_xlpm.my="9",_xlpm.my="A",_xlpm.my="B",_xlpm.my="C",_xlpm.my="D",_xlpm.my="E")),"X150_"&IF(_xlpm.my="7","2007MY",IF(_xlpm.my="8","2008MY",IF(_xlpm.my="9","2009MY",IF(_xlpm.my="A","2010MY",IF(_xlpm.my="B","2011MY",IF(_xlpm.my="C","2012MY",IF(_xlpm.my="D","2013MY",IF(_xlpm.my="E","2014MY","UNKNOWN_MY"))))))))&"_MARKET_"&_xlpm.mkt&"_TRANS_"&_xlpm.trans&"_BODY_"&_xlpm.body&"_EMISSION_"&_xlpm.emis&"_CHECK_"&MID(_xlpm.v,9,1),TRUE,IF(LEN(_xlpm.v)<>10,"UNKNOWN: [length="&LEN(_xlpm.v)&"]",IF(LEFT(_xlpm.v,3)<>"SAJ","UNKNOWN: [prefix="&LEFT(_xlpm.v,3)&"]",IF(LEFT(_xlpm.v,5)="SAJJG",IF(NOT(OR(MID(_xlpm.v,7,1)="E",MID(_xlpm.v,7,1)="F")),"UNKNOWN: [7="&MID(_xlpm.v,7,1)&"]",IF(NOT(OR(_xlpm.emis="D",_xlpm.emis="F")),"UNKNOWN: [8="&_xlpm.emis&"]",IF(NOT(OR(MID(_xlpm.v,9,1)="3",MID(_xlpm.v,9,1)="4")),"UNKNOWN: [9="&MID(_xlpm.v,9,1)&"]",IF(NOT(OR(_xlpm.my="A",_xlpm.my="V",_xlpm.my="W",_xlpm.my="X")),"UNKNOWN: [10="&_xlpm.my&"]","UNKNOWN")))),IF(LEFT(_xlpm.v,5)="SAJGX",IF(NOT(OR(MID(_xlpm.v,6,1)="2",MID(_xlpm.v,6,1)="5")),"UNKNOWN: [6="&MID(_xlpm.v,6,1)&"]",IF(NOT(OR(MID(_xlpm.v,7,1)="1",MID(_xlpm.v,7,1)="2",MID(_xlpm.v,7,1)="7")),"UNKNOWN: [7="&MID(_xlpm.v,7,1)&"]",IF(MID(_xlpm.v,8,1)<>"4","UNKNOWN: [8="&MID(_xlpm.v,8,1)&"]",IF(NOT(OR(_xlpm.my="V",_xlpm.my="W",_xlpm.my="X")),"UNKNOWN: [10="&_xlpm.my&"]","UNKNOWN")))),IF(NOT(OR(_xlpm.mkt="A",_xlpm.mkt="B",_xlpm.mkt="F",_xlpm.mkt="G",_xlpm.mkt="X",_xlpm.mkt="P",_xlpm.mkt="R",_xlpm.mkt="T",_xlpm.mkt="Y",_xlpm.mkt="D",_xlpm.mkt="E",_xlpm.mkt="J",_xlpm.mkt="W",_xlpm.mkt="K")),"UNKNOWN: [4="&_xlpm.mkt&"]",IF(NOT(OR(_xlpm.trans="A",_xlpm.trans="B",_xlpm.trans="C")),"UNKNOWN: [5="&_xlpm.trans&"]",IF(NOT(OR(_xlpm.body="41",_xlpm.body="42",_xlpm.body="43",_xlpm.body="4D",_xlpm.body="44",_xlpm.body="45",_xlpm.body="46",_xlpm.body="47",_xlpm.body="4F")),"UNKNOWN: [6-7="&_xlpm.body&"]",IF(NOT(ISNUMBER(SEARCH(_xlpm.emis,"ABCDEFGKNPRSTUVWXY1234"))),"UNKNOWN: [8="&_xlpm.emis&"]",IF(NOT(OR(_xlpm.my="X",_xlpm.my="Y",_xlpm.my="1",_xlpm.my="2",_xlpm.my="3",_xlpm.my="4",_xlpm.my="5",_xlpm.my="6",_xlpm.my="7",_xlpm.my="8",_xlpm.my="9",_xlpm.my="A",_xlpm.my="B",_xlpm.my="C",_xlpm.my="D",_xlpm.my="E")),"UNKNOWN: [10="&_xlpm.my&"]","UNKNOWN")))))))))))} -> X100_AMERICAS_UNIQUE (JLM20301_unique) | D14: {=_xlfn.LET(_xlpm.vin,SUBSTITUTE(CLEAN(TRIM(B14)),CHAR(160),""),_xlpm.rawDate,LEFT(TRIM(E14)&"",8),_xlpm.useDate,IF(RIGHT(_xlpm.rawDate,4)="0000",LEFT(_xlpm.rawDate,4)&"1231",_xlpm.rawDate),_xlpm.bodyCode,MID(_xlpm.vin,6,2),_xlpm.yearCode,MID(_xlpm.vin,10,1),IF(OR(LEN(_xlpm.vin)<>10,LEN(_xlpm.rawDate)<>8),"UNKNOWN",IF(OR(_xlpm.bodyCode="43",_xlpm.bodyCode="4D",_xlpm.bodyCode="44",_xlpm.bodyCode="4E",_xlpm.bodyCode="45",_xlpm.bodyCode="4F",_xlpm.bodyCode="46",_xlpm.bodyCode="4G",_xlpm.bodyCode="47"),_xlfn.SWITCH(_xlpm.yearCode,"6","B00379–B06783","7","B06784–B20074","8","B20075–B27986","9","B27987–B32752","A","B32753–B38853","B","B38854–B44939","C","B44940–B48619","D","B48620–B54164","E","B54165–B56794","F","B56795+","UNKNOWN"),IF(_xlpm.useDate<"19960601","001001–001245",IF(_xlpm.useDate<"19970101","001246–008106",IF(_xlpm.useDate<"19970801","008107–018107",IF(_xlpm.useDate<"19980101","018108–023017",IF(_xlpm.useDate<"19980201","023018–024686",IF(_xlpm.useDate<"19980801","024687–031302",IF(_xlpm.useDate<"19990801","031303–036193",IF(_xlpm.useDate<"20010101","036194–042775",IF(OR(_xlpm.bodyCode="41",_xlpm.bodyCode="42"),_xlfn.SWITCH(_xlpm.yearCode,"Y","A00001–A11050","1","A11051–A22928","2","A22929–A30644","3","A30645–A36873","4","A36874–A42347","5","A42348–A48684","UNKNOWN"),"UNKNOWN"))))))))))))} -> 008107–018107 | E14: ='Ajoneuvorekisteri-Parse Modern '!G117 -> 19970101 | F14: =LEFT(Table34[[#This Row],[Käyttöönotto]],4) -> 1997 | G14: ='Ajoneuvorekisteri-Parse Modern '!AA117 -> 2D CONVERTIBLE XK8 4.0-AUTOMATIC-JGX2/259 | H14: =Ajoneuvorekisteri_Parse_Modern_XK_Range_TieliikenneAvoinData_30_06_2026_csv[[#This Row],[tyyppihyvaksyntanro]] -> e11*95/54*0062*04 | I14: ='Ajoneuvorekisteri-Parse Modern '!M117 -> 1760 | J14: =IF(AND( OR( ISNUMBER(SEARCH("XK ", G14)), ISNUMBER(SEARCH("XK8", G14)) ), F14 > 2005 ), 1, 0) -> 1 | K14: =IF(OR( ISNUMBER(SEARCH("XKR", G14)), ), 1, 0) -> 0 | L14: =IF(OR( ISNUMBER(SEARCH("COUPE", G14)), ISNUMBER(SEARCH("COUPÉ", G14)), ISNUMBER(SEARCH("COUP�", G14)) ), 1, 0) -> 0 | M14: =IF(OR( ISNUMBER(SEARCH("CONVERTIBLE",G14)), ISNUMBER(SEARCH("AVOAUTO",G14)), ISNUMBER(SEARCH("AVO",G14)), ISNUMBER(SEARCH("CABRIO",G14)) ),1,0) -> 1 | N14: =IF(AND(Table34[[#This Row],[Coupe]]<>1, Table34[[#This Row],[Convertible]]<>1), 1, 0) -> 0 | O14: =IF(L14=1, "Coupe", IF(M14=1, "Convertible", "Unknown")) -> Convertible
A15: ='Ajoneuvorekisteri-Parse Modern '!AO148 -> 2691340 | B15: ='Ajoneuvorekisteri-Parse Modern '!AN148 -> SAJGX2746V | C15: {=_xlfn.LET(_xlpm.v,UPPER(SUBSTITUTE(CLEAN(TRIM(B15)),CHAR(160),"")),_xlpm.mkt,MID(_xlpm.v,4,1),_xlpm.trans,MID(_xlpm.v,5,1),_xlpm.body,MID(_xlpm.v,6,2),_xlpm.emis,MID(_xlpm.v,8,1),_xlpm.my,MID(_xlpm.v,10,1),_xlfn.IFS(AND(LEN(_xlpm.v)=10,LEFT(_xlpm.v,5)="SAJJG",OR(MID(_xlpm.v,7,1)="E",MID(_xlpm.v,7,1)="F"),OR(_xlpm.emis="D",_xlpm.emis="F"),OR(MID(_xlpm.v,9,1)="3",MID(_xlpm.v,9,1)="4"),_xlpm.my="A"),"X100_EARLY_NORMAL_AR (JDHT)",AND(LEN(_xlpm.v)=10,LEFT(_xlpm.v,5)="SAJJG",MID(_xlpm.v,6,1)="A",OR(MID(_xlpm.v,7,1)="E",MID(_xlpm.v,7,1)="F"),_xlpm.emis="D",OR(MID(_xlpm.v,9,1)="3",MID(_xlpm.v,9,1)="4"),OR(_xlpm.my="V",_xlpm.my="W",_xlpm.my="X")),"X100_NORMAL (JDHT)",AND(LEN(_xlpm.v)=10,LEFT(_xlpm.v,5)="SAJJG",OR(MID(_xlpm.v,6,1)="A",MID(_xlpm.v,6,1)="K",MID(_xlpm.v,6,1)="N",MID(_xlpm.v,6,1)="X"),OR(MID(_xlpm.v,7,1)="E",MID(_xlpm.v,7,1)="F"),OR(_xlpm.emis="D",_xlpm.emis="F"),OR(MID(_xlpm.v,9,1)="3",MID(_xlpm.v,9,1)="4"),OR(_xlpm.my="V",_xlpm.my="W",_xlpm.my="X")),"X100_JLM20300",AND(LEN(_xlpm.v)=10,LEFT(_xlpm.v,5)="SAJJG",OR(MID(_xlpm.v,6,1)="N",MID(_xlpm.v,6,1)="S",MID(_xlpm.v,6,1)="X"),OR(MID(_xlpm.v,7,1)="E",MID(_xlpm.v,7,1)="F"),OR(_xlpm.emis="D",_xlpm.emis="F"),OR(MID(_xlpm.v,9,1)="3",MID(_xlpm.v,9,1)="4"),OR(MID(_xlpm.v,10,1)="V",MID(_xlpm.v,10,1)="W",MID(_xlpm.v,10,1)="X")),"X100_JLM20301",AND(LEN(_xlpm.v)=10,LEFT(_xlpm.v,5)="SAJGX",OR(MID(_xlpm.v,6,1)="2",MID(_xlpm.v,6,1)="5"),OR(MID(_xlpm.v,7,1)="1",MID(_xlpm.v,7,1)="2",MID(_xlpm.v,7,1)="7"),MID(_xlpm.v,8,1)="4",OR(MID(_xlpm.v,10,1)="V",MID(_xlpm.v,10,1)="W",MID(_xlpm.v,10,1)="X")),"X100_AMERICAS_UNIQUE (JLM20301_unique)",AND(LEN(_xlpm.v)=10,LEFT(_xlpm.v,3)="SAJ",OR(_xlpm.mkt="A",_xlpm.mkt="B",_xlpm.mkt="F",_xlpm.mkt="G",_xlpm.mkt="X",_xlpm.mkt="P",_xlpm.mkt="R",_xlpm.mkt="T",_xlpm.mkt="Y",_xlpm.mkt="D",_xlpm.mkt="E",_xlpm.mkt="J",_xlpm.mkt="W"),OR(_xlpm.trans="A",_xlpm.trans="B"),OR(_xlpm.body="41",_xlpm.body="42"),IFERROR(AND(CODE(_xlpm.emis)>=65,CODE(_xlpm.emis)<=88),FALSE),OR(_xlpm.my="X",_xlpm.my="Y",_xlpm.my="1",_xlpm.my="2",_xlpm.my="3",_xlpm.my="4",_xlpm.my="5",_xlpm.my="6",_xlpm.my="7",_xlpm.my="8",_xlpm.my="9")),"XK8-XKR_"&IF(_xlpm.body="41","COUPE_","CONVERTIBLE_")&IF(ISNUMBER(FIND(_xlpm.mkt,"DEJW")),"USA",IF(ISNUMBER(FIND(_xlpm.mkt,"BFGX")),"CANADA","MEXICO"))&IF(_xlpm.trans="A","_AUTO_LHD","_MANUAL_LHD")&"_EMISSION_"&_xlpm.emis&IF(_xlpm.my="X","_1999",IF(_xlpm.my="Y","_2000","_200"&_xlpm.my))&"MY",AND(LEN(_xlpm.v)=10,LEFT(_xlpm.v,3)="SAJ",OR(_xlpm.mkt="A",_xlpm.mkt="B",_xlpm.mkt="D",_xlpm.mkt="E",_xlpm.mkt="F",_xlpm.mkt="J",_xlpm.mkt="K",_xlpm.mkt="P",_xlpm.mkt="R",_xlpm.mkt="W",_xlpm.mkt="X",_xlpm.mkt="Y"),OR(_xlpm.trans="A",_xlpm.trans="C"),OR(_xlpm.body="43",_xlpm.body="4D",_xlpm.body="44",_xlpm.body="4E",_xlpm.body="45",_xlpm.body="46",_xlpm.body="47",_xlpm.body="4F",_xlpm.body="4G"),OR(_xlpm.emis="A",_xlpm.emis="B",_xlpm.emis="C",_xlpm.emis="D",_xlpm.emis="E",_xlpm.emis="F",_xlpm.emis="G",_xlpm.emis="K",_xlpm.emis="N",_xlpm.emis="P",_xlpm.emis="R",_xlpm.emis="S",_xlpm.emis="T",_xlpm.emis="U",_xlpm.emis="V",_xlpm.emis="W",_xlpm.emis="X",_xlpm.emis="Y",_xlpm.emis="1",_xlpm.emis="2",_xlpm.emis="3",_xlpm.emis="4"),OR(_xlpm.my="7",_xlpm.my="8",_xlpm.my="9",_xlpm.my="A",_xlpm.my="B",_xlpm.my="C",_xlpm.my="D",_xlpm.my="E")),"X150_"&IF(_xlpm.my="7","2007MY",IF(_xlpm.my="8","2008MY",IF(_xlpm.my="9","2009MY",IF(_xlpm.my="A","2010MY",IF(_xlpm.my="B","2011MY",IF(_xlpm.my="C","2012MY",IF(_xlpm.my="D","2013MY",IF(_xlpm.my="E","2014MY","UNKNOWN_MY"))))))))&"_MARKET_"&_xlpm.mkt&"_TRANS_"&_xlpm.trans&"_BODY_"&_xlpm.body&"_EMISSION_"&_xlpm.emis&"_CHECK_"&MID(_xlpm.v,9,1),TRUE,IF(LEN(_xlpm.v)<>10,"UNKNOWN: [length="&LEN(_xlpm.v)&"]",IF(LEFT(_xlpm.v,3)<>"SAJ","UNKNOWN: [prefix="&LEFT(_xlpm.v,3)&"]",IF(LEFT(_xlpm.v,5)="SAJJG",IF(NOT(OR(MID(_xlpm.v,7,1)="E",MID(_xlpm.v,7,1)="F")),"UNKNOWN: [7="&MID(_xlpm.v,7,1)&"]",IF(NOT(OR(_xlpm.emis="D",_xlpm.emis="F")),"UNKNOWN: [8="&_xlpm.emis&"]",IF(NOT(OR(MID(_xlpm.v,9,1)="3",MID(_xlpm.v,9,1)="4")),"UNKNOWN: [9="&MID(_xlpm.v,9,1)&"]",IF(NOT(OR(_xlpm.my="A",_xlpm.my="V",_xlpm.my="W",_xlpm.my="X")),"UNKNOWN: [10="&_xlpm.my&"]","UNKNOWN")))),IF(LEFT(_xlpm.v,5)="SAJGX",IF(NOT(OR(MID(_xlpm.v,6,1)="2",MID(_xlpm.v,6,1)="5")),"UNKNOWN: [6="&MID(_xlpm.v,6,1)&"]",IF(NOT(OR(MID(_xlpm.v,7,1)="1",MID(_xlpm.v,7,1)="2",MID(_xlpm.v,7,1)="7")),"UNKNOWN: [7="&MID(_xlpm.v,7,1)&"]",IF(MID(_xlpm.v,8,1)<>"4","UNKNOWN: [8="&MID(_xlpm.v,8,1)&"]",IF(NOT(OR(_xlpm.my="V",_xlpm.my="W",_xlpm.my="X")),"UNKNOWN: [10="&_xlpm.my&"]","UNKNOWN")))),IF(NOT(OR(_xlpm.mkt="A",_xlpm.mkt="B",_xlpm.mkt="F",_xlpm.mkt="G",_xlpm.mkt="X",_xlpm.mkt="P",_xlpm.mkt="R",_xlpm.mkt="T",_xlpm.mkt="Y",_xlpm.mkt="D",_xlpm.mkt="E",_xlpm.mkt="J",_xlpm.mkt="W",_xlpm.mkt="K")),"UNKNOWN: [4="&_xlpm.mkt&"]",IF(NOT(OR(_xlpm.trans="A",_xlpm.trans="B",_xlpm.trans="C")),"UNKNOWN: [5="&_xlpm.trans&"]",IF(NOT(OR(_xlpm.body="41",_xlpm.body="42",_xlpm.body="43",_xlpm.body="4D",_xlpm.body="44",_xlpm.body="45",_xlpm.body="46",_xlpm.body="47",_xlpm.body="4F")),"UNKNOWN: [6-7="&_xlpm.body&"]",IF(NOT(ISNUMBER(SEARCH(_xlpm.emis,"ABCDEFGKNPRSTUVWXY1234"))),"UNKNOWN: [8="&_xlpm.emis&"]",IF(NOT(OR(_xlpm.my="X",_xlpm.my="Y",_xlpm.my="1",_xlpm.my="2",_xlpm.my="3",_xlpm.my="4",_xlpm.my="5",_xlpm.my="6",_xlpm.my="7",_xlpm.my="8",_xlpm.my="9",_xlpm.my="A",_xlpm.my="B",_xlpm.my="C",_xlpm.my="D",_xlpm.my="E")),"UNKNOWN: [10="&_xlpm.my&"]","UNKNOWN")))))))))))} -> X100_AMERICAS_UNIQUE (JLM20301_unique) | D15: {=_xlfn.LET(_xlpm.vin,SUBSTITUTE(CLEAN(TRIM(B15)),CHAR(160),""),_xlpm.rawDate,LEFT(TRIM(E15)&"",8),_xlpm.useDate,IF(RIGHT(_xlpm.rawDate,4)="0000",LEFT(_xlpm.rawDate,4)&"1231",_xlpm.rawDate),_xlpm.bodyCode,MID(_xlpm.vin,6,2),_xlpm.yearCode,MID(_xlpm.vin,10,1),IF(OR(LEN(_xlpm.vin)<>10,LEN(_xlpm.rawDate)<>8),"UNKNOWN",IF(OR(_xlpm.bodyCode="43",_xlpm.bodyCode="4D",_xlpm.bodyCode="44",_xlpm.bodyCode="4E",_xlpm.bodyCode="45",_xlpm.bodyCode="4F",_xlpm.bodyCode="46",_xlpm.bodyCode="4G",_xlpm.bodyCode="47"),_xlfn.SWITCH(_xlpm.yearCode,"6","B00379–B06783","7","B06784–B20074","8","B20075–B27986","9","B27987–B32752","A","B32753–B38853","B","B38854–B44939","C","B44940–B48619","D","B48620–B54164","E","B54165–B56794","F","B56795+","UNKNOWN"),IF(_xlpm.useDate<"19960601","001001–001245",IF(_xlpm.useDate<"19970101","001246–008106",IF(_xlpm.useDate<"19970801","008107–018107",IF(_xlpm.useDate<"19980101","018108–023017",IF(_xlpm.useDate<"19980201","023018–024686",IF(_xlpm.useDate<"19980801","024687–031302",IF(_xlpm.useDate<"19990801","031303–036193",IF(_xlpm.useDate<"20010101","036194–042775",IF(OR(_xlpm.bodyCode="41",_xlpm.bodyCode="42"),_xlfn.SWITCH(_xlpm.yearCode,"Y","A00001–A11050","1","A11051–A22928","2","A22929–A30644","3","A30645–A36873","4","A36874–A42347","5","A42348–A48684","UNKNOWN"),"UNKNOWN"))))))))))))} -> 008107–018107 | E15: ='Ajoneuvorekisteri-Parse Modern '!G148 -> 19970101 | F15: =LEFT(Table34[[#This Row],[Käyttöönotto]],4) -> 1997 | G15: ='Ajoneuvorekisteri-Parse Modern '!AA148 -> XK8 Avoauto (AE) 2ov 3994cm3 A | H15: =Ajoneuvorekisteri_Parse_Modern_XK_Range_TieliikenneAvoinData_30_06_2026_csv[[#This Row],[tyyppihyvaksyntanro]] -> e11*95/54*0061*03 | I15: ='Ajoneuvorekisteri-Parse Modern '!M148 -> 1760 | J15: =IF(AND( OR( ISNUMBER(SEARCH("XK ", G15)), ISNUMBER(SEARCH("XK8", G15)) ), F15 > 2005 ), 1, 0) -> 1 | K15: =IF(OR( ISNUMBER(SEARCH("XKR", G15)), ), 1, 0) -> 0 | L15: =IF(OR( ISNUMBER(SEARCH("COUPE", G15)), ISNUMBER(SEARCH("COUPÉ", G15)), ISNUMBER(SEARCH("COUP�", G15)) ), 1, 0) -> 0 | M15: =IF(OR( ISNUMBER(SEARCH("CONVERTIBLE",G15)), ISNUMBER(SEARCH("AVOAUTO",G15)), ISNUMBER(SEARCH("AVO",G15)), ISNUMBER(SEARCH("CABRIO",G15)) ),1,0) -> 1 | N15: =IF(AND(Table34[[#This Row],[Coupe]]<>1, Table34[[#This Row],[Convertible]]<>1), 1, 0) -> 0 | O15: =IF(L15=1, "Coupe", IF(M15=1, "Convertible", "Unknown")) -> Convertible
A16: ='Ajoneuvorekisteri-Parse Modern '!AO154 -> 2716513 | B16: ='Ajoneuvorekisteri-Parse Modern '!AN154 -> SAJGX2241W | C16: {=_xlfn.LET(_xlpm.v,UPPER(SUBSTITUTE(CLEAN(TRIM(B16)),CHAR(160),"")),_xlpm.mkt,MID(_xlpm.v,4,1),_xlpm.trans,MID(_xlpm.v,5,1),_xlpm.body,MID(_xlpm.v,6,2),_xlpm.emis,MID(_xlpm.v,8,1),_xlpm.my,MID(_xlpm.v,10,1),_xlfn.IFS(AND(LEN(_xlpm.v)=10,LEFT(_xlpm.v,5)="SAJJG",OR(MID(_xlpm.v,7,1)="E",MID(_xlpm.v,7,1)="F"),OR(_xlpm.emis="D",_xlpm.emis="F"),OR(MID(_xlpm.v,9,1)="3",MID(_xlpm.v,9,1)="4"),_xlpm.my="A"),"X100_EARLY_NORMAL_AR (JDHT)",AND(LEN(_xlpm.v)=10,LEFT(_xlpm.v,5)="SAJJG",MID(_xlpm.v,6,1)="A",OR(MID(_xlpm.v,7,1)="E",MID(_xlpm.v,7,1)="F"),_xlpm.emis="D",OR(MID(_xlpm.v,9,1)="3",MID(_xlpm.v,9,1)="4"),OR(_xlpm.my="V",_xlpm.my="W",_xlpm.my="X")),"X100_NORMAL (JDHT)",AND(LEN(_xlpm.v)=10,LEFT(_xlpm.v,5)="SAJJG",OR(MID(_xlpm.v,6,1)="A",MID(_xlpm.v,6,1)="K",MID(_xlpm.v,6,1)="N",MID(_xlpm.v,6,1)="X"),OR(MID(_xlpm.v,7,1)="E",MID(_xlpm.v,7,1)="F"),OR(_xlpm.emis="D",_xlpm.emis="F"),OR(MID(_xlpm.v,9,1)="3",MID(_xlpm.v,9,1)="4"),OR(_xlpm.my="V",_xlpm.my="W",_xlpm.my="X")),"X100_JLM20300",AND(LEN(_xlpm.v)=10,LEFT(_xlpm.v,5)="SAJJG",OR(MID(_xlpm.v,6,1)="N",MID(_xlpm.v,6,1)="S",MID(_xlpm.v,6,1)="X"),OR(MID(_xlpm.v,7,1)="E",MID(_xlpm.v,7,1)="F"),OR(_xlpm.emis="D",_xlpm.emis="F"),OR(MID(_xlpm.v,9,1)="3",MID(_xlpm.v,9,1)="4"),OR(MID(_xlpm.v,10,1)="V",MID(_xlpm.v,10,1)="W",MID(_xlpm.v,10,1)="X")),"X100_JLM20301",AND(LEN(_xlpm.v)=10,LEFT(_xlpm.v,5)="SAJGX",OR(MID(_xlpm.v,6,1)="2",MID(_xlpm.v,6,1)="5"),OR(MID(_xlpm.v,7,1)="1",MID(_xlpm.v,7,1)="2",MID(_xlpm.v,7,1)="7"),MID(_xlpm.v,8,1)="4",OR(MID(_xlpm.v,10,1)="V",MID(_xlpm.v,10,1)="W",MID(_xlpm.v,10,1)="X")),"X100_AMERICAS_UNIQUE (JLM20301_unique)",AND(LEN(_xlpm.v)=10,LEFT(_xlpm.v,3)="SAJ",OR(_xlpm.mkt="A",_xlpm.mkt="B",_xlpm.mkt="F",_xlpm.mkt="G",_xlpm.mkt="X",_xlpm.mkt="P",_xlpm.mkt="R",_xlpm.mkt="T",_xlpm.mkt="Y",_xlpm.mkt="D",_xlpm.mkt="E",_xlpm.mkt="J",_xlpm.mkt="W"),OR(_xlpm.trans="A",_xlpm.trans="B"),OR(_xlpm.body="41",_xlpm.body="42"),IFERROR(AND(CODE(_xlpm.emis)>=65,CODE(_xlpm.emis)<=88),FALSE),OR(_xlpm.my="X",_xlpm.my="Y",_xlpm.my="1",_xlpm.my="2",_xlpm.my="3",_xlpm.my="4",_xlpm.my="5",_xlpm.my="6",_xlpm.my="7",_xlpm.my="8",_xlpm.my="9")),"XK8-XKR_"&IF(_xlpm.body="41","COUPE_","CONVERTIBLE_")&IF(ISNUMBER(FIND(_xlpm.mkt,"DEJW")),"USA",IF(ISNUMBER(FIND(_xlpm.mkt,"BFGX")),"CANADA","MEXICO"))&IF(_xlpm.trans="A","_AUTO_LHD","_MANUAL_LHD")&"_EMISSION_"&_xlpm.emis&IF(_xlpm.my="X","_1999",IF(_xlpm.my="Y","_2000","_200"&_xlpm.my))&"MY",AND(LEN(_xlpm.v)=10,LEFT(_xlpm.v,3)="SAJ",OR(_xlpm.mkt="A",_xlpm.mkt="B",_xlpm.mkt="D",_xlpm.mkt="E",_xlpm.mkt="F",_xlpm.mkt="J",_xlpm.mkt="K",_xlpm.mkt="P",_xlpm.mkt="R",_xlpm.mkt="W",_xlpm.mkt="X",_xlpm.mkt="Y"),OR(_xlpm.trans="A",_xlpm.trans="C"),OR(_xlpm.body="43",_xlpm.body="4D",_xlpm.body="44",_xlpm.body="4E",_xlpm.body="45",_xlpm.body="46",_xlpm.body="47",_xlpm.body="4F",_xlpm.body="4G"),OR(_xlpm.emis="A",_xlpm.emis="B",_xlpm.emis="C",_xlpm.emis="D",_xlpm.emis="E",_xlpm.emis="F",_xlpm.emis="G",_xlpm.emis="K",_xlpm.emis="N",_xlpm.emis="P",_xlpm.emis="R",_xlpm.emis="S",_xlpm.emis="T",_xlpm.emis="U",_xlpm.emis="V",_xlpm.emis="W",_xlpm.emis="X",_xlpm.emis="Y",_xlpm.emis="1",_xlpm.emis="2",_xlpm.emis="3",_xlpm.emis="4"),OR(_xlpm.my="7",_xlpm.my="8",_xlpm.my="9",_xlpm.my="A",_xlpm.my="B",_xlpm.my="C",_xlpm.my="D",_xlpm.my="E")),"X150_"&IF(_xlpm.my="7","2007MY",IF(_xlpm.my="8","2008MY",IF(_xlpm.my="9","2009MY",IF(_xlpm.my="A","2010MY",IF(_xlpm.my="B","2011MY",IF(_xlpm.my="C","2012MY",IF(_xlpm.my="D","2013MY",IF(_xlpm.my="E","2014MY","UNKNOWN_MY"))))))))&"_MARKET_"&_xlpm.mkt&"_TRANS_"&_xlpm.trans&"_BODY_"&_xlpm.body&"_EMISSION_"&_xlpm.emis&"_CHECK_"&MID(_xlpm.v,9,1),TRUE,IF(LEN(_xlpm.v)<>10,"UNKNOWN: [length="&LEN(_xlpm.v)&"]",IF(LEFT(_xlpm.v,3)<>"SAJ","UNKNOWN: [prefix="&LEFT(_xlpm.v,3)&"]",IF(LEFT(_xlpm.v,5)="SAJJG",IF(NOT(OR(MID(_xlpm.v,7,1)="E",MID(_xlpm.v,7,1)="F")),"UNKNOWN: [7="&MID(_xlpm.v,7,1)&"]",IF(NOT(OR(_xlpm.emis="D",_xlpm.emis="F")),"UNKNOWN: [8="&_xlpm.emis&"]",IF(NOT(OR(MID(_xlpm.v,9,1)="3",MID(_xlpm.v,9,1)="4")),"UNKNOWN: [9="&MID(_xlpm.v,9,1)&"]",IF(NOT(OR(_xlpm.my="A",_xlpm.my="V",_xlpm.my="W",_xlpm.my="X")),"UNKNOWN: [10="&_xlpm.my&"]","UNKNOWN")))),IF(LEFT(_xlpm.v,5)="SAJGX",IF(NOT(OR(MID(_xlpm.v,6,1)="2",MID(_xlpm.v,6,1)="5")),"UNKNOWN: [6="&MID(_xlpm.v,6,1)&"]",IF(NOT(OR(MID(_xlpm.v,7,1)="1",MID(_xlpm.v,7,1)="2",MID(_xlpm.v,7,1)="7")),"UNKNOWN: [7="&MID(_xlpm.v,7,1)&"]",IF(MID(_xlpm.v,8,1)<>"4","UNKNOWN: [8="&MID(_xlpm.v,8,1)&"]",IF(NOT(OR(_xlpm.my="V",_xlpm.my="W",_xlpm.my="X")),"UNKNOWN: [10="&_xlpm.my&"]","UNKNOWN")))),IF(NOT(OR(_xlpm.mkt="A",_xlpm.mkt="B",_xlpm.mkt="F",_xlpm.mkt="G",_xlpm.mkt="X",_xlpm.mkt="P",_xlpm.mkt="R",_xlpm.mkt="T",_xlpm.mkt="Y",_xlpm.mkt="D",_xlpm.mkt="E",_xlpm.mkt="J",_xlpm.mkt="W",_xlpm.mkt="K")),"UNKNOWN: [4="&_xlpm.mkt&"]",IF(NOT(OR(_xlpm.trans="A",_xlpm.trans="B",_xlpm.trans="C")),"UNKNOWN: [5="&_xlpm.trans&"]",IF(NOT(OR(_xlpm.body="41",_xlpm.body="42",_xlpm.body="43",_xlpm.body="4D",_xlpm.body="44",_xlpm.body="45",_xlpm.body="46",_xlpm.body="47",_xlpm.body="4F")),"UNKNOWN: [6-7="&_xlpm.body&"]",IF(NOT(ISNUMBER(SEARCH(_xlpm.emis,"ABCDEFGKNPRSTUVWXY1234"))),"UNKNOWN: [8="&_xlpm.emis&"]",IF(NOT(OR(_xlpm.my="X",_xlpm.my="Y",_xlpm.my="1",_xlpm.my="2",_xlpm.my="3",_xlpm.my="4",_xlpm.my="5",_xlpm.my="6",_xlpm.my="7",_xlpm.my="8",_xlpm.my="9",_xlpm.my="A",_xlpm.my="B",_xlpm.my="C",_xlpm.my="D",_xlpm.my="E")),"UNKNOWN: [10="&_xlpm.my&"]","UNKNOWN")))))))))))} -> X100_AMERICAS_UNIQUE (JLM20301_unique) | D16: {=_xlfn.LET(_xlpm.vin,SUBSTITUTE(CLEAN(TRIM(B16)),CHAR(160),""),_xlpm.rawDate,LEFT(TRIM(E16)&"",8),_xlpm.useDate,IF(RIGHT(_xlpm.rawDate,4)="0000",LEFT(_xlpm.rawDate,4)&"1231",_xlpm.rawDate),_xlpm.bodyCode,MID(_xlpm.vin,6,2),_xlpm.yearCode,MID(_xlpm.vin,10,1),IF(OR(LEN(_xlpm.vin)<>10,LEN(_xlpm.rawDate)<>8),"UNKNOWN",IF(OR(_xlpm.bodyCode="43",_xlpm.bodyCode="4D",_xlpm.bodyCode="44",_xlpm.bodyCode="4E",_xlpm.bodyCode="45",_xlpm.bodyCode="4F",_xlpm.bodyCode="46",_xlpm.bodyCode="4G",_xlpm.bodyCode="47"),_xlfn.SWITCH(_xlpm.yearCode,"6","B00379–B06783","7","B06784–B20074","8","B20075–B27986","9","B27987–B32752","A","B32753–B38853","B","B38854–B44939","C","B44940–B48619","D","B48620–B54164","E","B54165–B56794","F","B56795+","UNKNOWN"),IF(_xlpm.useDate<"19960601","001001–001245",IF(_xlpm.useDate<"19970101","001246–008106",IF(_xlpm.useDate<"19970801","008107–018107",IF(_xlpm.useDate<"19980101","018108–023017",IF(_xlpm.useDate<"19980201","023018–024686",IF(_xlpm.useDate<"19980801","024687–031302",IF(_xlpm.useDate<"19990801","031303–036193",IF(_xlpm.useDate<"20010101","036194–042775",IF(OR(_xlpm.bodyCode="41",_xlpm.bodyCode="42"),_xlfn.SWITCH(_xlpm.yearCode,"Y","A00001–A11050","1","A11051–A22928","2","A22929–A30644","3","A30645–A36873","4","A36874–A42347","5","A42348–A48684","UNKNOWN"),"UNKNOWN"))))))))))))} -> 008107–018107 | E16: ='Ajoneuvorekisteri-Parse Modern '!G154 -> 19970101 | F16: =LEFT(Table34[[#This Row],[Käyttöönotto]],4) -> 1997 | G16: ='Ajoneuvorekisteri-Parse Modern '!AA154 -> XK8 Convertible Avoauto (AE) 2ov 3996cm3 A | H16: =Ajoneuvorekisteri_Parse_Modern_XK_Range_TieliikenneAvoinData_30_06_2026_csv[[#This Row],[tyyppihyvaksyntanro]] -> e11*95/54*0061*08 | I16: ='Ajoneuvorekisteri-Parse Modern '!M154 -> 1780 | J16: =IF(AND( OR( ISNUMBER(SEARCH("XK ", G16)), ISNUMBER(SEARCH("XK8", G16)) ), F16 > 2005 ), 1, 0) -> 1 | K16: =IF(OR( ISNUMBER(SEARCH("XKR", G16)), ), 1, 0) -> 0 | L16: =IF(OR( ISNUMBER(SEARCH("COUPE", G16)), ISNUMBER(SEARCH("COUPÉ", G16)), ISNUMBER(SEARCH("COUP�", G16)) ), 1, 0) -> 0 | M16: =IF(OR( ISNUMBER(SEARCH("CONVERTIBLE",G16)), ISNUMBER(SEARCH("AVOAUTO",G16)), ISNUMBER(SEARCH("AVO",G16)), ISNUMBER(SEARCH("CABRIO",G16)) ),1,0) -> 1 | N16: =IF(AND(Table34[[#This Row],[Coupe]]<>1, Table34[[#This Row],[Convertible]]<>1), 1, 0) -> 0 | O16: =IF(L16=1, "Coupe", IF(M16=1, "Convertible", "Unknown")) -> Convertible
A17: ='Ajoneuvorekisteri-Parse Modern '!AO169 -> 2914546 | B17: ='Ajoneuvorekisteri-Parse Modern '!AN169 -> SAJJGAED4A | C17: {=_xlfn.LET(_xlpm.v,UPPER(SUBSTITUTE(CLEAN(TRIM(B17)),CHAR(160),"")),_xlpm.mkt,MID(_xlpm.v,4,1),_xlpm.trans,MID(_xlpm.v,5,1),_xlpm.body,MID(_xlpm.v,6,2),_xlpm.emis,MID(_xlpm.v,8,1),_xlpm.my,MID(_xlpm.v,10,1),_xlfn.IFS(AND(LEN(_xlpm.v)=10,LEFT(_xlpm.v,5)="SAJJG",OR(MID(_xlpm.v,7,1)="E",MID(_xlpm.v,7,1)="F"),OR(_xlpm.emis="D",_xlpm.emis="F"),OR(MID(_xlpm.v,9,1)="3",MID(_xlpm.v,9,1)="4"),_xlpm.my="A"),"X100_EARLY_NORMAL_AR (JDHT)",AND(LEN(_xlpm.v)=10,LEFT(_xlpm.v,5)="SAJJG",MID(_xlpm.v,6,1)="A",OR(MID(_xlpm.v,7,1)="E",MID(_xlpm.v,7,1)="F"),_xlpm.emis="D",OR(MID(_xlpm.v,9,1)="3",MID(_xlpm.v,9,1)="4"),OR(_xlpm.my="V",_xlpm.my="W",_xlpm.my="X")),"X100_NORMAL (JDHT)",AND(LEN(_xlpm.v)=10,LEFT(_xlpm.v,5)="SAJJG",OR(MID(_xlpm.v,6,1)="A",MID(_xlpm.v,6,1)="K",MID(_xlpm.v,6,1)="N",MID(_xlpm.v,6,1)="X"),OR(MID(_xlpm.v,7,1)="E",MID(_xlpm.v,7,1)="F"),OR(_xlpm.emis="D",_xlpm.emis="F"),OR(MID(_xlpm.v,9,1)="3",MID(_xlpm.v,9,1)="4"),OR(_xlpm.my="V",_xlpm.my="W",_xlpm.my="X")),"X100_JLM20300",AND(LEN(_xlpm.v)=10,LEFT(_xlpm.v,5)="SAJJG",OR(MID(_xlpm.v,6,1)="N",MID(_xlpm.v,6,1)="S",MID(_xlpm.v,6,1)="X"),OR(MID(_xlpm.v,7,1)="E",MID(_xlpm.v,7,1)="F"),OR(_xlpm.emis="D",_xlpm.emis="F"),OR(MID(_xlpm.v,9,1)="3",MID(_xlpm.v,9,1)="4"),OR(MID(_xlpm.v,10,1)="V",MID(_xlpm.v,10,1)="W",MID(_xlpm.v,10,1)="X")),"X100_JLM20301",AND(LEN(_xlpm.v)=10,LEFT(_xlpm.v,5)="SAJGX",OR(MID(_xlpm.v,6,1)="2",MID(_xlpm.v,6,1)="5"),OR(MID(_xlpm.v,7,1)="1",MID(_xlpm.v,7,1)="2",MID(_xlpm.v,7,1)="7"),MID(_xlpm.v,8,1)="4",OR(MID(_xlpm.v,10,1)="V",MID(_xlpm.v,10,1)="W",MID(_xlpm.v,10,1)="X")),"X100_AMERICAS_UNIQUE (JLM20301_unique)",AND(LEN(_xlpm.v)=10,LEFT(_xlpm.v,3)="SAJ",OR(_xlpm.mkt="A",_xlpm.mkt="B",_xlpm.mkt="F",_xlpm.mkt="G",_xlpm.mkt="X",_xlpm.mkt="P",_xlpm.mkt="R",_xlpm.mkt="T",_xlpm.mkt="Y",_xlpm.mkt="D",_xlpm.mkt="E",_xlpm.mkt="J",_xlpm.mkt="W"),OR(_xlpm.trans="A",_xlpm.trans="B"),OR(_xlpm.body="41",_xlpm.body="42"),IFERROR(AND(CODE(_xlpm.emis)>=65,CODE(_xlpm.emis)<=88),FALSE),OR(_xlpm.my="X",_xlpm.my="Y",_xlpm.my="1",_xlpm.my="2",_xlpm.my="3",_xlpm.my="4",_xlpm.my="5",_xlpm.my="6",_xlpm.my="7",_xlpm.my="8",_xlpm.my="9")),"XK8-XKR_"&IF(_xlpm.body="41","COUPE_","CONVERTIBLE_")&IF(ISNUMBER(FIND(_xlpm.mkt,"DEJW")),"USA",IF(ISNUMBER(FIND(_xlpm.mkt,"BFGX")),"CANADA","MEXICO"))&IF(_xlpm.trans="A","_AUTO_LHD","_MANUAL_LHD")&"_EMISSION_"&_xlpm.emis&IF(_xlpm.my="X","_1999",IF(_xlpm.my="Y","_2000","_200"&_xlpm.my))&"MY",AND(LEN(_xlpm.v)=10,LEFT(_xlpm.v,3)="SAJ",OR(_xlpm.mkt="A",_xlpm.mkt="B",_xlpm.mkt="D",_xlpm.mkt="E",_xlpm.mkt="F",_xlpm.mkt="J",_xlpm.mkt="K",_xlpm.mkt="P",_xlpm.mkt="R",_xlpm.mkt="W",_xlpm.mkt="X",_xlpm.mkt="Y"),OR(_xlpm.trans="A",_xlpm.trans="C"),OR(_xlpm.body="43",_xlpm.body="4D",_xlpm.body="44",_xlpm.body="4E",_xlpm.body="45",_xlpm.body="46",_xlpm.body="47",_xlpm.body="4F",_xlpm.body="4G"),OR(_xlpm.emis="A",_xlpm.emis="B",_xlpm.emis="C",_xlpm.emis="D",_xlpm.emis="E",_xlpm.emis="F",_xlpm.emis="G",_xlpm.emis="K",_xlpm.emis="N",_xlpm.emis="P",_xlpm.emis="R",_xlpm.emis="S",_xlpm.emis="T",_xlpm.emis="U",_xlpm.emis="V",_xlpm.emis="W",_xlpm.emis="X",_xlpm.emis="Y",_xlpm.emis="1",_xlpm.emis="2",_xlpm.emis="3",_xlpm.emis="4"),OR(_xlpm.my="7",_xlpm.my="8",_xlpm.my="9",_xlpm.my="A",_xlpm.my="B",_xlpm.my="C",_xlpm.my="D",_xlpm.my="E")),"X150_"&IF(_xlpm.my="7","2007MY",IF(_xlpm.my="8","2008MY",IF(_xlpm.my="9","2009MY",IF(_xlpm.my="A","2010MY",IF(_xlpm.my="B","2011MY",IF(_xlpm.my="C","2012MY",IF(_xlpm.my="D","2013MY",IF(_xlpm.my="E","2014MY","UNKNOWN_MY"))))))))&"_MARKET_"&_xlpm.mkt&"_TRANS_"&_xlpm.trans&"_BODY_"&_xlpm.body&"_EMISSION_"&_xlpm.emis&"_CHECK_"&MID(_xlpm.v,9,1),TRUE,IF(LEN(_xlpm.v)<>10,"UNKNOWN: [length="&LEN(_xlpm.v)&"]",IF(LEFT(_xlpm.v,3)<>"SAJ","UNKNOWN: [prefix="&LEFT(_xlpm.v,3)&"]",IF(LEFT(_xlpm.v,5)="SAJJG",IF(NOT(OR(MID(_xlpm.v,7,1)="E",MID(_xlpm.v,7,1)="F")),"UNKNOWN: [7="&MID(_xlpm.v,7,1)&"]",IF(NOT(OR(_xlpm.emis="D",_xlpm.emis="F")),"UNKNOWN: [8="&_xlpm.emis&"]",IF(NOT(OR(MID(_xlpm.v,9,1)="3",MID(_xlpm.v,9,1)="4")),"UNKNOWN: [9="&MID(_xlpm.v,9,1)&"]",IF(NOT(OR(_xlpm.my="A",_xlpm.my="V",_xlpm.my="W",_xlpm.my="X")),"UNKNOWN: [10="&_xlpm.my&"]","UNKNOWN")))),IF(LEFT(_xlpm.v,5)="SAJGX",IF(NOT(OR(MID(_xlpm.v,6,1)="2",MID(_xlpm.v,6,1)="5")),"UNKNOWN: [6="&MID(_xlpm.v,6,1)&"]",IF(NOT(OR(MID(_xlpm.v,7,1)="1",MID(_xlpm.v,7,1)="2",MID(_xlpm.v,7,1)="7")),"UNKNOWN: [7="&MID(_xlpm.v,7,1)&"]",IF(MID(_xlpm.v,8,1)<>"4","UNKNOWN: [8="&MID(_xlpm.v,8,1)&"]",IF(NOT(OR(_xlpm.my="V",_xlpm.my="W",_xlpm.my="X")),"UNKNOWN: [10="&_xlpm.my&"]","UNKNOWN")))),IF(NOT(OR(_xlpm.mkt="A",_xlpm.mkt="B",_xlpm.mkt="F",_xlpm.mkt="G",_xlpm.mkt="X",_xlpm.mkt="P",_xlpm.mkt="R",_xlpm.mkt="T",_xlpm.mkt="Y",_xlpm.mkt="D",_xlpm.mkt="E",_xlpm.mkt="J",_xlpm.mkt="W",_xlpm.mkt="K")),"UNKNOWN: [4="&_xlpm.mkt&"]",IF(NOT(OR(_xlpm.trans="A",_xlpm.trans="B",_xlpm.trans="C")),"UNKNOWN: [5="&_xlpm.trans&"]",IF(NOT(OR(_xlpm.body="41",_xlpm.body="42",_xlpm.body="43",_xlpm.body="4D",_xlpm.body="44",_xlpm.body="45",_xlpm.body="46",_xlpm.body="47",_xlpm.body="4F")),"UNKNOWN: [6-7="&_xlpm.body&"]",IF(NOT(ISNUMBER(SEARCH(_xlpm.emis,"ABCDEFGKNPRSTUVWXY1234"))),"UNKNOWN: [8="&_xlpm.emis&"]",IF(NOT(OR(_xlpm.my="X",_xlpm.my="Y",_xlpm.my="1",_xlpm.my="2",_xlpm.my="3",_xlpm.my="4",_xlpm.my="5",_xlpm.my="6",_xlpm.my="7",_xlpm.my="8",_xlpm.my="9",_xlpm.my="A",_xlpm.my="B",_xlpm.my="C",_xlpm.my="D",_xlpm.my="E")),"UNKNOWN: [10="&_xlpm.my&"]","UNKNOWN")))))))))))} -> X100_EARLY_NORMAL_AR (JDHT) | D17: {=_xlfn.LET(_xlpm.vin,SUBSTITUTE(CLEAN(TRIM(B17)),CHAR(160),""),_xlpm.rawDate,LEFT(TRIM(E17)&"",8),_xlpm.useDate,IF(RIGHT(_xlpm.rawDate,4)="0000",LEFT(_xlpm.rawDate,4)&"1231",_xlpm.rawDate),_xlpm.bodyCode,MID(_xlpm.vin,6,2),_xlpm.yearCode,MID(_xlpm.vin,10,1),IF(OR(LEN(_xlpm.vin)<>10,LEN(_xlpm.rawDate)<>8),"UNKNOWN",IF(OR(_xlpm.bodyCode="43",_xlpm.bodyCode="4D",_xlpm.bodyCode="44",_xlpm.bodyCode="4E",_xlpm.bodyCode="45",_xlpm.bodyCode="4F",_xlpm.bodyCode="46",_xlpm.bodyCode="4G",_xlpm.bodyCode="47"),_xlfn.SWITCH(_xlpm.yearCode,"6","B00379–B06783","7","B06784–B20074","8","B20075–B27986","9","B27987–B32752","A","B32753–B38853","B","B38854–B44939","C","B44940–B48619","D","B48620–B54164","E","B54165–B56794","F","B56795+","UNKNOWN"),IF(_xlpm.useDate<"19960601","001001–001245",IF(_xlpm.useDate<"19970101","001246–008106",IF(_xlpm.useDate<"19970801","008107–018107",IF(_xlpm.useDate<"19980101","018108–023017",IF(_xlpm.useDate<"19980201","023018–024686",IF(_xlpm.useDate<"19980801","024687–031302",IF(_xlpm.useDate<"19990801","031303–036193",IF(_xlpm.useDate<"20010101","036194–042775",IF(OR(_xlpm.bodyCode="41",_xlpm.bodyCode="42"),_xlfn.SWITCH(_xlpm.yearCode,"Y","A00001–A11050","1","A11051–A22928","2","A22929–A30644","3","A30645–A36873","4","A36874–A42347","5","A42348–A48684","UNKNOWN"),"UNKNOWN"))))))))))))} -> 008107–018107 | E17: ='Ajoneuvorekisteri-Parse Modern '!G169 -> 19970204 | F17: =LEFT(Table34[[#This Row],[Käyttöönotto]],4) -> 1997 | G17: ='Ajoneuvorekisteri-Parse Modern '!AA169 -> XK8 Coup� (AD) 2ov 3996cm3 A | H17: =Ajoneuvorekisteri_Parse_Modern_XK_Range_TieliikenneAvoinData_30_06_2026_csv[[#This Row],[tyyppihyvaksyntanro]] -> e11*2001/116*0272*00 | I17: ='Ajoneuvorekisteri-Parse Modern '!M169 -> 1720 | J17: =IF(AND( OR( ISNUMBER(SEARCH("XK ", G17)), ISNUMBER(SEARCH("XK8", G17)) ), F17 > 2005 ), 1, 0) -> 1 | K17: =IF(OR( ISNUMBER(SEARCH("XKR", G17)), ), 1, 0) -> 0 | L17: =IF(OR( ISNUMBER(SEARCH("COUPE", G17)), ISNUMBER(SEARCH("COUPÉ", G17)), ISNUMBER(SEARCH("COUP�", G17)) ), 1, 0) -> 1 | M17: =IF(OR( ISNUMBER(SEARCH("CONVERTIBLE",G17)), ISNUMBER(SEARCH("AVOAUTO",G17)), ISNUMBER(SEARCH("AVO",G17)), ISNUMBER(SEARCH("CABRIO",G17)) ),1,0) -> 0 | N17: =IF(AND(Table34[[#This Row],[Coupe]]<>1, Table34[[#This Row],[Convertible]]<>1), 1, 0) -> 0 | O17: =IF(L17=1, "Coupe", IF(M17=1, "Convertible", "Unknown")) -> Coupe
A18: ='Ajoneuvorekisteri-Parse Modern '!AO21 -> 709363 | B18: ='Ajoneuvorekisteri-Parse Modern '!AN21 -> SAJJGAED4A | C18: {=_xlfn.LET(_xlpm.v,UPPER(SUBSTITUTE(CLEAN(TRIM(B18)),CHAR(160),"")),_xlpm.mkt,MID(_xlpm.v,4,1),_xlpm.trans,MID(_xlpm.v,5,1),_xlpm.body,MID(_xlpm.v,6,2),_xlpm.emis,MID(_xlpm.v,8,1),_xlpm.my,MID(_xlpm.v,10,1),_xlfn.IFS(AND(LEN(_xlpm.v)=10,LEFT(_xlpm.v,5)="SAJJG",OR(MID(_xlpm.v,7,1)="E",MID(_xlpm.v,7,1)="F"),OR(_xlpm.emis="D",_xlpm.emis="F"),OR(MID(_xlpm.v,9,1)="3",MID(_xlpm.v,9,1)="4"),_xlpm.my="A"),"X100_EARLY_NORMAL_AR (JDHT)",AND(LEN(_xlpm.v)=10,LEFT(_xlpm.v,5)="SAJJG",MID(_xlpm.v,6,1)="A",OR(MID(_xlpm.v,7,1)="E",MID(_xlpm.v,7,1)="F"),_xlpm.emis="D",OR(MID(_xlpm.v,9,1)="3",MID(_xlpm.v,9,1)="4"),OR(_xlpm.my="V",_xlpm.my="W",_xlpm.my="X")),"X100_NORMAL (JDHT)",AND(LEN(_xlpm.v)=10,LEFT(_xlpm.v,5)="SAJJG",OR(MID(_xlpm.v,6,1)="A",MID(_xlpm.v,6,1)="K",MID(_xlpm.v,6,1)="N",MID(_xlpm.v,6,1)="X"),OR(MID(_xlpm.v,7,1)="E",MID(_xlpm.v,7,1)="F"),OR(_xlpm.emis="D",_xlpm.emis="F"),OR(MID(_xlpm.v,9,1)="3",MID(_xlpm.v,9,1)="4"),OR(_xlpm.my="V",_xlpm.my="W",_xlpm.my="X")),"X100_JLM20300",AND(LEN(_xlpm.v)=10,LEFT(_xlpm.v,5)="SAJJG",OR(MID(_xlpm.v,6,1)="N",MID(_xlpm.v,6,1)="S",MID(_xlpm.v,6,1)="X"),OR(MID(_xlpm.v,7,1)="E",MID(_xlpm.v,7,1)="F"),OR(_xlpm.emis="D",_xlpm.emis="F"),OR(MID(_xlpm.v,9,1)="3",MID(_xlpm.v,9,1)="4"),OR(MID(_xlpm.v,10,1)="V",MID(_xlpm.v,10,1)="W",MID(_xlpm.v,10,1)="X")),"X100_JLM20301",AND(LEN(_xlpm.v)=10,LEFT(_xlpm.v,5)="SAJGX",OR(MID(_xlpm.v,6,1)="2",MID(_xlpm.v,6,1)="5"),OR(MID(_xlpm.v,7,1)="1",MID(_xlpm.v,7,1)="2",MID(_xlpm.v,7,1)="7"),MID(_xlpm.v,8,1)="4",OR(MID(_xlpm.v,10,1)="V",MID(_xlpm.v,10,1)="W",MID(_xlpm.v,10,1)="X")),"X100_AMERICAS_UNIQUE (JLM20301_unique)",AND(LEN(_xlpm.v)=10,LEFT(_xlpm.v,3)="SAJ",OR(_xlpm.mkt="A",_xlpm.mkt="B",_xlpm.mkt="F",_xlpm.mkt="G",_xlpm.mkt="X",_xlpm.mkt="P",_xlpm.mkt="R",_xlpm.mkt="T",_xlpm.mkt="Y",_xlpm.mkt="D",_xlpm.mkt="E",_xlpm.mkt="J",_xlpm.mkt="W"),OR(_xlpm.trans="A",_xlpm.trans="B"),OR(_xlpm.body="41",_xlpm.body="42"),IFERROR(AND(CODE(_xlpm.emis)>=65,CODE(_xlpm.emis)<=88),FALSE),OR(_xlpm.my="X",_xlpm.my="Y",_xlpm.my="1",_xlpm.my="2",_xlpm.my="3",_xlpm.my="4",_xlpm.my="5",_xlpm.my="6",_xlpm.my="7",_xlpm.my="8",_xlpm.my="9")),"XK8-XKR_"&IF(_xlpm.body="41","COUPE_","CONVERTIBLE_")&IF(ISNUMBER(FIND(_xlpm.mkt,"DEJW")),"USA",IF(ISNUMBER(FIND(_xlpm.mkt,"BFGX")),"CANADA","MEXICO"))&IF(_xlpm.trans="A","_AUTO_LHD","_MANUAL_LHD")&"_EMISSION_"&_xlpm.emis&IF(_xlpm.my="X","_1999",IF(_xlpm.my="Y","_2000","_200"&_xlpm.my))&"MY",AND(LEN(_xlpm.v)=10,LEFT(_xlpm.v,3)="SAJ",OR(_xlpm.mkt="A",_xlpm.mkt="B",_xlpm.mkt="D",_xlpm.mkt="E",_xlpm.mkt="F",_xlpm.mkt="J",_xlpm.mkt="K",_xlpm.mkt="P",_xlpm.mkt="R",_xlpm.mkt="W",_xlpm.mkt="X",_xlpm.mkt="Y"),OR(_xlpm.trans="A",_xlpm.trans="C"),OR(_xlpm.body="43",_xlpm.body="4D",_xlpm.body="44",_xlpm.body="4E",_xlpm.body="45",_xlpm.body="46",_xlpm.body="47",_xlpm.body="4F",_xlpm.body="4G"),OR(_xlpm.emis="A",_xlpm.emis="B",_xlpm.emis="C",_xlpm.emis="D",_xlpm.emis="E",_xlpm.emis="F",_xlpm.emis="G",_xlpm.emis="K",_xlpm.emis="N",_xlpm.emis="P",_xlpm.emis="R",_xlpm.emis="S",_xlpm.emis="T",_xlpm.emis="U",_xlpm.emis="V",_xlpm.emis="W",_xlpm.emis="X",_xlpm.emis="Y",_xlpm.emis="1",_xlpm.emis="2",_xlpm.emis="3",_xlpm.emis="4"),OR(_xlpm.my="7",_xlpm.my="8",_xlpm.my="9",_xlpm.my="A",_xlpm.my="B",_xlpm.my="C",_xlpm.my="D",_xlpm.my="E")),"X150_"&IF(_xlpm.my="7","2007MY",IF(_xlpm.my="8","2008MY",IF(_xlpm.my="9","2009MY",IF(_xlpm.my="A","2010MY",IF(_xlpm.my="B","2011MY",IF(_xlpm.my="C","2012MY",IF(_xlpm.my="D","2013MY",IF(_xlpm.my="E","2014MY","UNKNOWN_MY"))))))))&"_MARKET_"&_xlpm.mkt&"_TRANS_"&_xlpm.trans&"_BODY_"&_xlpm.body&"_EMISSION_"&_xlpm.emis&"_CHECK_"&MID(_xlpm.v,9,1),TRUE,IF(LEN(_xlpm.v)<>10,"UNKNOWN: [length="&LEN(_xlpm.v)&"]",IF(LEFT(_xlpm.v,3)<>"SAJ","UNKNOWN: [prefix="&LEFT(_xlpm.v,3)&"]",IF(LEFT(_xlpm.v,5)="SAJJG",IF(NOT(OR(MID(_xlpm.v,7,1)="E",MID(_xlpm.v,7,1)="F")),"UNKNOWN: [7="&MID(_xlpm.v,7,1)&"]",IF(NOT(OR(_xlpm.emis="D",_xlpm.emis="F")),"UNKNOWN: [8="&_xlpm.emis&"]",IF(NOT(OR(MID(_xlpm.v,9,1)="3",MID(_xlpm.v,9,1)="4")),"UNKNOWN: [9="&MID(_xlpm.v,9,1)&"]",IF(NOT(OR(_xlpm.my="A",_xlpm.my="V",_xlpm.my="W",_xlpm.my="X")),"UNKNOWN: [10="&_xlpm.my&"]","UNKNOWN")))),IF(LEFT(_xlpm.v,5)="SAJGX",IF(NOT(OR(MID(_xlpm.v,6,1)="2",MID(_xlpm.v,6,1)="5")),"UNKNOWN: [6="&MID(_xlpm.v,6,1)&"]",IF(NOT(OR(MID(_xlpm.v,7,1)="1",MID(_xlpm.v,7,1)="2",MID(_xlpm.v,7,1)="7")),"UNKNOWN: [7="&MID(_xlpm.v,7,1)&"]",IF(MID(_xlpm.v,8,1)<>"4","UNKNOWN: [8="&MID(_xlpm.v,8,1)&"]",IF(NOT(OR(_xlpm.my="V",_xlpm.my="W",_xlpm.my="X")),"UNKNOWN: [10="&_xlpm.my&"]","UNKNOWN")))),IF(NOT(OR(_xlpm.mkt="A",_xlpm.mkt="B",_xlpm.mkt="F",_xlpm.mkt="G",_xlpm.mkt="X",_xlpm.mkt="P",_xlpm.mkt="R",_xlpm.mkt="T",_xlpm.mkt="Y",_xlpm.mkt="D",_xlpm.mkt="E",_xlpm.mkt="J",_xlpm.mkt="W",_xlpm.mkt="K")),"UNKNOWN: [4="&_xlpm.mkt&"]",IF(NOT(OR(_xlpm.trans="A",_xlpm.trans="B",_xlpm.trans="C")),"UNKNOWN: [5="&_xlpm.trans&"]",IF(NOT(OR(_xlpm.body="41",_xlpm.body="42",_xlpm.body="43",_xlpm.body="4D",_xlpm.body="44",_xlpm.body="45",_xlpm.body="46",_xlpm.body="47",_xlpm.body="4F")),"UNKNOWN: [6-7="&_xlpm.body&"]",IF(NOT(ISNUMBER(SEARCH(_xlpm.emis,"ABCDEFGKNPRSTUVWXY1234"))),"UNKNOWN: [8="&_xlpm.emis&"]",IF(NOT(OR(_xlpm.my="X",_xlpm.my="Y",_xlpm.my="1",_xlpm.my="2",_xlpm.my="3",_xlpm.my="4",_xlpm.my="5",_xlpm.my="6",_xlpm.my="7",_xlpm.my="8",_xlpm.my="9",_xlpm.my="A",_xlpm.my="B",_xlpm.my="C",_xlpm.my="D",_xlpm.my="E")),"UNKNOWN: [10="&_xlpm.my&"]","UNKNOWN")))))))))))} -> X100_EARLY_NORMAL_AR (JDHT) | D18: {=_xlfn.LET(_xlpm.vin,SUBSTITUTE(CLEAN(TRIM(B18)),CHAR(160),""),_xlpm.rawDate,LEFT(TRIM(E18)&"",8),_xlpm.useDate,IF(RIGHT(_xlpm.rawDate,4)="0000",LEFT(_xlpm.rawDate,4)&"1231",_xlpm.rawDate),_xlpm.bodyCode,MID(_xlpm.vin,6,2),_xlpm.yearCode,MID(_xlpm.vin,10,1),IF(OR(LEN(_xlpm.vin)<>10,LEN(_xlpm.rawDate)<>8),"UNKNOWN",IF(OR(_xlpm.bodyCode="43",_xlpm.bodyCode="4D",_xlpm.bodyCode="44",_xlpm.bodyCode="4E",_xlpm.bodyCode="45",_xlpm.bodyCode="4F",_xlpm.bodyCode="46",_xlpm.bodyCode="4G",_xlpm.bodyCode="47"),_xlfn.SWITCH(_xlpm.yearCode,"6","B00379–B06783","7","B06784–B20074","8","B20075–B27986","9","B27987–B32752","A","B32753–B38853","B","B38854–B44939","C","B44940–B48619","D","B48620–B54164","E","B54165–B56794","F","B56795+","UNKNOWN"),IF(_xlpm.useDate<"19960601","001001–001245",IF(_xlpm.useDate<"19970101","001246–008106",IF(_xlpm.useDate<"19970801","008107–018107",IF(_xlpm.useDate<"19980101","018108–023017",IF(_xlpm.useDate<"19980201","023018–024686",IF(_xlpm.useDate<"19980801","024687–031302",IF(_xlpm.useDate<"19990801","031303–036193",IF(_xlpm.useDate<"20010101","036194–042775",IF(OR(_xlpm.bodyCode="41",_xlpm.bodyCode="42"),_xlfn.SWITCH(_xlpm.yearCode,"Y","A00001–A11050","1","A11051–A22928","2","A22929–A30644","3","A30645–A36873","4","A36874–A42347","5","A42348–A48684","UNKNOWN"),"UNKNOWN"))))))))))))} -> 008107–018107 | E18: ='Ajoneuvorekisteri-Parse Modern '!G21 -> 19970207 | F18: =LEFT(Table34[[#This Row],[Käyttöönotto]],4) -> 1997 | G18: ='Ajoneuvorekisteri-Parse Modern '!AA21 -> COUPE XK8 4.0-AUTOMATIC-JGED/259 | H18: =Ajoneuvorekisteri_Parse_Modern_XK_Range_TieliikenneAvoinData_30_06_2026_csv[[#This Row],[tyyppihyvaksyntanro]] -> e11*2001/116*0272*00 | I18: ='Ajoneuvorekisteri-Parse Modern '!M21 -> 1720 | J18: =IF(AND( OR( ISNUMBER(SEARCH("XK ", G18)), ISNUMBER(SEARCH("XK8", G18)) ), F18 > 2005 ), 1, 0) -> 1 | K18: =IF(OR( ISNUMBER(SEARCH("XKR", G18)), ), 1, 0) -> 0 | L18: =IF(OR( ISNUMBER(SEARCH("COUPE", G18)), ISNUMBER(SEARCH("COUPÉ", G18)), ISNUMBER(SEARCH("COUP�", G18)) ), 1, 0) -> 1 | M18: =IF(OR( ISNUMBER(SEARCH("CONVERTIBLE",G18)), ISNUMBER(SEARCH("AVOAUTO",G18)), ISNUMBER(SEARCH("AVO",G18)), ISNUMBER(SEARCH("CABRIO",G18)) ),1,0) -> 0 | N18: =IF(AND(Table34[[#This Row],[Coupe]]<>1, Table34[[#This Row],[Convertible]]<>1), 1, 0) -> 0 | O18: =IF(L18=1, "Coupe", IF(M18=1, "Convertible", "Unknown")) -> Coupe
A19: ='Ajoneuvorekisteri-Parse Modern '!AO61 -> 1663898 | B19: ='Ajoneuvorekisteri-Parse Modern '!AN61 -> SAJJGAFD4A | C19: {=_xlfn.LET(_xlpm.v,UPPER(SUBSTITUTE(CLEAN(TRIM(B19)),CHAR(160),"")),_xlpm.mkt,MID(_xlpm.v,4,1),_xlpm.trans,MID(_xlpm.v,5,1),_xlpm.body,MID(_xlpm.v,6,2),_xlpm.emis,MID(_xlpm.v,8,1),_xlpm.my,MID(_xlpm.v,10,1),_xlfn.IFS(AND(LEN(_xlpm.v)=10,LEFT(_xlpm.v,5)="SAJJG",OR(MID(_xlpm.v,7,1)="E",MID(_xlpm.v,7,1)="F"),OR(_xlpm.emis="D",_xlpm.emis="F"),OR(MID(_xlpm.v,9,1)="3",MID(_xlpm.v,9,1)="4"),_xlpm.my="A"),"X100_EARLY_NORMAL_AR (JDHT)",AND(LEN(_xlpm.v)=10,LEFT(_xlpm.v,5)="SAJJG",MID(_xlpm.v,6,1)="A",OR(MID(_xlpm.v,7,1)="E",MID(_xlpm.v,7,1)="F"),_xlpm.emis="D",OR(MID(_xlpm.v,9,1)="3",MID(_xlpm.v,9,1)="4"),OR(_xlpm.my="V",_xlpm.my="W",_xlpm.my="X")),"X100_NORMAL (JDHT)",AND(LEN(_xlpm.v)=10,LEFT(_xlpm.v,5)="SAJJG",OR(MID(_xlpm.v,6,1)="A",MID(_xlpm.v,6,1)="K",MID(_xlpm.v,6,1)="N",MID(_xlpm.v,6,1)="X"),OR(MID(_xlpm.v,7,1)="E",MID(_xlpm.v,7,1)="F"),OR(_xlpm.emis="D",_xlpm.emis="F"),OR(MID(_xlpm.v,9,1)="3",MID(_xlpm.v,9,1)="4"),OR(_xlpm.my="V",_xlpm.my="W",_xlpm.my="X")),"X100_JLM20300",AND(LEN(_xlpm.v)=10,LEFT(_xlpm.v,5)="SAJJG",OR(MID(_xlpm.v,6,1)="N",MID(_xlpm.v,6,1)="S",MID(_xlpm.v,6,1)="X"),OR(MID(_xlpm.v,7,1)="E",MID(_xlpm.v,7,1)="F"),OR(_xlpm.emis="D",_xlpm.emis="F"),OR(MID(_xlpm.v,9,1)="3",MID(_xlpm.v,9,1)="4"),OR(MID(_xlpm.v,10,1)="V",MID(_xlpm.v,10,1)="W",MID(_xlpm.v,10,1)="X")),"X100_JLM20301",AND(LEN(_xlpm.v)=10,LEFT(_xlpm.v,5)="SAJGX",OR(MID(_xlpm.v,6,1)="2",MID(_xlpm.v,6,1)="5"),OR(MID(_xlpm.v,7,1)="1",MID(_xlpm.v,7,1)="2",MID(_xlpm.v,7,1)="7"),MID(_xlpm.v,8,1)="4",OR(MID(_xlpm.v,10,1)="V",MID(_xlpm.v,10,1)="W",MID(_xlpm.v,10,1)="X")),"X100_AMERICAS_UNIQUE (JLM20301_unique)",AND(LEN(_xlpm.v)=10,LEFT(_xlpm.v,3)="SAJ",OR(_xlpm.mkt="A",_xlpm.mkt="B",_xlpm.mkt="F",_xlpm.mkt="G",_xlpm.mkt="X",_xlpm.mkt="P",_xlpm.mkt="R",_xlpm.mkt="T",_xlpm.mkt="Y",_xlpm.mkt="D",_xlpm.mkt="E",_xlpm.mkt="J",_xlpm.mkt="W"),OR(_xlpm.trans="A",_xlpm.trans="B"),OR(_xlpm.body="41",_xlpm.body="42"),IFERROR(AND(CODE(_xlpm.emis)>=65,CODE(_xlpm.emis)<=88),FALSE),OR(_xlpm.my="X",_xlpm.my="Y",_xlpm.my="1",_xlpm.my="2",_xlpm.my="3",_xlpm.my="4",_xlpm.my="5",_xlpm.my="6",_xlpm.my="7",_xlpm.my="8",_xlpm.my="9")),"XK8-XKR_"&IF(_xlpm.body="41","COUPE_","CONVERTIBLE_")&IF(ISNUMBER(FIND(_xlpm.mkt,"DEJW")),"USA",IF(ISNUMBER(FIND(_xlpm.mkt,"BFGX")),"CANADA","MEXICO"))&IF(_xlpm.trans="A","_AUTO_LHD","_MANUAL_LHD")&"_EMISSION_"&_xlpm.emis&IF(_xlpm.my="X","_1999",IF(_xlpm.my="Y","_2000","_200"&_xlpm.my))&"MY",AND(LEN(_xlpm.v)=10,LEFT(_xlpm.v,3)="SAJ",OR(_xlpm.mkt="A",_xlpm.mkt="B",_xlpm.mkt="D",_xlpm.mkt="E",_xlpm.mkt="F",_xlpm.mkt="J",_xlpm.mkt="K",_xlpm.mkt="P",_xlpm.mkt="R",_xlpm.mkt="W",_xlpm.mkt="X",_xlpm.mkt="Y"),OR(_xlpm.trans="A",_xlpm.trans="C"),OR(_xlpm.body="43",_xlpm.body="4D",_xlpm.body="44",_xlpm.body="4E",_xlpm.body="45",_xlpm.body="46",_xlpm.body="47",_xlpm.body="4F",_xlpm.body="4G"),OR(_xlpm.emis="A",_xlpm.emis="B",_xlpm.emis="C",_xlpm.emis="D",_xlpm.emis="E",_xlpm.emis="F",_xlpm.emis="G",_xlpm.emis="K",_xlpm.emis="N",_xlpm.emis="P",_xlpm.emis="R",_xlpm.emis="S",_xlpm.emis="T",_xlpm.emis="U",_xlpm.emis="V",_xlpm.emis="W",_xlpm.emis="X",_xlpm.emis="Y",_xlpm.emis="1",_xlpm.emis="2",_xlpm.emis="3",_xlpm.emis="4"),OR(_xlpm.my="7",_xlpm.my="8",_xlpm.my="9",_xlpm.my="A",_xlpm.my="B",_xlpm.my="C",_xlpm.my="D",_xlpm.my="E")),"X150_"&IF(_xlpm.my="7","2007MY",IF(_xlpm.my="8","2008MY",IF(_xlpm.my="9","2009MY",IF(_xlpm.my="A","2010MY",IF(_xlpm.my="B","2011MY",IF(_xlpm.my="C","2012MY",IF(_xlpm.my="D","2013MY",IF(_xlpm.my="E","2014MY","UNKNOWN_MY"))))))))&"_MARKET_"&_xlpm.mkt&"_TRANS_"&_xlpm.trans&"_BODY_"&_xlpm.body&"_EMISSION_"&_xlpm.emis&"_CHECK_"&MID(_xlpm.v,9,1),TRUE,IF(LEN(_xlpm.v)<>10,"UNKNOWN: [length="&LEN(_xlpm.v)&"]",IF(LEFT(_xlpm.v,3)<>"SAJ","UNKNOWN: [prefix="&LEFT(_xlpm.v,3)&"]",IF(LEFT(_xlpm.v,5)="SAJJG",IF(NOT(OR(MID(_xlpm.v,7,1)="E",MID(_xlpm.v,7,1)="F")),"UNKNOWN: [7="&MID(_xlpm.v,7,1)&"]",IF(NOT(OR(_xlpm.emis="D",_xlpm.emis="F")),"UNKNOWN: [8="&_xlpm.emis&"]",IF(NOT(OR(MID(_xlpm.v,9,1)="3",MID(_xlpm.v,9,1)="4")),"UNKNOWN: [9="&MID(_xlpm.v,9,1)&"]",IF(NOT(OR(_xlpm.my="A",_xlpm.my="V",_xlpm.my="W",_xlpm.my="X")),"UNKNOWN: [10="&_xlpm.my&"]","UNKNOWN")))),IF(LEFT(_xlpm.v,5)="SAJGX",IF(NOT(OR(MID(_xlpm.v,6,1)="2",MID(_xlpm.v,6,1)="5")),"UNKNOWN: [6="&MID(_xlpm.v,6,1)&"]",IF(NOT(OR(MID(_xlpm.v,7,1)="1",MID(_xlpm.v,7,1)="2",MID(_xlpm.v,7,1)="7")),"UNKNOWN: [7="&MID(_xlpm.v,7,1)&"]",IF(MID(_xlpm.v,8,1)<>"4","UNKNOWN: [8="&MID(_xlpm.v,8,1)&"]",IF(NOT(OR(_xlpm.my="V",_xlpm.my="W",_xlpm.my="X")),"UNKNOWN: [10="&_xlpm.my&"]","UNKNOWN")))),IF(NOT(OR(_xlpm.mkt="A",_xlpm.mkt="B",_xlpm.mkt="F",_xlpm.mkt="G",_xlpm.mkt="X",_xlpm.mkt="P",_xlpm.mkt="R",_xlpm.mkt="T",_xlpm.mkt="Y",_xlpm.mkt="D",_xlpm.mkt="E",_xlpm.mkt="J",_xlpm.mkt="W",_xlpm.mkt="K")),"UNKNOWN: [4="&_xlpm.mkt&"]",IF(NOT(OR(_xlpm.trans="A",_xlpm.trans="B",_xlpm.trans="C")),"UNKNOWN: [5="&_xlpm.trans&"]",IF(NOT(OR(_xlpm.body="41",_xlpm.body="42",_xlpm.body="43",_xlpm.body="4D",_xlpm.body="44",_xlpm.body="45",_xlpm.body="46",_xlpm.body="47",_xlpm.body="4F")),"UNKNOWN: [6-7="&_xlpm.body&"]",IF(NOT(ISNUMBER(SEARCH(_xlpm.emis,"ABCDEFGKNPRSTUVWXY1234"))),"UNKNOWN: [8="&_xlpm.emis&"]",IF(NOT(OR(_xlpm.my="X",_xlpm.my="Y",_xlpm.my="1",_xlpm.my="2",_xlpm.my="3",_xlpm.my="4",_xlpm.my="5",_xlpm.my="6",_xlpm.my="7",_xlpm.my="8",_xlpm.my="9",_xlpm.my="A",_xlpm.my="B",_xlpm.my="C",_xlpm.my="D",_xlpm.my="E")),"UNKNOWN: [10="&_xlpm.my&"]","UNKNOWN")))))))))))} -> X100_EARLY_NORMAL_AR (JDHT) | D19: {=_xlfn.LET(_xlpm.vin,SUBSTITUTE(CLEAN(TRIM(B19)),CHAR(160),""),_xlpm.rawDate,LEFT(TRIM(E19)&"",8),_xlpm.useDate,IF(RIGHT(_xlpm.rawDate,4)="0000",LEFT(_xlpm.rawDate,4)&"1231",_xlpm.rawDate),_xlpm.bodyCode,MID(_xlpm.vin,6,2),_xlpm.yearCode,MID(_xlpm.vin,10,1),IF(OR(LEN(_xlpm.vin)<>10,LEN(_xlpm.rawDate)<>8),"UNKNOWN",IF(OR(_xlpm.bodyCode="43",_xlpm.bodyCode="4D",_xlpm.bodyCode="44",_xlpm.bodyCode="4E",_xlpm.bodyCode="45",_xlpm.bodyCode="4F",_xlpm.bodyCode="46",_xlpm.bodyCode="4G",_xlpm.bodyCode="47"),_xlfn.SWITCH(_xlpm.yearCode,"6","B00379–B06783","7","B06784–B20074","8","B20075–B27986","9","B27987–B32752","A","B32753–B38853","B","B38854–B44939","C","B44940–B48619","D","B48620–B54164","E","B54165–B56794","F","B56795+","UNKNOWN"),IF(_xlpm.useDate<"19960601","001001–001245",IF(_xlpm.useDate<"19970101","001246–008106",IF(_xlpm.useDate<"19970801","008107–018107",IF(_xlpm.useDate<"19980101","018108–023017",IF(_xlpm.useDate<"19980201","023018–024686",IF(_xlpm.useDate<"19980801","024687–031302",IF(_xlpm.useDate<"19990801","031303–036193",IF(_xlpm.useDate<"20010101","036194–042775",IF(OR(_xlpm.bodyCode="41",_xlpm.bodyCode="42"),_xlfn.SWITCH(_xlpm.yearCode,"Y","A00001–A11050","1","A11051–A22928","2","A22929–A30644","3","A30645–A36873","4","A36874–A42347","5","A42348–A48684","UNKNOWN"),"UNKNOWN"))))))))))))} -> 008107–018107 | E19: ='Ajoneuvorekisteri-Parse Modern '!G61 -> 19970326 | F19: =LEFT(Table34[[#This Row],[Käyttöönotto]],4) -> 1997 | G19: ='Ajoneuvorekisteri-Parse Modern '!AA61 -> 2D CONVERTIBLE XK8 4.0-AUTOMATIC-JGAF/259 | H19: =Ajoneuvorekisteri_Parse_Modern_XK_Range_TieliikenneAvoinData_30_06_2026_csv[[#This Row],[tyyppihyvaksyntanro]] -> e11*95/54*0061*00 | I19: ='Ajoneuvorekisteri-Parse Modern '!M61 -> 1720 | J19: =IF(AND( OR( ISNUMBER(SEARCH("XK ", G19)), ISNUMBER(SEARCH("XK8", G19)) ), F19 > 2005 ), 1, 0) -> 1 | K19: =IF(OR( ISNUMBER(SEARCH("XKR", G19)), ), 1, 0) -> 0 | L19: =IF(OR( ISNUMBER(SEARCH("COUPE", G19)), ISNUMBER(SEARCH("COUPÉ", G19)), ISNUMBER(SEARCH("COUP�", G19)) ), 1, 0) -> 0 | M19: =IF(OR( ISNUMBER(SEARCH("CONVERTIBLE",G19)), ISNUMBER(SEARCH("AVOAUTO",G19)), ISNUMBER(SEARCH("AVO",G19)), ISNUMBER(SEARCH("CABRIO",G19)) ),1,0) -> 1 | N19: =IF(AND(Table34[[#This Row],[Coupe]]<>1, Table34[[#This Row],[Convertible]]<>1), 1, 0) -> 0 | O19: =IF(L19=1, "Coupe", IF(M19=1, "Convertible", "Unknown")) -> Convertible
A20: ='Ajoneuvorekisteri-Parse Modern '!AO136 -> 2568375 | B20: ='Ajoneuvorekisteri-Parse Modern '!AN136 -> SAJGX2742V | C20: {=_xlfn.LET(_xlpm.v,UPPER(SUBSTITUTE(CLEAN(TRIM(B20)),CHAR(160),"")),_xlpm.mkt,MID(_xlpm.v,4,1),_xlpm.trans,MID(_xlpm.v,5,1),_xlpm.body,MID(_xlpm.v,6,2),_xlpm.emis,MID(_xlpm.v,8,1),_xlpm.my,MID(_xlpm.v,10,1),_xlfn.IFS(AND(LEN(_xlpm.v)=10,LEFT(_xlpm.v,5)="SAJJG",OR(MID(_xlpm.v,7,1)="E",MID(_xlpm.v,7,1)="F"),OR(_xlpm.emis="D",_xlpm.emis="F"),OR(MID(_xlpm.v,9,1)="3",MID(_xlpm.v,9,1)="4"),_xlpm.my="A"),"X100_EARLY_NORMAL_AR (JDHT)",AND(LEN(_xlpm.v)=10,LEFT(_xlpm.v,5)="SAJJG",MID(_xlpm.v,6,1)="A",OR(MID(_xlpm.v,7,1)="E",MID(_xlpm.v,7,1)="F"),_xlpm.emis="D",OR(MID(_xlpm.v,9,1)="3",MID(_xlpm.v,9,1)="4"),OR(_xlpm.my="V",_xlpm.my="W",_xlpm.my="X")),"X100_NORMAL (JDHT)",AND(LEN(_xlpm.v)=10,LEFT(_xlpm.v,5)="SAJJG",OR(MID(_xlpm.v,6,1)="A",MID(_xlpm.v,6,1)="K",MID(_xlpm.v,6,1)="N",MID(_xlpm.v,6,1)="X"),OR(MID(_xlpm.v,7,1)="E",MID(_xlpm.v,7,1)="F"),OR(_xlpm.emis="D",_xlpm.emis="F"),OR(MID(_xlpm.v,9,1)="3",MID(_xlpm.v,9,1)="4"),OR(_xlpm.my="V",_xlpm.my="W",_xlpm.my="X")),"X100_JLM20300",AND(LEN(_xlpm.v)=10,LEFT(_xlpm.v,5)="SAJJG",OR(MID(_xlpm.v,6,1)="N",MID(_xlpm.v,6,1)="S",MID(_xlpm.v,6,1)="X"),OR(MID(_xlpm.v,7,1)="E",MID(_xlpm.v,7,1)="F"),OR(_xlpm.emis="D",_xlpm.emis="F"),OR(MID(_xlpm.v,9,1)="3",MID(_xlpm.v,9,1)="4"),OR(MID(_xlpm.v,10,1)="V",MID(_xlpm.v,10,1)="W",MID(_xlpm.v,10,1)="X")),"X100_JLM20301",AND(LEN(_xlpm.v)=10,LEFT(_xlpm.v,5)="SAJGX",OR(MID(_xlpm.v,6,1)="2",MID(_xlpm.v,6,1)="5"),OR(MID(_xlpm.v,7,1)="1",MID(_xlpm.v,7,1)="2",MID(_xlpm.v,7,1)="7"),MID(_xlpm.v,8,1)="4",OR(MID(_xlpm.v,10,1)="V",MID(_xlpm.v,10,1)="W",MID(_xlpm.v,10,1)="X")),"X100_AMERICAS_UNIQUE (JLM20301_unique)",AND(LEN(_xlpm.v)=10,LEFT(_xlpm.v,3)="SAJ",OR(_xlpm.mkt="A",_xlpm.mkt="B",_xlpm.mkt="F",_xlpm.mkt="G",_xlpm.mkt="X",_xlpm.mkt="P",_xlpm.mkt="R",_xlpm.mkt="T",_xlpm.mkt="Y",_xlpm.mkt="D",_xlpm.mkt="E",_xlpm.mkt="J",_xlpm.mkt="W"),OR(_xlpm.trans="A",_xlpm.trans="B"),OR(_xlpm.body="41",_xlpm.body="42"),IFERROR(AND(CODE(_xlpm.emis)>=65,CODE(_xlpm.emis)<=88),FALSE),OR(_xlpm.my="X",_xlpm.my="Y",_xlpm.my="1",_xlpm.my="2",_xlpm.my="3",_xlpm.my="4",_xlpm.my="5",_xlpm.my="6",_xlpm.my="7",_xlpm.my="8",_xlpm.my="9")),"XK8-XKR_"&IF(_xlpm.body="41","COUPE_","CONVERTIBLE_")&IF(ISNUMBER(FIND(_xlpm.mkt,"DEJW")),"USA",IF(ISNUMBER(FIND(_xlpm.mkt,"BFGX")),"CANADA","MEXICO"))&IF(_xlpm.trans="A","_AUTO_LHD","_MANUAL_LHD")&"_EMISSION_"&_xlpm.emis&IF(_xlpm.my="X","_1999",IF(_xlpm.my="Y","_2000","_200"&_xlpm.my))&"MY",AND(LEN(_xlpm.v)=10,LEFT(_xlpm.v,3)="SAJ",OR(_xlpm.mkt="A",_xlpm.mkt="B",_xlpm.mkt="D",_xlpm.mkt="E",_xlpm.mkt="F",_xlpm.mkt="J",_xlpm.mkt="K",_xlpm.mkt="P",_xlpm.mkt="R",_xlpm.mkt="W",_xlpm.mkt="X",_xlpm.mkt="Y"),OR(_xlpm.trans="A",_xlpm.trans="C"),OR(_xlpm.body="43",_xlpm.body="4D",_xlpm.body="44",_xlpm.body="4E",_xlpm.body="45",_xlpm.body="46",_xlpm.body="47",_xlpm.body="4F",_xlpm.body="4G"),OR(_xlpm.emis="A",_xlpm.emis="B",_xlpm.emis="C",_xlpm.emis="D",_xlpm.emis="E",_xlpm.emis="F",_xlpm.emis="G",_xlpm.emis="K",_xlpm.emis="N",_xlpm.emis="P",_xlpm.emis="R",_xlpm.emis="S",_xlpm.emis="T",_xlpm.emis="U",_xlpm.emis="V",_xlpm.emis="W",_xlpm.emis="X",_xlpm.emis="Y",_xlpm.emis="1",_xlpm.emis="2",_xlpm.emis="3",_xlpm.emis="4"),OR(_xlpm.my="7",_xlpm.my="8",_xlpm.my="9",_xlpm.my="A",_xlpm.my="B",_xlpm.my="C",_xlpm.my="D",_xlpm.my="E")),"X150_"&IF(_xlpm.my="7","2007MY",IF(_xlpm.my="8","2008MY",IF(_xlpm.my="9","2009MY",IF(_xlpm.my="A","2010MY",IF(_xlpm.my="B","2011MY",IF(_xlpm.my="C","2012MY",IF(_xlpm.my="D","2013MY",IF(_xlpm.my="E","2014MY","UNKNOWN_MY"))))))))&"_MARKET_"&_xlpm.mkt&"_TRANS_"&_xlpm.trans&"_BODY_"&_xlpm.body&"_EMISSION_"&_xlpm.emis&"_CHECK_"&MID(_xlpm.v,9,1),TRUE,IF(LEN(_xlpm.v)<>10,"UNKNOWN: [length="&LEN(_xlpm.v)&"]",IF(LEFT(_xlpm.v,3)<>"SAJ","UNKNOWN: [prefix="&LEFT(_xlpm.v,3)&"]",IF(LEFT(_xlpm.v,5)="SAJJG",IF(NOT(OR(MID(_xlpm.v,7,1)="E",MID(_xlpm.v,7,1)="F")),"UNKNOWN: [7="&MID(_xlpm.v,7,1)&"]",IF(NOT(OR(_xlpm.emis="D",_xlpm.emis="F")),"UNKNOWN: [8="&_xlpm.emis&"]",IF(NOT(OR(MID(_xlpm.v,9,1)="3",MID(_xlpm.v,9,1)="4")),"UNKNOWN: [9="&MID(_xlpm.v,9,1)&"]",IF(NOT(OR(_xlpm.my="A",_xlpm.my="V",_xlpm.my="W",_xlpm.my="X")),"UNKNOWN: [10="&_xlpm.my&"]","UNKNOWN")))),IF(LEFT(_xlpm.v,5)="SAJGX",IF(NOT(OR(MID(_xlpm.v,6,1)="2",MID(_xlpm.v,6,1)="5")),"UNKNOWN: [6="&MID(_xlpm.v,6,1)&"]",IF(NOT(OR(MID(_xlpm.v,7,1)="1",MID(_xlpm.v,7,1)="2",MID(_xlpm.v,7,1)="7")),"UNKNOWN: [7="&MID(_xlpm.v,7,1)&"]",IF(MID(_xlpm.v,8,1)<>"4","UNKNOWN: [8="&MID(_xlpm.v,8,1)&"]",IF(NOT(OR(_xlpm.my="V",_xlpm.my="W",_xlpm.my="X")),"UNKNOWN: [10="&_xlpm.my&"]","UNKNOWN")))),IF(NOT(OR(_xlpm.mkt="A",_xlpm.mkt="B",_xlpm.mkt="F",_xlpm.mkt="G",_xlpm.mkt="X",_xlpm.mkt="P",_xlpm.mkt="R",_xlpm.mkt="T",_xlpm.mkt="Y",_xlpm.mkt="D",_xlpm.mkt="E",_xlpm.mkt="J",_xlpm.mkt="W",_xlpm.mkt="K")),"UNKNOWN: [4="&_xlpm.mkt&"]",IF(NOT(OR(_xlpm.trans="A",_xlpm.trans="B",_xlpm.trans="C")),"UNKNOWN: [5="&_xlpm.trans&"]",IF(NOT(OR(_xlpm.body="41",_xlpm.body="42",_xlpm.body="43",_xlpm.body="4D",_xlpm.body="44",_xlpm.body="45",_xlpm.body="46",_xlpm.body="47",_xlpm.body="4F")),"UNKNOWN: [6-7="&_xlpm.body&"]",IF(NOT(ISNUMBER(SEARCH(_xlpm.emis,"ABCDEFGKNPRSTUVWXY1234"))),"UNKNOWN: [8="&_xlpm.emis&"]",IF(NOT(OR(_xlpm.my="X",_xlpm.my="Y",_xlpm.my="1",_xlpm.my="2",_xlpm.my="3",_xlpm.my="4",_xlpm.my="5",_xlpm.my="6",_xlpm.my="7",_xlpm.my="8",_xlpm.my="9",_xlpm.my="A",_xlpm.my="B",_xlpm.my="C",_xlpm.my="D",_xlpm.my="E")),"UNKNOWN: [10="&_xlpm.my&"]","UNKNOWN")))))))))))} -> X100_AMERICAS_UNIQUE (JLM20301_unique) | D20: {=_xlfn.LET(_xlpm.vin,SUBSTITUTE(CLEAN(TRIM(B20)),CHAR(160),""),_xlpm.rawDate,LEFT(TRIM(E20)&"",8),_xlpm.useDate,IF(RIGHT(_xlpm.rawDate,4)="0000",LEFT(_xlpm.rawDate,4)&"1231",_xlpm.rawDate),_xlpm.bodyCode,MID(_xlpm.vin,6,2),_xlpm.yearCode,MID(_xlpm.vin,10,1),IF(OR(LEN(_xlpm.vin)<>10,LEN(_xlpm.rawDate)<>8),"UNKNOWN",IF(OR(_xlpm.bodyCode="43",_xlpm.bodyCode="4D",_xlpm.bodyCode="44",_xlpm.bodyCode="4E",_xlpm.bodyCode="45",_xlpm.bodyCode="4F",_xlpm.bodyCode="46",_xlpm.bodyCode="4G",_xlpm.bodyCode="47"),_xlfn.SWITCH(_xlpm.yearCode,"6","B00379–B06783","7","B06784–B20074","8","B20075–B27986","9","B27987–B32752","A","B32753–B38853","B","B38854–B44939","C","B44940–B48619","D","B48620–B54164","E","B54165–B56794","F","B56795+","UNKNOWN"),IF(_xlpm.useDate<"19960601","001001–001245",IF(_xlpm.useDate<"19970101","001246–008106",IF(_xlpm.useDate<"19970801","008107–018107",IF(_xlpm.useDate<"19980101","018108–023017",IF(_xlpm.useDate<"19980201","023018–024686",IF(_xlpm.useDate<"19980801","024687–031302",IF(_xlpm.useDate<"19990801","031303–036193",IF(_xlpm.useDate<"20010101","036194–042775",IF(OR(_xlpm.bodyCode="41",_xlpm.bodyCode="42"),_xlfn.SWITCH(_xlpm.yearCode,"Y","A00001–A11050","1","A11051–A22928","2","A22929–A30644","3","A30645–A36873","4","A36874–A42347","5","A42348–A48684","UNKNOWN"),"UNKNOWN"))))))))))))} -> 008107–018107 | E20: ='Ajoneuvorekisteri-Parse Modern '!G136 -> 19970402 | F20: =LEFT(Table34[[#This Row],[Käyttöönotto]],4) -> 1997 | G20: ='Ajoneuvorekisteri-Parse Modern '!AA136 -> XK8 Avoauto (AE) 2ov 3990cm3 A | H20: =Ajoneuvorekisteri_Parse_Modern_XK_Range_TieliikenneAvoinData_30_06_2026_csv[[#This Row],[tyyppihyvaksyntanro]] -> e11*95/54*0061*00 | I20: ='Ajoneuvorekisteri-Parse Modern '!M136 -> 1720 | J20: =IF(AND( OR( ISNUMBER(SEARCH("XK ", G20)), ISNUMBER(SEARCH("XK8", G20)) ), F20 > 2005 ), 1, 0) -> 1 | K20: =IF(OR( ISNUMBER(SEARCH("XKR", G20)), ), 1, 0) -> 0 | L20: =IF(OR( ISNUMBER(SEARCH("COUPE", G20)), ISNUMBER(SEARCH("COUPÉ", G20)), ISNUMBER(SEARCH("COUP�", G20)) ), 1, 0) -> 0 | M20: =IF(OR( ISNUMBER(SEARCH("CONVERTIBLE",G20)), ISNUMBER(SEARCH("AVOAUTO",G20)), ISNUMBER(SEARCH("AVO",G20)), ISNUMBER(SEARCH("CABRIO",G20)) ),1,0) -> 1 | N20: =IF(AND(Table34[[#This Row],[Coupe]]<>1, Table34[[#This Row],[Convertible]]<>1), 1, 0) -> 0 | O20: =IF(L20=1, "Coupe", IF(M20=1, "Convertible", "Unknown")) -> Convertible
A21: ='Ajoneuvorekisteri-Parse Modern '!AO2 -> 18635 | B21: ='Ajoneuvorekisteri-Parse Modern '!AN2 -> SAJJGAED4A | C21: {=_xlfn.LET(_xlpm.v,UPPER(SUBSTITUTE(CLEAN(TRIM(B21)),CHAR(160),"")),_xlpm.mkt,MID(_xlpm.v,4,1),_xlpm.trans,MID(_xlpm.v,5,1),_xlpm.body,MID(_xlpm.v,6,2),_xlpm.emis,MID(_xlpm.v,8,1),_xlpm.my,MID(_xlpm.v,10,1),_xlfn.IFS(AND(LEN(_xlpm.v)=10,LEFT(_xlpm.v,5)="SAJJG",OR(MID(_xlpm.v,7,1)="E",MID(_xlpm.v,7,1)="F"),OR(_xlpm.emis="D",_xlpm.emis="F"),OR(MID(_xlpm.v,9,1)="3",MID(_xlpm.v,9,1)="4"),_xlpm.my="A"),"X100_EARLY_NORMAL_AR (JDHT)",AND(LEN(_xlpm.v)=10,LEFT(_xlpm.v,5)="SAJJG",MID(_xlpm.v,6,1)="A",OR(MID(_xlpm.v,7,1)="E",MID(_xlpm.v,7,1)="F"),_xlpm.emis="D",OR(MID(_xlpm.v,9,1)="3",MID(_xlpm.v,9,1)="4"),OR(_xlpm.my="V",_xlpm.my="W",_xlpm.my="X")),"X100_NORMAL (JDHT)",AND(LEN(_xlpm.v)=10,LEFT(_xlpm.v,5)="SAJJG",OR(MID(_xlpm.v,6,1)="A",MID(_xlpm.v,6,1)="K",MID(_xlpm.v,6,1)="N",MID(_xlpm.v,6,1)="X"),OR(MID(_xlpm.v,7,1)="E",MID(_xlpm.v,7,1)="F"),OR(_xlpm.emis="D",_xlpm.emis="F"),OR(MID(_xlpm.v,9,1)="3",MID(_xlpm.v,9,1)="4"),OR(_xlpm.my="V",_xlpm.my="W",_xlpm.my="X")),"X100_JLM20300",AND(LEN(_xlpm.v)=10,LEFT(_xlpm.v,5)="SAJJG",OR(MID(_xlpm.v,6,1)="N",MID(_xlpm.v,6,1)="S",MID(_xlpm.v,6,1)="X"),OR(MID(_xlpm.v,7,1)="E",MID(_xlpm.v,7,1)="F"),OR(_xlpm.emis="D",_xlpm.emis="F"),OR(MID(_xlpm.v,9,1)="3",MID(_xlpm.v,9,1)="4"),OR(MID(_xlpm.v,10,1)="V",MID(_xlpm.v,10,1)="W",MID(_xlpm.v,10,1)="X")),"X100_JLM20301",AND(LEN(_xlpm.v)=10,LEFT(_xlpm.v,5)="SAJGX",OR(MID(_xlpm.v,6,1)="2",MID(_xlpm.v,6,1)="5"),OR(MID(_xlpm.v,7,1)="1",MID(_xlpm.v,7,1)="2",MID(_xlpm.v,7,1)="7"),MID(_xlpm.v,8,1)="4",OR(MID(_xlpm.v,10,1)="V",MID(_xlpm.v,10,1)="W",MID(_xlpm.v,10,1)="X")),"X100_AMERICAS_UNIQUE (JLM20301_unique)",AND(LEN(_xlpm.v)=10,LEFT(_xlpm.v,3)="SAJ",OR(_xlpm.mkt="A",_xlpm.mkt="B",_xlpm.mkt="F",_xlpm.mkt="G",_xlpm.mkt="X",_xlpm.mkt="P",_xlpm.mkt="R",_xlpm.mkt="T",_xlpm.mkt="Y",_xlpm.mkt="D",_xlpm.mkt="E",_xlpm.mkt="J",_xlpm.mkt="W"),OR(_xlpm.trans="A",_xlpm.trans="B"),OR(_xlpm.body="41",_xlpm.body="42"),IFERROR(AND(CODE(_xlpm.emis)>=65,CODE(_xlpm.emis)<=88),FALSE),OR(_xlpm.my="X",_xlpm.my="Y",_xlpm.my="1",_xlpm.my="2",_xlpm.my="3",_xlpm.my="4",_xlpm.my="5",_xlpm.my="6",_xlpm.my="7",_xlpm.my="8",_xlpm.my="9")),"XK8-XKR_"&IF(_xlpm.body="41","COUPE_","CONVERTIBLE_")&IF(ISNUMBER(FIND(_xlpm.mkt,"DEJW")),"USA",IF(ISNUMBER(FIND(_xlpm.mkt,"BFGX")),"CANADA","MEXICO"))&IF(_xlpm.trans="A","_AUTO_LHD","_MANUAL_LHD")&"_EMISSION_"&_xlpm.emis&IF(_xlpm.my="X","_1999",IF(_xlpm.my="Y","_2000","_200"&_xlpm.my))&"MY",AND(LEN(_xlpm.v)=10,LEFT(_xlpm.v,3)="SAJ",OR(_xlpm.mkt="A",_xlpm.mkt="B",_xlpm.mkt="D",_xlpm.mkt="E",_xlpm.mkt="F",_xlpm.mkt="J",_xlpm.mkt="K",_xlpm.mkt="P",_xlpm.mkt="R",_xlpm.mkt="W",_xlpm.mkt="X",_xlpm.mkt="Y"),OR(_xlpm.trans="A",_xlpm.trans="C"),OR(_xlpm.body="43",_xlpm.body="4D",_xlpm.body="44",_xlpm.body="4E",_xlpm.body="45",_xlpm.body="46",_xlpm.body="47",_xlpm.body="4F",_xlpm.body="4G"),OR(_xlpm.emis="A",_xlpm.emis="B",_xlpm.emis="C",_xlpm.emis="D",_xlpm.emis="E",_xlpm.emis="F",_xlpm.emis="G",_xlpm.emis="K",_xlpm.emis="N",_xlpm.emis="P",_xlpm.emis="R",_xlpm.emis="S",_xlpm.emis="T",_xlpm.emis="U",_xlpm.emis="V",_xlpm.emis="W",_xlpm.emis="X",_xlpm.emis="Y",_xlpm.emis="1",_xlpm.emis="2",_xlpm.emis="3",_xlpm.emis="4"),OR(_xlpm.my="7",_xlpm.my="8",_xlpm.my="9",_xlpm.my="A",_xlpm.my="B",_xlpm.my="C",_xlpm.my="D",_xlpm.my="E")),"X150_"&IF(_xlpm.my="7","2007MY",IF(_xlpm.my="8","2008MY",IF(_xlpm.my="9","2009MY",IF(_xlpm.my="A","2010MY",IF(_xlpm.my="B","2011MY",IF(_xlpm.my="C","2012MY",IF(_xlpm.my="D","2013MY",IF(_xlpm.my="E","2014MY","UNKNOWN_MY"))))))))&"_MARKET_"&_xlpm.mkt&"_TRANS_"&_xlpm.trans&"_BODY_"&_xlpm.body&"_EMISSION_"&_xlpm.emis&"_CHECK_"&MID(_xlpm.v,9,1),TRUE,IF(LEN(_xlpm.v)<>10,"UNKNOWN: [length="&LEN(_xlpm.v)&"]",IF(LEFT(_xlpm.v,3)<>"SAJ","UNKNOWN: [prefix="&LEFT(_xlpm.v,3)&"]",IF(LEFT(_xlpm.v,5)="SAJJG",IF(NOT(OR(MID(_xlpm.v,7,1)="E",MID(_xlpm.v,7,1)="F")),"UNKNOWN: [7="&MID(_xlpm.v,7,1)&"]",IF(NOT(OR(_xlpm.emis="D",_xlpm.emis="F")),"UNKNOWN: [8="&_xlpm.emis&"]",IF(NOT(OR(MID(_xlpm.v,9,1)="3",MID(_xlpm.v,9,1)="4")),"UNKNOWN: [9="&MID(_xlpm.v,9,1)&"]",IF(NOT(OR(_xlpm.my="A",_xlpm.my="V",_xlpm.my="W",_xlpm.my="X")),"UNKNOWN: [10="&_xlpm.my&"]","UNKNOWN")))),IF(LEFT(_xlpm.v,5)="SAJGX",IF(NOT(OR(MID(_xlpm.v,6,1)="2",MID(_xlpm.v,6,1)="5")),"UNKNOWN: [6="&MID(_xlpm.v,6,1)&"]",IF(NOT(OR(MID(_xlpm.v,7,1)="1",MID(_xlpm.v,7,1)="2",MID(_xlpm.v,7,1)="7")),"UNKNOWN: [7="&MID(_xlpm.v,7,1)&"]",IF(MID(_xlpm.v,8,1)<>"4","UNKNOWN: [8="&MID(_xlpm.v,8,1)&"]",IF(NOT(OR(_xlpm.my="V",_xlpm.my="W",_xlpm.my="X")),"UNKNOWN: [10="&_xlpm.my&"]","UNKNOWN")))),IF(NOT(OR(_xlpm.mkt="A",_xlpm.mkt="B",_xlpm.mkt="F",_xlpm.mkt="G",_xlpm.mkt="X",_xlpm.mkt="P",_xlpm.mkt="R",_xlpm.mkt="T",_xlpm.mkt="Y",_xlpm.mkt="D",_xlpm.mkt="E",_xlpm.mkt="J",_xlpm.mkt="W",_xlpm.mkt="K")),"UNKNOWN: [4="&_xlpm.mkt&"]",IF(NOT(OR(_xlpm.trans="A",_xlpm.trans="B",_xlpm.trans="C")),"UNKNOWN: [5="&_xlpm.trans&"]",IF(NOT(OR(_xlpm.body="41",_xlpm.body="42",_xlpm.body="43",_xlpm.body="4D",_xlpm.body="44",_xlpm.body="45",_xlpm.body="46",_xlpm.body="47",_xlpm.body="4F")),"UNKNOWN: [6-7="&_xlpm.body&"]",IF(NOT(ISNUMBER(SEARCH(_xlpm.emis,"ABCDEFGKNPRSTUVWXY1234"))),"UNKNOWN: [8="&_xlpm.emis&"]",IF(NOT(OR(_xlpm.my="X",_xlpm.my="Y",_xlpm.my="1",_xlpm.my="2",_xlpm.my="3",_xlpm.my="4",_xlpm.my="5",_xlpm.my="6",_xlpm.my="7",_xlpm.my="8",_xlpm.my="9",_xlpm.my="A",_xlpm.my="B",_xlpm.my="C",_xlpm.my="D",_xlpm.my="E")),"UNKNOWN: [10="&_xlpm.my&"]","UNKNOWN")))))))))))} -> X100_EARLY_NORMAL_AR (JDHT) | D21: {=_xlfn.LET(_xlpm.vin,SUBSTITUTE(CLEAN(TRIM(B21)),CHAR(160),""),_xlpm.rawDate,LEFT(TRIM(E21)&"",8),_xlpm.useDate,IF(RIGHT(_xlpm.rawDate,4)="0000",LEFT(_xlpm.rawDate,4)&"1231",_xlpm.rawDate),_xlpm.bodyCode,MID(_xlpm.vin,6,2),_xlpm.yearCode,MID(_xlpm.vin,10,1),IF(OR(LEN(_xlpm.vin)<>10,LEN(_xlpm.rawDate)<>8),"UNKNOWN",IF(OR(_xlpm.bodyCode="43",_xlpm.bodyCode="4D",_xlpm.bodyCode="44",_xlpm.bodyCode="4E",_xlpm.bodyCode="45",_xlpm.bodyCode="4F",_xlpm.bodyCode="46",_xlpm.bodyCode="4G",_xlpm.bodyCode="47"),_xlfn.SWITCH(_xlpm.yearCode,"6","B00379–B06783","7","B06784–B20074","8","B20075–B27986","9","B27987–B32752","A","B32753–B38853","B","B38854–B44939","C","B44940–B48619","D","B48620–B54164","E","B54165–B56794","F","B56795+","UNKNOWN"),IF(_xlpm.useDate<"19960601","001001–001245",IF(_xlpm.useDate<"19970101","001246–008106",IF(_xlpm.useDate<"19970801","008107–018107",IF(_xlpm.useDate<"19980101","018108–023017",IF(_xlpm.useDate<"19980201","023018–024686",IF(_xlpm.useDate<"19980801","024687–031302",IF(_xlpm.useDate<"19990801","031303–036193",IF(_xlpm.useDate<"20010101","036194–042775",IF(OR(_xlpm.bodyCode="41",_xlpm.bodyCode="42"),_xlfn.SWITCH(_xlpm.yearCode,"Y","A00001–A11050","1","A11051–A22928","2","A22929–A30644","3","A30645–A36873","4","A36874–A42347","5","A42348–A48684","UNKNOWN"),"UNKNOWN"))))))))))))} -> 008107–018107 | E21: ='Ajoneuvorekisteri-Parse Modern '!G2 -> 19970404 | F21: =LEFT(Table34[[#This Row],[Käyttöönotto]],4) -> 1997 | G21: ='Ajoneuvorekisteri-Parse Modern '!AA2 -> COUPE XK8 4.0-AUTOMATIC-JGED/259 | H21: =Ajoneuvorekisteri_Parse_Modern_XK_Range_TieliikenneAvoinData_30_06_2026_csv[[#This Row],[tyyppihyvaksyntanro]] | I21: ='Ajoneuvorekisteri-Parse Modern '!M2 -> 1720 | J21: =IF(AND( OR( ISNUMBER(SEARCH("XK ", G21)), ISNUMBER(SEARCH("XK8", G21)) ), F21 > 2005 ), 1, 0) -> 1 | K21: =IF(OR( ISNUMBER(SEARCH("XKR", G21)), ), 1, 0) -> 0 | L21: =IF(OR( ISNUMBER(SEARCH("COUPE", G21)), ISNUMBER(SEARCH("COUPÉ", G21)), ISNUMBER(SEARCH("COUP�", G21)) ), 1, 0) -> 1 | M21: =IF(OR( ISNUMBER(SEARCH("CONVERTIBLE",G21)), ISNUMBER(SEARCH("AVOAUTO",G21)), ISNUMBER(SEARCH("AVO",G21)), ISNUMBER(SEARCH("CABRIO",G21)) ),1,0) -> 0 | N21: =IF(AND(Table34[[#This Row],[Coupe]]<>1, Table34[[#This Row],[Convertible]]<>1), 1, 0) -> 0 | O21: =IF(L21=1, "Coupe", IF(M21=1, "Convertible", "Unknown")) -> Coupe
A22: ='Ajoneuvorekisteri-Parse Modern '!AO80 -> 2059466 | B22: ='Ajoneuvorekisteri-Parse Modern '!AN80 -> SAJGX2740V | C22: {=_xlfn.LET(_xlpm.v,UPPER(SUBSTITUTE(CLEAN(TRIM(B22)),CHAR(160),"")),_xlpm.mkt,MID(_xlpm.v,4,1),_xlpm.trans,MID(_xlpm.v,5,1),_xlpm.body,MID(_xlpm.v,6,2),_xlpm.emis,MID(_xlpm.v,8,1),_xlpm.my,MID(_xlpm.v,10,1),_xlfn.IFS(AND(LEN(_xlpm.v)=10,LEFT(_xlpm.v,5)="SAJJG",OR(MID(_xlpm.v,7,1)="E",MID(_xlpm.v,7,1)="F"),OR(_xlpm.emis="D",_xlpm.emis="F"),OR(MID(_xlpm.v,9,1)="3",MID(_xlpm.v,9,1)="4"),_xlpm.my="A"),"X100_EARLY_NORMAL_AR (JDHT)",AND(LEN(_xlpm.v)=10,LEFT(_xlpm.v,5)="SAJJG",MID(_xlpm.v,6,1)="A",OR(MID(_xlpm.v,7,1)="E",MID(_xlpm.v,7,1)="F"),_xlpm.emis="D",OR(MID(_xlpm.v,9,1)="3",MID(_xlpm.v,9,1)="4"),OR(_xlpm.my="V",_xlpm.my="W",_xlpm.my="X")),"X100_NORMAL (JDHT)",AND(LEN(_xlpm.v)=10,LEFT(_xlpm.v,5)="SAJJG",OR(MID(_xlpm.v,6,1)="A",MID(_xlpm.v,6,1)="K",MID(_xlpm.v,6,1)="N",MID(_xlpm.v,6,1)="X"),OR(MID(_xlpm.v,7,1)="E",MID(_xlpm.v,7,1)="F"),OR(_xlpm.emis="D",_xlpm.emis="F"),OR(MID(_xlpm.v,9,1)="3",MID(_xlpm.v,9,1)="4"),OR(_xlpm.my="V",_xlpm.my="W",_xlpm.my="X")),"X100_JLM20300",AND(LEN(_xlpm.v)=10,LEFT(_xlpm.v,5)="SAJJG",OR(MID(_xlpm.v,6,1)="N",MID(_xlpm.v,6,1)="S",MID(_xlpm.v,6,1)="X"),OR(MID(_xlpm.v,7,1)="E",MID(_xlpm.v,7,1)="F"),OR(_xlpm.emis="D",_xlpm.emis="F"),OR(MID(_xlpm.v,9,1)="3",MID(_xlpm.v,9,1)="4"),OR(MID(_xlpm.v,10,1)="V",MID(_xlpm.v,10,1)="W",MID(_xlpm.v,10,1)="X")),"X100_JLM20301",AND(LEN(_xlpm.v)=10,LEFT(_xlpm.v,5)="SAJGX",OR(MID(_xlpm.v,6,1)="2",MID(_xlpm.v,6,1)="5"),OR(MID(_xlpm.v,7,1)="1",MID(_xlpm.v,7,1)="2",MID(_xlpm.v,7,1)="7"),MID(_xlpm.v,8,1)="4",OR(MID(_xlpm.v,10,1)="V",MID(_xlpm.v,10,1)="W",MID(_xlpm.v,10,1)="X")),"X100_AMERICAS_UNIQUE (JLM20301_unique)",AND(LEN(_xlpm.v)=10,LEFT(_xlpm.v,3)="SAJ",OR(_xlpm.mkt="A",_xlpm.mkt="B",_xlpm.mkt="F",_xlpm.mkt="G",_xlpm.mkt="X",_xlpm.mkt="P",_xlpm.mkt="R",_xlpm.mkt="T",_xlpm.mkt="Y",_xlpm.mkt="D",_xlpm.mkt="E",_xlpm.mkt="J",_xlpm.mkt="W"),OR(_xlpm.trans="A",_xlpm.trans="B"),OR(_xlpm.body="41",_xlpm.body="42"),IFERROR(AND(CODE(_xlpm.emis)>=65,CODE(_xlpm.emis)<=88),FALSE),OR(_xlpm.my="X",_xlpm.my="Y",_xlpm.my="1",_xlpm.my="2",_xlpm.my="3",_xlpm.my="4",_xlpm.my="5",_xlpm.my="6",_xlpm.my="7",_xlpm.my="8",_xlpm.my="9")),"XK8-XKR_"&IF(_xlpm.body="41","COUPE_","CONVERTIBLE_")&IF(ISNUMBER(FIND(_xlpm.mkt,"DEJW")),"USA",IF(ISNUMBER(FIND(_xlpm.mkt,"BFGX")),"CANADA","MEXICO"))&IF(_xlpm.trans="A","_AUTO_LHD","_MANUAL_LHD")&"_EMISSION_"&_xlpm.emis&IF(_xlpm.my="X","_1999",IF(_xlpm.my="Y","_2000","_200"&_xlpm.my))&"MY",AND(LEN(_xlpm.v)=10,LEFT(_xlpm.v,3)="SAJ",OR(_xlpm.mkt="A",_xlpm.mkt="B",_xlpm.mkt="D",_xlpm.mkt="E",_xlpm.mkt="F",_xlpm.mkt="J",_xlpm.mkt="K",_xlpm.mkt="P",_xlpm.mkt="R",_xlpm.mkt="W",_xlpm.mkt="X",_xlpm.mkt="Y"),OR(_xlpm.trans="A",_xlpm.trans="C"),OR(_xlpm.body="43",_xlpm.body="4D",_xlpm.body="44",_xlpm.body="4E",_xlpm.body="45",_xlpm.body="46",_xlpm.body="47",_xlpm.body="4F",_xlpm.body="4G"),OR(_xlpm.emis="A",_xlpm.emis="B",_xlpm.emis="C",_xlpm.emis="D",_xlpm.emis="E",_xlpm.emis="F",_xlpm.emis="G",_xlpm.emis="K",_xlpm.emis="N",_xlpm.emis="P",_xlpm.emis="R",_xlpm.emis="S",_xlpm.emis="T",_xlpm.emis="U",_xlpm.emis="V",_xlpm.emis="W",_xlpm.emis="X",_xlpm.emis="Y",_xlpm.emis="1",_xlpm.emis="2",_xlpm.emis="3",_xlpm.emis="4"),OR(_xlpm.my="7",_xlpm.my="8",_xlpm.my="9",_xlpm.my="A",_xlpm.my="B",_xlpm.my="C",_xlpm.my="D",_xlpm.my="E")),"X150_"&IF(_xlpm.my="7","2007MY",IF(_xlpm.my="8","2008MY",IF(_xlpm.my="9","2009MY",IF(_xlpm.my="A","2010MY",IF(_xlpm.my="B","2011MY",IF(_xlpm.my="C","2012MY",IF(_xlpm.my="D","2013MY",IF(_xlpm.my="E","2014MY","UNKNOWN_MY"))))))))&"_MARKET_"&_xlpm.mkt&"_TRANS_"&_xlpm.trans&"_BODY_"&_xlpm.body&"_EMISSION_"&_xlpm.emis&"_CHECK_"&MID(_xlpm.v,9,1),TRUE,IF(LEN(_xlpm.v)<>10,"UNKNOWN: [length="&LEN(_xlpm.v)&"]",IF(LEFT(_xlpm.v,3)<>"SAJ","UNKNOWN: [prefix="&LEFT(_xlpm.v,3)&"]",IF(LEFT(_xlpm.v,5)="SAJJG",IF(NOT(OR(MID(_xlpm.v,7,1)="E",MID(_xlpm.v,7,1)="F")),"UNKNOWN: [7="&MID(_xlpm.v,7,1)&"]",IF(NOT(OR(_xlpm.emis="D",_xlpm.emis="F")),"UNKNOWN: [8="&_xlpm.emis&"]",IF(NOT(OR(MID(_xlpm.v,9,1)="3",MID(_xlpm.v,9,1)="4")),"UNKNOWN: [9="&MID(_xlpm.v,9,1)&"]",IF(NOT(OR(_xlpm.my="A",_xlpm.my="V",_xlpm.my="W",_xlpm.my="X")),"UNKNOWN: [10="&_xlpm.my&"]","UNKNOWN")))),IF(LEFT(_xlpm.v,5)="SAJGX",IF(NOT(OR(MID(_xlpm.v,6,1)="2",MID(_xlpm.v,6,1)="5")),"UNKNOWN: [6="&MID(_xlpm.v,6,1)&"]",IF(NOT(OR(MID(_xlpm.v,7,1)="1",MID(_xlpm.v,7,1)="2",MID(_xlpm.v,7,1)="7")),"UNKNOWN: [7="&MID(_xlpm.v,7,1)&"]",IF(MID(_xlpm.v,8,1)<>"4","UNKNOWN: [8="&MID(_xlpm.v,8,1)&"]",IF(NOT(OR(_xlpm.my="V",_xlpm.my="W",_xlpm.my="X")),"UNKNOWN: [10="&_xlpm.my&"]","UNKNOWN")))),IF(NOT(OR(_xlpm.mkt="A",_xlpm.mkt="B",_xlpm.mkt="F",_xlpm.mkt="G",_xlpm.mkt="X",_xlpm.mkt="P",_xlpm.mkt="R",_xlpm.mkt="T",_xlpm.mkt="Y",_xlpm.mkt="D",_xlpm.mkt="E",_xlpm.mkt="J",_xlpm.mkt="W",_xlpm.mkt="K")),"UNKNOWN: [4="&_xlpm.mkt&"]",IF(NOT(OR(_xlpm.trans="A",_xlpm.trans="B",_xlpm.trans="C")),"UNKNOWN: [5="&_xlpm.trans&"]",IF(NOT(OR(_xlpm.body="41",_xlpm.body="42",_xlpm.body="43",_xlpm.body="4D",_xlpm.body="44",_xlpm.body="45",_xlpm.body="46",_xlpm.body="47",_xlpm.body="4F")),"UNKNOWN: [6-7="&_xlpm.body&"]",IF(NOT(ISNUMBER(SEARCH(_xlpm.emis,"ABCDEFGKNPRSTUVWXY1234"))),"UNKNOWN: [8="&_xlpm.emis&"]",IF(NOT(OR(_xlpm.my="X",_xlpm.my="Y",_xlpm.my="1",_xlpm.my="2",_xlpm.my="3",_xlpm.my="4",_xlpm.my="5",_xlpm.my="6",_xlpm.my="7",_xlpm.my="8",_xlpm.my="9",_xlpm.my="A",_xlpm.my="B",_xlpm.my="C",_xlpm.my="D",_xlpm.my="E")),"UNKNOWN: [10="&_xlpm.my&"]","UNKNOWN")))))))))))} -> X100_AMERICAS_UNIQUE (JLM20301_unique) | D22: {=_xlfn.LET(_xlpm.vin,SUBSTITUTE(CLEAN(TRIM(B22)),CHAR(160),""),_xlpm.rawDate,LEFT(TRIM(E22)&"",8),_xlpm.useDate,IF(RIGHT(_xlpm.rawDate,4)="0000",LEFT(_xlpm.rawDate,4)&"1231",_xlpm.rawDate),_xlpm.bodyCode,MID(_xlpm.vin,6,2),_xlpm.yearCode,MID(_xlpm.vin,10,1),IF(OR(LEN(_xlpm.vin)<>10,LEN(_xlpm.rawDate)<>8),"UNKNOWN",IF(OR(_xlpm.bodyCode="43",_xlpm.bodyCode="4D",_xlpm.bodyCode="44",_xlpm.bodyCode="4E",_xlpm.bodyCode="45",_xlpm.bodyCode="4F",_xlpm.bodyCode="46",_xlpm.bodyCode="4G",_xlpm.bodyCode="47"),_xlfn.SWITCH(_xlpm.yearCode,"6","B00379–B06783","7","B06784–B20074","8","B20075–B27986","9","B27987–B32752","A","B32753–B38853","B","B38854–B44939","C","B44940–B48619","D","B48620–B54164","E","B54165–B56794","F","B56795+","UNKNOWN"),IF(_xlpm.useDate<"19960601","001001–001245",IF(_xlpm.useDate<"19970101","001246–008106",IF(_xlpm.useDate<"19970801","008107–018107",IF(_xlpm.useDate<"19980101","018108–023017",IF(_xlpm.useDate<"19980201","023018–024686",IF(_xlpm.useDate<"19980801","024687–031302",IF(_xlpm.useDate<"19990801","031303–036193",IF(_xlpm.useDate<"20010101","036194–042775",IF(OR(_xlpm.bodyCode="41",_xlpm.bodyCode="42"),_xlfn.SWITCH(_xlpm.yearCode,"Y","A00001–A11050","1","A11051–A22928","2","A22929–A30644","3","A30645–A36873","4","A36874–A42347","5","A42348–A48684","UNKNOWN"),"UNKNOWN"))))))))))))} -> 008107–018107 | E22: ='Ajoneuvorekisteri-Parse Modern '!G80 -> 19970415 | F22: =LEFT(Table34[[#This Row],[Käyttöönotto]],4) -> 1997 | G22: ='Ajoneuvorekisteri-Parse Modern '!AA80 -> XK 8 Avoauto (AE) 2ov 3990cm3 | H22: =Ajoneuvorekisteri_Parse_Modern_XK_Range_TieliikenneAvoinData_30_06_2026_csv[[#This Row],[tyyppihyvaksyntanro]] | I22: ='Ajoneuvorekisteri-Parse Modern '!M80 -> 1810 | J22: =IF(AND( OR( ISNUMBER(SEARCH("XK ", G22)), ISNUMBER(SEARCH("XK8", G22)) ), F22 > 2005 ), 1, 0) -> 1 | K22: =IF(OR( ISNUMBER(SEARCH("XKR", G22)), ), 1, 0) -> 0 | L22: =IF(OR( ISNUMBER(SEARCH("COUPE", G22)), ISNUMBER(SEARCH("COUPÉ", G22)), ISNUMBER(SEARCH("COUP�", G22)) ), 1, 0) -> 0 | M22: =IF(OR( ISNUMBER(SEARCH("CONVERTIBLE",G22)), ISNUMBER(SEARCH("AVOAUTO",G22)), ISNUMBER(SEARCH("AVO",G22)), ISNUMBER(SEARCH("CABRIO",G22)) ),1,0) -> 1 | N22: =IF(AND(Table34[[#This Row],[Coupe]]<>1, Table34[[#This Row],[Convertible]]<>1), 1, 0) -> 0 | O22: =IF(L22=1, "Coupe", IF(M22=1, "Convertible", "Unknown")) -> Convertible
A23: ='Ajoneuvorekisteri-Parse Modern '!AO19 -> 627492 | B23: ='Ajoneuvorekisteri-Parse Modern '!AN19 -> SAJJGAED4A | C23: {=_xlfn.LET(_xlpm.v,UPPER(SUBSTITUTE(CLEAN(TRIM(B23)),CHAR(160),"")),_xlpm.mkt,MID(_xlpm.v,4,1),_xlpm.trans,MID(_xlpm.v,5,1),_xlpm.body,MID(_xlpm.v,6,2),_xlpm.emis,MID(_xlpm.v,8,1),_xlpm.my,MID(_xlpm.v,10,1),_xlfn.IFS(AND(LEN(_xlpm.v)=10,LEFT(_xlpm.v,5)="SAJJG",OR(MID(_xlpm.v,7,1)="E",MID(_xlpm.v,7,1)="F"),OR(_xlpm.emis="D",_xlpm.emis="F"),OR(MID(_xlpm.v,9,1)="3",MID(_xlpm.v,9,1)="4"),_xlpm.my="A"),"X100_EARLY_NORMAL_AR (JDHT)",AND(LEN(_xlpm.v)=10,LEFT(_xlpm.v,5)="SAJJG",MID(_xlpm.v,6,1)="A",OR(MID(_xlpm.v,7,1)="E",MID(_xlpm.v,7,1)="F"),_xlpm.emis="D",OR(MID(_xlpm.v,9,1)="3",MID(_xlpm.v,9,1)="4"),OR(_xlpm.my="V",_xlpm.my="W",_xlpm.my="X")),"X100_NORMAL (JDHT)",AND(LEN(_xlpm.v)=10,LEFT(_xlpm.v,5)="SAJJG",OR(MID(_xlpm.v,6,1)="A",MID(_xlpm.v,6,1)="K",MID(_xlpm.v,6,1)="N",MID(_xlpm.v,6,1)="X"),OR(MID(_xlpm.v,7,1)="E",MID(_xlpm.v,7,1)="F"),OR(_xlpm.emis="D",_xlpm.emis="F"),OR(MID(_xlpm.v,9,1)="3",MID(_xlpm.v,9,1)="4"),OR(_xlpm.my="V",_xlpm.my="W",_xlpm.my="X")),"X100_JLM20300",AND(LEN(_xlpm.v)=10,LEFT(_xlpm.v,5)="SAJJG",OR(MID(_xlpm.v,6,1)="N",MID(_xlpm.v,6,1)="S",MID(_xlpm.v,6,1)="X"),OR(MID(_xlpm.v,7,1)="E",MID(_xlpm.v,7,1)="F"),OR(_xlpm.emis="D",_xlpm.emis="F"),OR(MID(_xlpm.v,9,1)="3",MID(_xlpm.v,9,1)="4"),OR(MID(_xlpm.v,10,1)="V",MID(_xlpm.v,10,1)="W",MID(_xlpm.v,10,1)="X")),"X100_JLM20301",AND(LEN(_xlpm.v)=10,LEFT(_xlpm.v,5)="SAJGX",OR(MID(_xlpm.v,6,1)="2",MID(_xlpm.v,6,1)="5"),OR(MID(_xlpm.v,7,1)="1",MID(_xlpm.v,7,1)="2",MID(_xlpm.v,7,1)="7"),MID(_xlpm.v,8,1)="4",OR(MID(_xlpm.v,10,1)="V",MID(_xlpm.v,10,1)="W",MID(_xlpm.v,10,1)="X")),"X100_AMERICAS_UNIQUE (JLM20301_unique)",AND(LEN(_xlpm.v)=10,LEFT(_xlpm.v,3)="SAJ",OR(_xlpm.mkt="A",_xlpm.mkt="B",_xlpm.mkt="F",_xlpm.mkt="G",_xlpm.mkt="X",_xlpm.mkt="P",_xlpm.mkt="R",_xlpm.mkt="T",_xlpm.mkt="Y",_xlpm.mkt="D",_xlpm.mkt="E",_xlpm.mkt="J",_xlpm.mkt="W"),OR(_xlpm.trans="A",_xlpm.trans="B"),OR(_xlpm.body="41",_xlpm.body="42"),IFERROR(AND(CODE(_xlpm.emis)>=65,CODE(_xlpm.emis)<=88),FALSE),OR(_xlpm.my="X",_xlpm.my="Y",_xlpm.my="1",_xlpm.my="2",_xlpm.my="3",_xlpm.my="4",_xlpm.my="5",_xlpm.my="6",_xlpm.my="7",_xlpm.my="8",_xlpm.my="9")),"XK8-XKR_"&IF(_xlpm.body="41","COUPE_","CONVERTIBLE_")&IF(ISNUMBER(FIND(_xlpm.mkt,"DEJW")),"USA",IF(ISNUMBER(FIND(_xlpm.mkt,"BFGX")),"CANADA","MEXICO"))&IF(_xlpm.trans="A","_AUTO_LHD","_MANUAL_LHD")&"_EMISSION_"&_xlpm.emis&IF(_xlpm.my="X","_1999",IF(_xlpm.my="Y","_2000","_200"&_xlpm.my))&"MY",AND(LEN(_xlpm.v)=10,LEFT(_xlpm.v,3)="SAJ",OR(_xlpm.mkt="A",_xlpm.mkt="B",_xlpm.mkt="D",_xlpm.mkt="E",_xlpm.mkt="F",_xlpm.mkt="J",_xlpm.mkt="K",_xlpm.mkt="P",_xlpm.mkt="R",_xlpm.mkt="W",_xlpm.mkt="X",_xlpm.mkt="Y"),OR(_xlpm.trans="A",_xlpm.trans="C"),OR(_xlpm.body="43",_xlpm.body="4D",_xlpm.body="44",_xlpm.body="4E",_xlpm.body="45",_xlpm.body="46",_xlpm.body="47",_xlpm.body="4F",_xlpm.body="4G"),OR(_xlpm.emis="A",_xlpm.emis="B",_xlpm.emis="C",_xlpm.emis="D",_xlpm.emis="E",_xlpm.emis="F",_xlpm.emis="G",_xlpm.emis="K",_xlpm.emis="N",_xlpm.emis="P",_xlpm.emis="R",_xlpm.emis="S",_xlpm.emis="T",_xlpm.emis="U",_xlpm.emis="V",_xlpm.emis="W",_xlpm.emis="X",_xlpm.emis="Y",_xlpm.emis="1",_xlpm.emis="2",_xlpm.emis="3",_xlpm.emis="4"),OR(_xlpm.my="7",_xlpm.my="8",_xlpm.my="9",_xlpm.my="A",_xlpm.my="B",_xlpm.my="C",_xlpm.my="D",_xlpm.my="E")),"X150_"&IF(_xlpm.my="7","2007MY",IF(_xlpm.my="8","2008MY",IF(_xlpm.my="9","2009MY",IF(_xlpm.my="A","2010MY",IF(_xlpm.my="B","2011MY",IF(_xlpm.my="C","2012MY",IF(_xlpm.my="D","2013MY",IF(_xlpm.my="E","2014MY","UNKNOWN_MY"))))))))&"_MARKET_"&_xlpm.mkt&"_TRANS_"&_xlpm.trans&"_BODY_"&_xlpm.body&"_EMISSION_"&_xlpm.emis&"_CHECK_"&MID(_xlpm.v,9,1),TRUE,IF(LEN(_xlpm.v)<>10,"UNKNOWN: [length="&LEN(_xlpm.v)&"]",IF(LEFT(_xlpm.v,3)<>"SAJ","UNKNOWN: [prefix="&LEFT(_xlpm.v,3)&"]",IF(LEFT(_xlpm.v,5)="SAJJG",IF(NOT(OR(MID(_xlpm.v,7,1)="E",MID(_xlpm.v,7,1)="F")),"UNKNOWN: [7="&MID(_xlpm.v,7,1)&"]",IF(NOT(OR(_xlpm.emis="D",_xlpm.emis="F")),"UNKNOWN: [8="&_xlpm.emis&"]",IF(NOT(OR(MID(_xlpm.v,9,1)="3",MID(_xlpm.v,9,1)="4")),"UNKNOWN: [9="&MID(_xlpm.v,9,1)&"]",IF(NOT(OR(_xlpm.my="A",_xlpm.my="V",_xlpm.my="W",_xlpm.my="X")),"UNKNOWN: [10="&_xlpm.my&"]","UNKNOWN")))),IF(LEFT(_xlpm.v,5)="SAJGX",IF(NOT(OR(MID(_xlpm.v,6,1)="2",MID(_xlpm.v,6,1)="5")),"UNKNOWN: [6="&MID(_xlpm.v,6,1)&"]",IF(NOT(OR(MID(_xlpm.v,7,1)="1",MID(_xlpm.v,7,1)="2",MID(_xlpm.v,7,1)="7")),"UNKNOWN: [7="&MID(_xlpm.v,7,1)&"]",IF(MID(_xlpm.v,8,1)<>"4","UNKNOWN: [8="&MID(_xlpm.v,8,1)&"]",IF(NOT(OR(_xlpm.my="V",_xlpm.my="W",_xlpm.my="X")),"UNKNOWN: [10="&_xlpm.my&"]","UNKNOWN")))),IF(NOT(OR(_xlpm.mkt="A",_xlpm.mkt="B",_xlpm.mkt="F",_xlpm.mkt="G",_xlpm.mkt="X",_xlpm.mkt="P",_xlpm.mkt="R",_xlpm.mkt="T",_xlpm.mkt="Y",_xlpm.mkt="D",_xlpm.mkt="E",_xlpm.mkt="J",_xlpm.mkt="W",_xlpm.mkt="K")),"UNKNOWN: [4="&_xlpm.mkt&"]",IF(NOT(OR(_xlpm.trans="A",_xlpm.trans="B",_xlpm.trans="C")),"UNKNOWN: [5="&_xlpm.trans&"]",IF(NOT(OR(_xlpm.body="41",_xlpm.body="42",_xlpm.body="43",_xlpm.body="4D",_xlpm.body="44",_xlpm.body="45",_xlpm.body="46",_xlpm.body="47",_xlpm.body="4F")),"UNKNOWN: [6-7="&_xlpm.body&"]",IF(NOT(ISNUMBER(SEARCH(_xlpm.emis,"ABCDEFGKNPRSTUVWXY1234"))),"UNKNOWN: [8="&_xlpm.emis&"]",IF(NOT(OR(_xlpm.my="X",_xlpm.my="Y",_xlpm.my="1",_xlpm.my="2",_xlpm.my="3",_xlpm.my="4",_xlpm.my="5",_xlpm.my="6",_xlpm.my="7",_xlpm.my="8",_xlpm.my="9",_xlpm.my="A",_xlpm.my="B",_xlpm.my="C",_xlpm.my="D",_xlpm.my="E")),"UNKNOWN: [10="&_xlpm.my&"]","UNKNOWN")))))))))))} -> X100_EARLY_NORMAL_AR (JDHT) | D23: {=_xlfn.LET(_xlpm.vin,SUBSTITUTE(CLEAN(TRIM(B23)),CHAR(160),""),_xlpm.rawDate,LEFT(TRIM(E23)&"",8),_xlpm.useDate,IF(RIGHT(_xlpm.rawDate,4)="0000",LEFT(_xlpm.rawDate,4)&"1231",_xlpm.rawDate),_xlpm.bodyCode,MID(_xlpm.vin,6,2),_xlpm.yearCode,MID(_xlpm.vin,10,1),IF(OR(LEN(_xlpm.vin)<>10,LEN(_xlpm.rawDate)<>8),"UNKNOWN",IF(OR(_xlpm.bodyCode="43",_xlpm.bodyCode="4D",_xlpm.bodyCode="44",_xlpm.bodyCode="4E",_xlpm.bodyCode="45",_xlpm.bodyCode="4F",_xlpm.bodyCode="46",_xlpm.bodyCode="4G",_xlpm.bodyCode="47"),_xlfn.SWITCH(_xlpm.yearCode,"6","B00379–B06783","7","B06784–B20074","8","B20075–B27986","9","B27987–B32752","A","B32753–B38853","B","B38854–B44939","C","B44940–B48619","D","B48620–B54164","E","B54165–B56794","F","B56795+","UNKNOWN"),IF(_xlpm.useDate<"19960601","001001–001245",IF(_xlpm.useDate<"19970101","001246–008106",IF(_xlpm.useDate<"19970801","008107–018107",IF(_xlpm.useDate<"19980101","018108–023017",IF(_xlpm.useDate<"19980201","023018–024686",IF(_xlpm.useDate<"19980801","024687–031302",IF(_xlpm.useDate<"19990801","031303–036193",IF(_xlpm.useDate<"20010101","036194–042775",IF(OR(_xlpm.bodyCode="41",_xlpm.bodyCode="42"),_xlfn.SWITCH(_xlpm.yearCode,"Y","A00001–A11050","1","A11051–A22928","2","A22929–A30644","3","A30645–A36873","4","A36874–A42347","5","A42348–A48684","UNKNOWN"),"UNKNOWN"))))))))))))} -> 008107–018107 | E23: ='Ajoneuvorekisteri-Parse Modern '!G19 -> 19970516 | F23: =LEFT(Table34[[#This Row],[Käyttöönotto]],4) -> 1997 | G23: ='Ajoneuvorekisteri-Parse Modern '!AA19 -> COUPE XK8 4.0-AUTOMATIC-JGED/259 | H23: =Ajoneuvorekisteri_Parse_Modern_XK_Range_TieliikenneAvoinData_30_06_2026_csv[[#This Row],[tyyppihyvaksyntanro]] -> e11*95/54*0061*01 | I23: ='Ajoneuvorekisteri-Parse Modern '!M19 -> 1720 | J23: =IF(AND( OR( ISNUMBER(SEARCH("XK ", G23)), ISNUMBER(SEARCH("XK8", G23)) ), F23 > 2005 ), 1, 0) -> 1 | K23: =IF(OR( ISNUMBER(SEARCH("XKR", G23)), ), 1, 0) -> 0 | L23: =IF(OR( ISNUMBER(SEARCH("COUPE", G23)), ISNUMBER(SEARCH("COUPÉ", G23)), ISNUMBER(SEARCH("COUP�", G23)) ), 1, 0) -> 1 | M23: =IF(OR( ISNUMBER(SEARCH("CONVERTIBLE",G23)), ISNUMBER(SEARCH("AVOAUTO",G23)), ISNUMBER(SEARCH("AVO",G23)), ISNUMBER(SEARCH("CABRIO",G23)) ),1,0) -> 0 | N23: =IF(AND(Table34[[#This Row],[Coupe]]<>1, Table34[[#This Row],[Convertible]]<>1), 1, 0) -> 0 | O23: =IF(L23=1, "Coupe", IF(M23=1, "Convertible", "Unknown")) -> Coupe
A24: ='Ajoneuvorekisteri-Parse Modern '!AO83 -> 2064701 | B24: ='Ajoneuvorekisteri-Parse Modern '!AN83 -> SAJJGAED4A | C24: {=_xlfn.LET(_xlpm.v,UPPER(SUBSTITUTE(CLEAN(TRIM(B24)),CHAR(160),"")),_xlpm.mkt,MID(_xlpm.v,4,1),_xlpm.trans,MID(_xlpm.v,5,1),_xlpm.body,MID(_xlpm.v,6,2),_xlpm.emis,MID(_xlpm.v,8,1),_xlpm.my,MID(_xlpm.v,10,1),_xlfn.IFS(AND(LEN(_xlpm.v)=10,LEFT(_xlpm.v,5)="SAJJG",OR(MID(_xlpm.v,7,1)="E",MID(_xlpm.v,7,1)="F"),OR(_xlpm.emis="D",_xlpm.emis="F"),OR(MID(_xlpm.v,9,1)="3",MID(_xlpm.v,9,1)="4"),_xlpm.my="A"),"X100_EARLY_NORMAL_AR (JDHT)",AND(LEN(_xlpm.v)=10,LEFT(_xlpm.v,5)="SAJJG",MID(_xlpm.v,6,1)="A",OR(MID(_xlpm.v,7,1)="E",MID(_xlpm.v,7,1)="F"),_xlpm.emis="D",OR(MID(_xlpm.v,9,1)="3",MID(_xlpm.v,9,1)="4"),OR(_xlpm.my="V",_xlpm.my="W",_xlpm.my="X")),"X100_NORMAL (JDHT)",AND(LEN(_xlpm.v)=10,LEFT(_xlpm.v,5)="SAJJG",OR(MID(_xlpm.v,6,1)="A",MID(_xlpm.v,6,1)="K",MID(_xlpm.v,6,1)="N",MID(_xlpm.v,6,1)="X"),OR(MID(_xlpm.v,7,1)="E",MID(_xlpm.v,7,1)="F"),OR(_xlpm.emis="D",_xlpm.emis="F"),OR(MID(_xlpm.v,9,1)="3",MID(_xlpm.v,9,1)="4"),OR(_xlpm.my="V",_xlpm.my="W",_xlpm.my="X")),"X100_JLM20300",AND(LEN(_xlpm.v)=10,LEFT(_xlpm.v,5)="SAJJG",OR(MID(_xlpm.v,6,1)="N",MID(_xlpm.v,6,1)="S",MID(_xlpm.v,6,1)="X"),OR(MID(_xlpm.v,7,1)="E",MID(_xlpm.v,7,1)="F"),OR(_xlpm.emis="D",_xlpm.emis="F"),OR(MID(_xlpm.v,9,1)="3",MID(_xlpm.v,9,1)="4"),OR(MID(_xlpm.v,10,1)="V",MID(_xlpm.v,10,1)="W",MID(_xlpm.v,10,1)="X")),"X100_JLM20301",AND(LEN(_xlpm.v)=10,LEFT(_xlpm.v,5)="SAJGX",OR(MID(_xlpm.v,6,1)="2",MID(_xlpm.v,6,1)="5"),OR(MID(_xlpm.v,7,1)="1",MID(_xlpm.v,7,1)="2",MID(_xlpm.v,7,1)="7"),MID(_xlpm.v,8,1)="4",OR(MID(_xlpm.v,10,1)="V",MID(_xlpm.v,10,1)="W",MID(_xlpm.v,10,1)="X")),"X100_AMERICAS_UNIQUE (JLM20301_unique)",AND(LEN(_xlpm.v)=10,LEFT(_xlpm.v,3)="SAJ",OR(_xlpm.mkt="A",_xlpm.mkt="B",_xlpm.mkt="F",_xlpm.mkt="G",_xlpm.mkt="X",_xlpm.mkt="P",_xlpm.mkt="R",_xlpm.mkt="T",_xlpm.mkt="Y",_xlpm.mkt="D",_xlpm.mkt="E",_xlpm.mkt="J",_xlpm.mkt="W"),OR(_xlpm.trans="A",_xlpm.trans="B"),OR(_xlpm.body="41",_xlpm.body="42"),IFERROR(AND(CODE(_xlpm.emis)>=65,CODE(_xlpm.emis)<=88),FALSE),OR(_xlpm.my="X",_xlpm.my="Y",_xlpm.my="1",_xlpm.my="2",_xlpm.my="3",_xlpm.my="4",_xlpm.my="5",_xlpm.my="6",_xlpm.my="7",_xlpm.my="8",_xlpm.my="9")),"XK8-XKR_"&IF(_xlpm.body="41","COUPE_","CONVERTIBLE_")&IF(ISNUMBER(FIND(_xlpm.mkt,"DEJW")),"USA",IF(ISNUMBER(FIND(_xlpm.mkt,"BFGX")),"CANADA","MEXICO"))&IF(_xlpm.trans="A","_AUTO_LHD","_MANUAL_LHD")&"_EMISSION_"&_xlpm.emis&IF(_xlpm.my="X","_1999",IF(_xlpm.my="Y","_2000","_200"&_xlpm.my))&"MY",AND(LEN(_xlpm.v)=10,LEFT(_xlpm.v,3)="SAJ",OR(_xlpm.mkt="A",_xlpm.mkt="B",_xlpm.mkt="D",_xlpm.mkt="E",_xlpm.mkt="F",_xlpm.mkt="J",_xlpm.mkt="K",_xlpm.mkt="P",_xlpm.mkt="R",_xlpm.mkt="W",_xlpm.mkt="X",_xlpm.mkt="Y"),OR(_xlpm.trans="A",_xlpm.trans="C"),OR(_xlpm.body="43",_xlpm.body="4D",_xlpm.body="44",_xlpm.body="4E",_xlpm.body="45",_xlpm.body="46",_xlpm.body="47",_xlpm.body="4F",_xlpm.body="4G"),OR(_xlpm.emis="A",_xlpm.emis="B",_xlpm.emis="C",_xlpm.emis="D",_xlpm.emis="E",_xlpm.emis="F",_xlpm.emis="G",_xlpm.emis="K",_xlpm.emis="N",_xlpm.emis="P",_xlpm.emis="R",_xlpm.emis="S",_xlpm.emis="T",_xlpm.emis="U",_xlpm.emis="V",_xlpm.emis="W",_xlpm.emis="X",_xlpm.emis="Y",_xlpm.emis="1",_xlpm.emis="2",_xlpm.emis="3",_xlpm.emis="4"),OR(_xlpm.my="7",_xlpm.my="8",_xlpm.my="9",_xlpm.my="A",_xlpm.my="B",_xlpm.my="C",_xlpm.my="D",_xlpm.my="E")),"X150_"&IF(_xlpm.my="7","2007MY",IF(_xlpm.my="8","2008MY",IF(_xlpm.my="9","2009MY",IF(_xlpm.my="A","2010MY",IF(_xlpm.my="B","2011MY",IF(_xlpm.my="C","2012MY",IF(_xlpm.my="D","2013MY",IF(_xlpm.my="E","2014MY","UNKNOWN_MY"))))))))&"_MARKET_"&_xlpm.mkt&"_TRANS_"&_xlpm.trans&"_BODY_"&_xlpm.body&"_EMISSION_"&_xlpm.emis&"_CHECK_"&MID(_xlpm.v,9,1),TRUE,IF(LEN(_xlpm.v)<>10,"UNKNOWN: [length="&LEN(_xlpm.v)&"]",IF(LEFT(_xlpm.v,3)<>"SAJ","UNKNOWN: [prefix="&LEFT(_xlpm.v,3)&"]",IF(LEFT(_xlpm.v,5)="SAJJG",IF(NOT(OR(MID(_xlpm.v,7,1)="E",MID(_xlpm.v,7,1)="F")),"UNKNOWN: [7="&MID(_xlpm.v,7,1)&"]",IF(NOT(OR(_xlpm.emis="D",_xlpm.emis="F")),"UNKNOWN: [8="&_xlpm.emis&"]",IF(NOT(OR(MID(_xlpm.v,9,1)="3",MID(_xlpm.v,9,1)="4")),"UNKNOWN: [9="&MID(_xlpm.v,9,1)&"]",IF(NOT(OR(_xlpm.my="A",_xlpm.my="V",_xlpm.my="W",_xlpm.my="X")),"UNKNOWN: [10="&_xlpm.my&"]","UNKNOWN")))),IF(LEFT(_xlpm.v,5)="SAJGX",IF(NOT(OR(MID(_xlpm.v,6,1)="2",MID(_xlpm.v,6,1)="5")),"UNKNOWN: [6="&MID(_xlpm.v,6,1)&"]",IF(NOT(OR(MID(_xlpm.v,7,1)="1",MID(_xlpm.v,7,1)="2",MID(_xlpm.v,7,1)="7")),"UNKNOWN: [7="&MID(_xlpm.v,7,1)&"]",IF(MID(_xlpm.v,8,1)<>"4","UNKNOWN: [8="&MID(_xlpm.v,8,1)&"]",IF(NOT(OR(_xlpm.my="V",_xlpm.my="W",_xlpm.my="X")),"UNKNOWN: [10="&_xlpm.my&"]","UNKNOWN")))),IF(NOT(OR(_xlpm.mkt="A",_xlpm.mkt="B",_xlpm.mkt="F",_xlpm.mkt="G",_xlpm.mkt="X",_xlpm.mkt="P",_xlpm.mkt="R",_xlpm.mkt="T",_xlpm.mkt="Y",_xlpm.mkt="D",_xlpm.mkt="E",_xlpm.mkt="J",_xlpm.mkt="W",_xlpm.mkt="K")),"UNKNOWN: [4="&_xlpm.mkt&"]",IF(NOT(OR(_xlpm.trans="A",_xlpm.trans="B",_xlpm.trans="C")),"UNKNOWN: [5="&_xlpm.trans&"]",IF(NOT(OR(_xlpm.body="41",_xlpm.body="42",_xlpm.body="43",_xlpm.body="4D",_xlpm.body="44",_xlpm.body="45",_xlpm.body="46",_xlpm.body="47",_xlpm.body="4F")),"UNKNOWN: [6-7="&_xlpm.body&"]",IF(NOT(ISNUMBER(SEARCH(_xlpm.emis,"ABCDEFGKNPRSTUVWXY1234"))),"UNKNOWN: [8="&_xlpm.emis&"]",IF(NOT(OR(_xlpm.my="X",_xlpm.my="Y",_xlpm.my="1",_xlpm.my="2",_xlpm.my="3",_xlpm.my="4",_xlpm.my="5",_xlpm.my="6",_xlpm.my="7",_xlpm.my="8",_xlpm.my="9",_xlpm.my="A",_xlpm.my="B",_xlpm.my="C",_xlpm.my="D",_xlpm.my="E")),"UNKNOWN: [10="&_xlpm.my&"]","UNKNOWN")))))))))))} -> X100_EARLY_NORMAL_AR (JDHT) | D24: {=_xlfn.LET(_xlpm.vin,SUBSTITUTE(CLEAN(TRIM(B24)),CHAR(160),""),_xlpm.rawDate,LEFT(TRIM(E24)&"",8),_xlpm.useDate,IF(RIGHT(_xlpm.rawDate,4)="0000",LEFT(_xlpm.rawDate,4)&"1231",_xlpm.rawDate),_xlpm.bodyCode,MID(_xlpm.vin,6,2),_xlpm.yearCode,MID(_xlpm.vin,10,1),IF(OR(LEN(_xlpm.vin)<>10,LEN(_xlpm.rawDate)<>8),"UNKNOWN",IF(OR(_xlpm.bodyCode="43",_xlpm.bodyCode="4D",_xlpm.bodyCode="44",_xlpm.bodyCode="4E",_xlpm.bodyCode="45",_xlpm.bodyCode="4F",_xlpm.bodyCode="46",_xlpm.bodyCode="4G",_xlpm.bodyCode="47"),_xlfn.SWITCH(_xlpm.yearCode,"6","B00379–B06783","7","B06784–B20074","8","B20075–B27986","9","B27987–B32752","A","B32753–B38853","B","B38854–B44939","C","B44940–B48619","D","B48620–B54164","E","B54165–B56794","F","B56795+","UNKNOWN"),IF(_xlpm.useDate<"19960601","001001–001245",IF(_xlpm.useDate<"19970101","001246–008106",IF(_xlpm.useDate<"19970801","008107–018107",IF(_xlpm.useDate<"19980101","018108–023017",IF(_xlpm.useDate<"19980201","023018–024686",IF(_xlpm.useDate<"19980801","024687–031302",IF(_xlpm.useDate<"19990801","031303–036193",IF(_xlpm.useDate<"20010101","036194–042775",IF(OR(_xlpm.bodyCode="41",_xlpm.bodyCode="42"),_xlfn.SWITCH(_xlpm.yearCode,"Y","A00001–A11050","1","A11051–A22928","2","A22929–A30644","3","A30645–A36873","4","A36874–A42347","5","A42348–A48684","UNKNOWN"),"UNKNOWN"))))))))))))} -> 008107–018107 | E24: ='Ajoneuvorekisteri-Parse Modern '!G83 -> 19970527 | F24: =LEFT(Table34[[#This Row],[Käyttöönotto]],4) -> 1997 | G24: ='Ajoneuvorekisteri-Parse Modern '!AA83 -> XK Coup� (AD) 2ov 3996cm3 A | H24: =Ajoneuvorekisteri_Parse_Modern_XK_Range_TieliikenneAvoinData_30_06_2026_csv[[#This Row],[tyyppihyvaksyntanro]] -> e11*95/54*0061*02 | I24: ='Ajoneuvorekisteri-Parse Modern '!M83 -> 1720 | J24: =IF(AND( OR( ISNUMBER(SEARCH("XK ", G24)), ISNUMBER(SEARCH("XK8", G24)) ), F24 > 2005 ), 1, 0) -> 1 | K24: =IF(OR( ISNUMBER(SEARCH("XKR", G24)), ), 1, 0) -> 0 | L24: =IF(OR( ISNUMBER(SEARCH("COUPE", G24)), ISNUMBER(SEARCH("COUPÉ", G24)), ISNUMBER(SEARCH("COUP�", G24)) ), 1, 0) -> 1 | M24: =IF(OR( ISNUMBER(SEARCH("CONVERTIBLE",G24)), ISNUMBER(SEARCH("AVOAUTO",G24)), ISNUMBER(SEARCH("AVO",G24)), ISNUMBER(SEARCH("CABRIO",G24)) ),1,0) -> 0 | N24: =IF(AND(Table34[[#This Row],[Coupe]]<>1, Table34[[#This Row],[Convertible]]<>1), 1, 0) -> 0 | O24: =IF(L24=1, "Coupe", IF(M24=1, "Convertible", "Unknown")) -> Coupe
A25: ='Ajoneuvorekisteri-Parse Modern '!AO226 -> 3777734 | B25: ='Ajoneuvorekisteri-Parse Modern '!AN226 -> SAJJGAED4A | C25: {=_xlfn.LET(_xlpm.v,UPPER(SUBSTITUTE(CLEAN(TRIM(B25)),CHAR(160),"")),_xlpm.mkt,MID(_xlpm.v,4,1),_xlpm.trans,MID(_xlpm.v,5,1),_xlpm.body,MID(_xlpm.v,6,2),_xlpm.emis,MID(_xlpm.v,8,1),_xlpm.my,MID(_xlpm.v,10,1),_xlfn.IFS(AND(LEN(_xlpm.v)=10,LEFT(_xlpm.v,5)="SAJJG",OR(MID(_xlpm.v,7,1)="E",MID(_xlpm.v,7,1)="F"),OR(_xlpm.emis="D",_xlpm.emis="F"),OR(MID(_xlpm.v,9,1)="3",MID(_xlpm.v,9,1)="4"),_xlpm.my="A"),"X100_EARLY_NORMAL_AR (JDHT)",AND(LEN(_xlpm.v)=10,LEFT(_xlpm.v,5)="SAJJG",MID(_xlpm.v,6,1)="A",OR(MID(_xlpm.v,7,1)="E",MID(_xlpm.v,7,1)="F"),_xlpm.emis="D",OR(MID(_xlpm.v,9,1)="3",MID(_xlpm.v,9,1)="4"),OR(_xlpm.my="V",_xlpm.my="W",_xlpm.my="X")),"X100_NORMAL (JDHT)",AND(LEN(_xlpm.v)=10,LEFT(_xlpm.v,5)="SAJJG",OR(MID(_xlpm.v,6,1)="A",MID(_xlpm.v,6,1)="K",MID(_xlpm.v,6,1)="N",MID(_xlpm.v,6,1)="X"),OR(MID(_xlpm.v,7,1)="E",MID(_xlpm.v,7,1)="F"),OR(_xlpm.emis="D",_xlpm.emis="F"),OR(MID(_xlpm.v,9,1)="3",MID(_xlpm.v,9,1)="4"),OR(_xlpm.my="V",_xlpm.my="W",_xlpm.my="X")),"X100_JLM20300",AND(LEN(_xlpm.v)=10,LEFT(_xlpm.v,5)="SAJJG",OR(MID(_xlpm.v,6,1)="N",MID(_xlpm.v,6,1)="S",MID(_xlpm.v,6,1)="X"),OR(MID(_xlpm.v,7,1)="E",MID(_xlpm.v,7,1)="F"),OR(_xlpm.emis="D",_xlpm.emis="F"),OR(MID(_xlpm.v,9,1)="3",MID(_xlpm.v,9,1)="4"),OR(MID(_xlpm.v,10,1)="V",MID(_xlpm.v,10,1)="W",MID(_xlpm.v,10,1)="X")),"X100_JLM20301",AND(LEN(_xlpm.v)=10,LEFT(_xlpm.v,5)="SAJGX",OR(MID(_xlpm.v,6,1)="2",MID(_xlpm.v,6,1)="5"),OR(MID(_xlpm.v,7,1)="1",MID(_xlpm.v,7,1)="2",MID(_xlpm.v,7,1)="7"),MID(_xlpm.v,8,1)="4",OR(MID(_xlpm.v,10,1)="V",MID(_xlpm.v,10,1)="W",MID(_xlpm.v,10,1)="X")),"X100_AMERICAS_UNIQUE (JLM20301_unique)",AND(LEN(_xlpm.v)=10,LEFT(_xlpm.v,3)="SAJ",OR(_xlpm.mkt="A",_xlpm.mkt="B",_xlpm.mkt="F",_xlpm.mkt="G",_xlpm.mkt="X",_xlpm.mkt="P",_xlpm.mkt="R",_xlpm.mkt="T",_xlpm.mkt="Y",_xlpm.mkt="D",_xlpm.mkt="E",_xlpm.mkt="J",_xlpm.mkt="W"),OR(_xlpm.trans="A",_xlpm.trans="B"),OR(_xlpm.body="41",_xlpm.body="42"),IFERROR(AND(CODE(_xlpm.emis)>=65,CODE(_xlpm.emis)<=88),FALSE),OR(_xlpm.my="X",_xlpm.my="Y",_xlpm.my="1",_xlpm.my="2",_xlpm.my="3",_xlpm.my="4",_xlpm.my="5",_xlpm.my="6",_xlpm.my="7",_xlpm.my="8",_xlpm.my="9")),"XK8-XKR_"&IF(_xlpm.body="41","COUPE_","CONVERTIBLE_")&IF(ISNUMBER(FIND(_xlpm.mkt,"DEJW")),"USA",IF(ISNUMBER(FIND(_xlpm.mkt,"BFGX")),"CANADA","MEXICO"))&IF(_xlpm.trans="A","_AUTO_LHD","_MANUAL_LHD")&"_EMISSION_"&_xlpm.emis&IF(_xlpm.my="X","_1999",IF(_xlpm.my="Y","_2000","_200"&_xlpm.my))&"MY",AND(LEN(_xlpm.v)=10,LEFT(_xlpm.v,3)="SAJ",OR(_xlpm.mkt="A",_xlpm.mkt="B",_xlpm.mkt="D",_xlpm.mkt="E",_xlpm.mkt="F",_xlpm.mkt="J",_xlpm.mkt="K",_xlpm.mkt="P",_xlpm.mkt="R",_xlpm.mkt="W",_xlpm.mkt="X",_xlpm.mkt="Y"),OR(_xlpm.trans="A",_xlpm.trans="C"),OR(_xlpm.body="43",_xlpm.body="4D",_xlpm.body="44",_xlpm.body="4E",_xlpm.body="45",_xlpm.body="46",_xlpm.body="47",_xlpm.body="4F",_xlpm.body="4G"),OR(_xlpm.emis="A",_xlpm.emis="B",_xlpm.emis="C",_xlpm.emis="D",_xlpm.emis="E",_xlpm.emis="F",_xlpm.emis="G",_xlpm.emis="K",_xlpm.emis="N",_xlpm.emis="P",_xlpm.emis="R",_xlpm.emis="S",_xlpm.emis="T",_xlpm.emis="U",_xlpm.emis="V",_xlpm.emis="W",_xlpm.emis="X",_xlpm.emis="Y",_xlpm.emis="1",_xlpm.emis="2",_xlpm.emis="3",_xlpm.emis="4"),OR(_xlpm.my="7",_xlpm.my="8",_xlpm.my="9",_xlpm.my="A",_xlpm.my="B",_xlpm.my="C",_xlpm.my="D",_xlpm.my="E")),"X150_"&IF(_xlpm.my="7","2007MY",IF(_xlpm.my="8","2008MY",IF(_xlpm.my="9","2009MY",IF(_xlpm.my="A","2010MY",IF(_xlpm.my="B","2011MY",IF(_xlpm.my="C","2012MY",IF(_xlpm.my="D","2013MY",IF(_xlpm.my="E","2014MY","UNKNOWN_MY"))))))))&"_MARKET_"&_xlpm.mkt&"_TRANS_"&_xlpm.trans&"_BODY_"&_xlpm.body&"_EMISSION_"&_xlpm.emis&"_CHECK_"&MID(_xlpm.v,9,1),TRUE,IF(LEN(_xlpm.v)<>10,"UNKNOWN: [length="&LEN(_xlpm.v)&"]",IF(LEFT(_xlpm.v,3)<>"SAJ","UNKNOWN: [prefix="&LEFT(_xlpm.v,3)&"]",IF(LEFT(_xlpm.v,5)="SAJJG",IF(NOT(OR(MID(_xlpm.v,7,1)="E",MID(_xlpm.v,7,1)="F")),"UNKNOWN: [7="&MID(_xlpm.v,7,1)&"]",IF(NOT(OR(_xlpm.emis="D",_xlpm.emis="F")),"UNKNOWN: [8="&_xlpm.emis&"]",IF(NOT(OR(MID(_xlpm.v,9,1)="3",MID(_xlpm.v,9,1)="4")),"UNKNOWN: [9="&MID(_xlpm.v,9,1)&"]",IF(NOT(OR(_xlpm.my="A",_xlpm.my="V",_xlpm.my="W",_xlpm.my="X")),"UNKNOWN: [10="&_xlpm.my&"]","UNKNOWN")))),IF(LEFT(_xlpm.v,5)="SAJGX",IF(NOT(OR(MID(_xlpm.v,6,1)="2",MID(_xlpm.v,6,1)="5")),"UNKNOWN: [6="&MID(_xlpm.v,6,1)&"]",IF(NOT(OR(MID(_xlpm.v,7,1)="1",MID(_xlpm.v,7,1)="2",MID(_xlpm.v,7,1)="7")),"UNKNOWN: [7="&MID(_xlpm.v,7,1)&"]",IF(MID(_xlpm.v,8,1)<>"4","UNKNOWN: [8="&MID(_xlpm.v,8,1)&"]",IF(NOT(OR(_xlpm.my="V",_xlpm.my="W",_xlpm.my="X")),"UNKNOWN: [10="&_xlpm.my&"]","UNKNOWN")))),IF(NOT(OR(_xlpm.mkt="A",_xlpm.mkt="B",_xlpm.mkt="F",_xlpm.mkt="G",_xlpm.mkt="X",_xlpm.mkt="P",_xlpm.mkt="R",_xlpm.mkt="T",_xlpm.mkt="Y",_xlpm.mkt="D",_xlpm.mkt="E",_xlpm.mkt="J",_xlpm.mkt="W",_xlpm.mkt="K")),"UNKNOWN: [4="&_xlpm.mkt&"]",IF(NOT(OR(_xlpm.trans="A",_xlpm.trans="B",_xlpm.trans="C")),"UNKNOWN: [5="&_xlpm.trans&"]",IF(NOT(OR(_xlpm.body="41",_xlpm.body="42",_xlpm.body="43",_xlpm.body="4D",_xlpm.body="44",_xlpm.body="45",_xlpm.body="46",_xlpm.body="47",_xlpm.body="4F")),"UNKNOWN: [6-7="&_xlpm.body&"]",IF(NOT(ISNUMBER(SEARCH(_xlpm.emis,"ABCDEFGKNPRSTUVWXY1234"))),"UNKNOWN: [8="&_xlpm.emis&"]",IF(NOT(OR(_xlpm.my="X",_xlpm.my="Y",_xlpm.my="1",_xlpm.my="2",_xlpm.my="3",_xlpm.my="4",_xlpm.my="5",_xlpm.my="6",_xlpm.my="7",_xlpm.my="8",_xlpm.my="9",_xlpm.my="A",_xlpm.my="B",_xlpm.my="C",_xlpm.my="D",_xlpm.my="E")),"UNKNOWN: [10="&_xlpm.my&"]","UNKNOWN")))))))))))} -> X100_EARLY_NORMAL_AR (JDHT) | D25: {=_xlfn.LET(_xlpm.vin,SUBSTITUTE(CLEAN(TRIM(B25)),CHAR(160),""),_xlpm.rawDate,LEFT(TRIM(E25)&"",8),_xlpm.useDate,IF(RIGHT(_xlpm.rawDate,4)="0000",LEFT(_xlpm.rawDate,4)&"1231",_xlpm.rawDate),_xlpm.bodyCode,MID(_xlpm.vin,6,2),_xlpm.yearCode,MID(_xlpm.vin,10,1),IF(OR(LEN(_xlpm.vin)<>10,LEN(_xlpm.rawDate)<>8),"UNKNOWN",IF(OR(_xlpm.bodyCode="43",_xlpm.bodyCode="4D",_xlpm.bodyCode="44",_xlpm.bodyCode="4E",_xlpm.bodyCode="45",_xlpm.bodyCode="4F",_xlpm.bodyCode="46",_xlpm.bodyCode="4G",_xlpm.bodyCode="47"),_xlfn.SWITCH(_xlpm.yearCode,"6","B00379–B06783","7","B06784–B20074","8","B20075–B27986","9","B27987–B32752","A","B32753–B38853","B","B38854–B44939","C","B44940–B48619","D","B48620–B54164","E","B54165–B56794","F","B56795+","UNKNOWN"),IF(_xlpm.useDate<"19960601","001001–001245",IF(_xlpm.useDate<"19970101","001246–008106",IF(_xlpm.useDate<"19970801","008107–018107",IF(_xlpm.useDate<"19980101","018108–023017",IF(_xlpm.useDate<"19980201","023018–024686",IF(_xlpm.useDate<"19980801","024687–031302",IF(_xlpm.useDate<"19990801","031303–036193",IF(_xlpm.useDate<"20010101","036194–042775",IF(OR(_xlpm.bodyCode="41",_xlpm.bodyCode="42"),_xlfn.SWITCH(_xlpm.yearCode,"Y","A00001–A11050","1","A11051–A22928","2","A22929–A30644","3","A30645–A36873","4","A36874–A42347","5","A42348–A48684","UNKNOWN"),"UNKNOWN"))))))))))))} -> 008107–018107 | E25: ='Ajoneuvorekisteri-Parse Modern '!G226 -> 19970602 | F25: =LEFT(Table34[[#This Row],[Käyttöönotto]],4) -> 1997 | G25: ='Ajoneuvorekisteri-Parse Modern '!AA226 -> XK8 COUPE Coup� (AD) 2ov 3990cm3 | H25: =Ajoneuvorekisteri_Parse_Modern_XK_Range_TieliikenneAvoinData_30_06_2026_csv[[#This Row],[tyyppihyvaksyntanro]] -> e11*2001/116*0272*00 | I25: ='Ajoneuvorekisteri-Parse Modern '!M226 -> 1690 | J25: =IF(AND( OR( ISNUMBER(SEARCH("XK ", G25)), ISNUMBER(SEARCH("XK8", G25)) ), F25 > 2005 ), 1, 0) -> 1 | K25: =IF(OR( ISNUMBER(SEARCH("XKR", G25)), ), 1, 0) -> 0 | L25: =IF(OR( ISNUMBER(SEARCH("COUPE", G25)), ISNUMBER(SEARCH("COUPÉ", G25)), ISNUMBER(SEARCH("COUP�", G25)) ), 1, 0) -> 1 | M25: =IF(OR( ISNUMBER(SEARCH("CONVERTIBLE",G25)), ISNUMBER(SEARCH("AVOAUTO",G25)), ISNUMBER(SEARCH("AVO",G25)), ISNUMBER(SEARCH("CABRIO",G25)) ),1,0) -> 0 | N25: =IF(AND(Table34[[#This Row],[Coupe]]<>1, Table34[[#This Row],[Convertible]]<>1), 1, 0) -> 0 | O25: =IF(L25=1, "Coupe", IF(M25=1, "Convertible", "Unknown")) -> Coupe
A26: ='Ajoneuvorekisteri-Parse Modern '!AO27 -> 928493 | B26: ='Ajoneuvorekisteri-Parse Modern '!AN27 -> SAJJGAED4A | C26: {=_xlfn.LET(_xlpm.v,UPPER(SUBSTITUTE(CLEAN(TRIM(B26)),CHAR(160),"")),_xlpm.mkt,MID(_xlpm.v,4,1),_xlpm.trans,MID(_xlpm.v,5,1),_xlpm.body,MID(_xlpm.v,6,2),_xlpm.emis,MID(_xlpm.v,8,1),_xlpm.my,MID(_xlpm.v,10,1),_xlfn.IFS(AND(LEN(_xlpm.v)=10,LEFT(_xlpm.v,5)="SAJJG",OR(MID(_xlpm.v,7,1)="E",MID(_xlpm.v,7,1)="F"),OR(_xlpm.emis="D",_xlpm.emis="F"),OR(MID(_xlpm.v,9,1)="3",MID(_xlpm.v,9,1)="4"),_xlpm.my="A"),"X100_EARLY_NORMAL_AR (JDHT)",AND(LEN(_xlpm.v)=10,LEFT(_xlpm.v,5)="SAJJG",MID(_xlpm.v,6,1)="A",OR(MID(_xlpm.v,7,1)="E",MID(_xlpm.v,7,1)="F"),_xlpm.emis="D",OR(MID(_xlpm.v,9,1)="3",MID(_xlpm.v,9,1)="4"),OR(_xlpm.my="V",_xlpm.my="W",_xlpm.my="X")),"X100_NORMAL (JDHT)",AND(LEN(_xlpm.v)=10,LEFT(_xlpm.v,5)="SAJJG",OR(MID(_xlpm.v,6,1)="A",MID(_xlpm.v,6,1)="K",MID(_xlpm.v,6,1)="N",MID(_xlpm.v,6,1)="X"),OR(MID(_xlpm.v,7,1)="E",MID(_xlpm.v,7,1)="F"),OR(_xlpm.emis="D",_xlpm.emis="F"),OR(MID(_xlpm.v,9,1)="3",MID(_xlpm.v,9,1)="4"),OR(_xlpm.my="V",_xlpm.my="W",_xlpm.my="X")),"X100_JLM20300",AND(LEN(_xlpm.v)=10,LEFT(_xlpm.v,5)="SAJJG",OR(MID(_xlpm.v,6,1)="N",MID(_xlpm.v,6,1)="S",MID(_xlpm.v,6,1)="X"),OR(MID(_xlpm.v,7,1)="E",MID(_xlpm.v,7,1)="F"),OR(_xlpm.emis="D",_xlpm.emis="F"),OR(MID(_xlpm.v,9,1)="3",MID(_xlpm.v,9,1)="4"),OR(MID(_xlpm.v,10,1)="V",MID(_xlpm.v,10,1)="W",MID(_xlpm.v,10,1)="X")),"X100_JLM20301",AND(LEN(_xlpm.v)=10,LEFT(_xlpm.v,5)="SAJGX",OR(MID(_xlpm.v,6,1)="2",MID(_xlpm.v,6,1)="5"),OR(MID(_xlpm.v,7,1)="1",MID(_xlpm.v,7,1)="2",MID(_xlpm.v,7,1)="7"),MID(_xlpm.v,8,1)="4",OR(MID(_xlpm.v,10,1)="V",MID(_xlpm.v,10,1)="W",MID(_xlpm.v,10,1)="X")),"X100_AMERICAS_UNIQUE (JLM20301_unique)",AND(LEN(_xlpm.v)=10,LEFT(_xlpm.v,3)="SAJ",OR(_xlpm.mkt="A",_xlpm.mkt="B",_xlpm.mkt="F",_xlpm.mkt="G",_xlpm.mkt="X",_xlpm.mkt="P",_xlpm.mkt="R",_xlpm.mkt="T",_xlpm.mkt="Y",_xlpm.mkt="D",_xlpm.mkt="E",_xlpm.mkt="J",_xlpm.mkt="W"),OR(_xlpm.trans="A",_xlpm.trans="B"),OR(_xlpm.body="41",_xlpm.body="42"),IFERROR(AND(CODE(_xlpm.emis)>=65,CODE(_xlpm.emis)<=88),FALSE),OR(_xlpm.my="X",_xlpm.my="Y",_xlpm.my="1",_xlpm.my="2",_xlpm.my="3",_xlpm.my="4",_xlpm.my="5",_xlpm.my="6",_xlpm.my="7",_xlpm.my="8",_xlpm.my="9")),"XK8-XKR_"&IF(_xlpm.body="41","COUPE_","CONVERTIBLE_")&IF(ISNUMBER(FIND(_xlpm.mkt,"DEJW")),"USA",IF(ISNUMBER(FIND(_xlpm.mkt,"BFGX")),"CANADA","MEXICO"))&IF(_xlpm.trans="A","_AUTO_LHD","_MANUAL_LHD")&"_EMISSION_"&_xlpm.emis&IF(_xlpm.my="X","_1999",IF(_xlpm.my="Y","_2000","_200"&_xlpm.my))&"MY",AND(LEN(_xlpm.v)=10,LEFT(_xlpm.v,3)="SAJ",OR(_xlpm.mkt="A",_xlpm.mkt="B",_xlpm.mkt="D",_xlpm.mkt="E",_xlpm.mkt="F",_xlpm.mkt="J",_xlpm.mkt="K",_xlpm.mkt="P",_xlpm.mkt="R",_xlpm.mkt="W",_xlpm.mkt="X",_xlpm.mkt="Y"),OR(_xlpm.trans="A",_xlpm.trans="C"),OR(_xlpm.body="43",_xlpm.body="4D",_xlpm.body="44",_xlpm.body="4E",_xlpm.body="45",_xlpm.body="46",_xlpm.body="47",_xlpm.body="4F",_xlpm.body="4G"),OR(_xlpm.emis="A",_xlpm.emis="B",_xlpm.emis="C",_xlpm.emis="D",_xlpm.emis="E",_xlpm.emis="F",_xlpm.emis="G",_xlpm.emis="K",_xlpm.emis="N",_xlpm.emis="P",_xlpm.emis="R",_xlpm.emis="S",_xlpm.emis="T",_xlpm.emis="U",_xlpm.emis="V",_xlpm.emis="W",_xlpm.emis="X",_xlpm.emis="Y",_xlpm.emis="1",_xlpm.emis="2",_xlpm.emis="3",_xlpm.emis="4"),OR(_xlpm.my="7",_xlpm.my="8",_xlpm.my="9",_xlpm.my="A",_xlpm.my="B",_xlpm.my="C",_xlpm.my="D",_xlpm.my="E")),"X150_"&IF(_xlpm.my="7","2007MY",IF(_xlpm.my="8","2008MY",IF(_xlpm.my="9","2009MY",IF(_xlpm.my="A","2010MY",IF(_xlpm.my="B","2011MY",IF(_xlpm.my="C","2012MY",IF(_xlpm.my="D","2013MY",IF(_xlpm.my="E","2014MY","UNKNOWN_MY"))))))))&"_MARKET_"&_xlpm.mkt&"_TRANS_"&_xlpm.trans&"_BODY_"&_xlpm.body&"_EMISSION_"&_xlpm.emis&"_CHECK_"&MID(_xlpm.v,9,1),TRUE,IF(LEN(_xlpm.v)<>10,"UNKNOWN: [length="&LEN(_xlpm.v)&"]",IF(LEFT(_xlpm.v,3)<>"SAJ","UNKNOWN: [prefix="&LEFT(_xlpm.v,3)&"]",IF(LEFT(_xlpm.v,5)="SAJJG",IF(NOT(OR(MID(_xlpm.v,7,1)="E",MID(_xlpm.v,7,1)="F")),"UNKNOWN: [7="&MID(_xlpm.v,7,1)&"]",IF(NOT(OR(_xlpm.emis="D",_xlpm.emis="F")),"UNKNOWN: [8="&_xlpm.emis&"]",IF(NOT(OR(MID(_xlpm.v,9,1)="3",MID(_xlpm.v,9,1)="4")),"UNKNOWN: [9="&MID(_xlpm.v,9,1)&"]",IF(NOT(OR(_xlpm.my="A",_xlpm.my="V",_xlpm.my="W",_xlpm.my="X")),"UNKNOWN: [10="&_xlpm.my&"]","UNKNOWN")))),IF(LEFT(_xlpm.v,5)="SAJGX",IF(NOT(OR(MID(_xlpm.v,6,1)="2",MID(_xlpm.v,6,1)="5")),"UNKNOWN: [6="&MID(_xlpm.v,6,1)&"]",IF(NOT(OR(MID(_xlpm.v,7,1)="1",MID(_xlpm.v,7,1)="2",MID(_xlpm.v,7,1)="7")),"UNKNOWN: [7="&MID(_xlpm.v,7,1)&"]",IF(MID(_xlpm.v,8,1)<>"4","UNKNOWN: [8="&MID(_xlpm.v,8,1)&"]",IF(NOT(OR(_xlpm.my="V",_xlpm.my="W",_xlpm.my="X")),"UNKNOWN: [10="&_xlpm.my&"]","UNKNOWN")))),IF(NOT(OR(_xlpm.mkt="A",_xlpm.mkt="B",_xlpm.mkt="F",_xlpm.mkt="G",_xlpm.mkt="X",_xlpm.mkt="P",_xlpm.mkt="R",_xlpm.mkt="T",_xlpm.mkt="Y",_xlpm.mkt="D",_xlpm.mkt="E",_xlpm.mkt="J",_xlpm.mkt="W",_xlpm.mkt="K")),"UNKNOWN: [4="&_xlpm.mkt&"]",IF(NOT(OR(_xlpm.trans="A",_xlpm.trans="B",_xlpm.trans="C")),"UNKNOWN: [5="&_xlpm.trans&"]",IF(NOT(OR(_xlpm.body="41",_xlpm.body="42",_xlpm.body="43",_xlpm.body="4D",_xlpm.body="44",_xlpm.body="45",_xlpm.body="46",_xlpm.body="47",_xlpm.body="4F")),"UNKNOWN: [6-7="&_xlpm.body&"]",IF(NOT(ISNUMBER(SEARCH(_xlpm.emis,"ABCDEFGKNPRSTUVWXY1234"))),"UNKNOWN: [8="&_xlpm.emis&"]",IF(NOT(OR(_xlpm.my="X",_xlpm.my="Y",_xlpm.my="1",_xlpm.my="2",_xlpm.my="3",_xlpm.my="4",_xlpm.my="5",_xlpm.my="6",_xlpm.my="7",_xlpm.my="8",_xlpm.my="9",_xlpm.my="A",_xlpm.my="B",_xlpm.my="C",_xlpm.my="D",_xlpm.my="E")),"UNKNOWN: [10="&_xlpm.my&"]","UNKNOWN")))))))))))} -> X100_EARLY_NORMAL_AR (JDHT) | D26: {=_xlfn.LET(_xlpm.vin,SUBSTITUTE(CLEAN(TRIM(B26)),CHAR(160),""),_xlpm.rawDate,LEFT(TRIM(E26)&"",8),_xlpm.useDate,IF(RIGHT(_xlpm.rawDate,4)="0000",LEFT(_xlpm.rawDate,4)&"1231",_xlpm.rawDate),_xlpm.bodyCode,MID(_xlpm.vin,6,2),_xlpm.yearCode,MID(_xlpm.vin,10,1),IF(OR(LEN(_xlpm.vin)<>10,LEN(_xlpm.rawDate)<>8),"UNKNOWN",IF(OR(_xlpm.bodyCode="43",_xlpm.bodyCode="4D",_xlpm.bodyCode="44",_xlpm.bodyCode="4E",_xlpm.bodyCode="45",_xlpm.bodyCode="4F",_xlpm.bodyCode="46",_xlpm.bodyCode="4G",_xlpm.bodyCode="47"),_xlfn.SWITCH(_xlpm.yearCode,"6","B00379–B06783","7","B06784–B20074","8","B20075–B27986","9","B27987–B32752","A","B32753–B38853","B","B38854–B44939","C","B44940–B48619","D","B48620–B54164","E","B54165–B56794","F","B56795+","UNKNOWN"),IF(_xlpm.useDate<"19960601","001001–001245",IF(_xlpm.useDate<"19970101","001246–008106",IF(_xlpm.useDate<"19970801","008107–018107",IF(_xlpm.useDate<"19980101","018108–023017",IF(_xlpm.useDate<"19980201","023018–024686",IF(_xlpm.useDate<"19980801","024687–031302",IF(_xlpm.useDate<"19990801","031303–036193",IF(_xlpm.useDate<"20010101","036194–042775",IF(OR(_xlpm.bodyCode="41",_xlpm.bodyCode="42"),_xlfn.SWITCH(_xlpm.yearCode,"Y","A00001–A11050","1","A11051–A22928","2","A22929–A30644","3","A30645–A36873","4","A36874–A42347","5","A42348–A48684","UNKNOWN"),"UNKNOWN"))))))))))))} -> 008107–018107 | E26: ='Ajoneuvorekisteri-Parse Modern '!G27 -> 19970605 | F26: =LEFT(Table34[[#This Row],[Käyttöönotto]],4) -> 1997 | G26: ='Ajoneuvorekisteri-Parse Modern '!AA27 -> COUPE XK8 4.0-AUTOMATIC-JGED/259 | H26: =Ajoneuvorekisteri_Parse_Modern_XK_Range_TieliikenneAvoinData_30_06_2026_csv[[#This Row],[tyyppihyvaksyntanro]] -> e11*95/54*0061*03 | I26: ='Ajoneuvorekisteri-Parse Modern '!M27 -> 1720 | J26: =IF(AND( OR( ISNUMBER(SEARCH("XK ", G26)), ISNUMBER(SEARCH("XK8", G26)) ), F26 > 2005 ), 1, 0) -> 1 | K26: =IF(OR( ISNUMBER(SEARCH("XKR", G26)), ), 1, 0) -> 0 | L26: =IF(OR( ISNUMBER(SEARCH("COUPE", G26)), ISNUMBER(SEARCH("COUPÉ", G26)), ISNUMBER(SEARCH("COUP�", G26)) ), 1, 0) -> 1 | M26: =IF(OR( ISNUMBER(SEARCH("CONVERTIBLE",G26)), ISNUMBER(SEARCH("AVOAUTO",G26)), ISNUMBER(SEARCH("AVO",G26)), ISNUMBER(SEARCH("CABRIO",G26)) ),1,0) -> 0 | N26: =IF(AND(Table34[[#This Row],[Coupe]]<>1, Table34[[#This Row],[Convertible]]<>1), 1, 0) -> 0 | O26: =IF(L26=1, "Coupe", IF(M26=1, "Convertible", "Unknown")) -> Coupe
